16222,0,96,"The text introduces the policy, a section, or a group of practices, but it does not mention a specific practice."
14012,1,103,The text describes a specific data practice that is not covered by our label scheme.
16223,1,96,"The text introduces the policy, a section, or a group of practices, but it does not mention a specific practice."
14013,2,103,"The text introduces the policy, a section, or a group of practices, but it does not mention a specific practice."
16224,2,96,"The text introduces the policy, a section, or a group of practices, but it does not mention a specific practice."
16225,3,96,"The text introduces the policy, a section, or a group of practices, but it does not mention a specific practice."
14014,4,103,"The policy makes specific provisions for international audiences, non-US citizens, or non-European citizens (e.g., about international data transfer)."
14015,4,103,The site collects your generic personal information for an unspecified purpose. Collection happens on the website.
16226,4,96,"The text introduces the policy, a section, or a group of practices, but it does not mention a specific practice."
14016,5,103,The site collects your unspecified information for personalization or customization. Collection happens in an unspecified way.
14017,5,103,"The text introduces the policy, a section, or a group of practices, but it does not mention a specific practice."
16227,5,96,The site collects your unspecified information for personalization or customization. Collection happens in an unspecified way.
16228,5,96,The site collects your unspecified information for a purpose outside of our label scheme. Collection happens in an unspecified way.
14018,6,103,"The site collects your generic personal information for an unspecified purpose. Collection happens when you explicitly provide information on the website for a user type outside of our label scheme, and your data is identifiable."
14019,6,103,"The site collects your contact information for an unspecified purpose. Collection happens when you explicitly provide information on the website for a user type outside of our label scheme, and your data is identifiable."
14020,6,103,"The site collects your financial information for an unspecified purpose. Collection happens when you explicitly provide information on the website for a user type outside of our label scheme, and your data is identifiable."
14021,6,103,"The site collects your demographic information for an unspecified purpose. Collection happens when you explicitly provide information on the website for a user type outside of our label scheme, and your data is identifiable."
14022,6,103,"The site collects an information type outside of our label scheme for an unspecified purpose. Collection happens when you explicitly provide information on the website for a user type outside of our label scheme, and your data is identifiable."
14023,6,103,"The site collects your website activities for an unspecified purpose. Collection happens when you implicitly provide information on the website for a user type outside of our label scheme, and your data's identifiability is not covered by our label scheme."
14024,6,103,"The site collects your computer information for an unspecified purpose. Collection happens when you implicitly provide information on the website for a user type outside of our label scheme, and your data's identifiability is not covered by our label scheme."
16229,6,96,"The site collects your contact information for an unspecified purpose. Collection happens on the website, and your data is identifiable."
16230,6,96,"The site collects your demographic information for an unspecified purpose. Collection happens on the website, and your data is identifiable."
16231,6,96,"The site collects your financial information for an unspecified purpose. Collection happens on the website, and your data is identifiable."
16232,6,96,"The site collects your user profile for an unspecified purpose. Collection happens on the website, and your data is identifiable."
16233,6,96,"The site collects your computer information for an unspecified purpose. Collection happens on the website, and your data's identifiability is not covered by our label scheme."
16234,6,96,"The site collects your website activities for an unspecified purpose. Collection happens on the website, and your data's identifiability is not covered by our label scheme."
14025,7,103,The site collects your unspecified information for an unspecified purpose. Collection happens on the website.
14026,7,103,The site collects your unspecified information for an unspecified purpose. Collection happens on the website.
17783,7,96,"The text introduces the policy, a section, or a group of practices, but it does not mention a specific practice."
14027,8,103,The site collects your contact information for an unspecified purpose. Collection happens in an unspecified way.
14028,8,103,The site collects your demographic information for an unspecified purpose. Collection happens on the website for a user type outside of our label scheme.
14029,8,103,The site collects your contact information for an unspecified purpose. Collection happens on the website.
14030,8,103,The site collects your location information for an unspecified purpose. Collection happens on the website.
17785,8,96,"The site collects your demographic information for a basic service or feature. Collection happens when you explicitly provide information on the website for users with accounts, and your data is identifiable. You can choose not to use the service or feature for the collection of your information."
14031,9,103,The site collects your financial information for an unspecified purpose. Collection happens when you explicitly provide information on the website.
17787,9,96,"The site collects your financial information for a basic service or feature. Collection happens when you explicitly provide information on the website, and your data is identifiable. You can choose not to use the service or feature for the collection of your information."
14032,10,103,The site collects your user profile for an unspecified purpose. Collection happens when you explicitly provide information on the website.
17788,10,96,The site collects your user profile for an additional (non-basic) service or feature. Collection happens when you explicitly provide information on the website. You can choose not to use the service or feature for the collection of your information.
14033,11,103,The site collects your computer information for an unspecified purpose. Collection happens in an unspecified way.
14034,11,103,The site collects your IP address or device IDs for an unspecified purpose. Collection happens in an unspecified way.
14035,11,103,The site collects your location information for an unspecified purpose. Collection happens in an unspecified way.
17789,11,96,The site collects your computer information for an unspecified purpose. Collection happens in an unspecified way.
17790,11,96,The site collects your IP address or device IDs for an unspecified purpose. Collection happens in an unspecified way.
17791,11,96,The site collects your location information for an unspecified purpose. Collection happens in an unspecified way.
14037,12,103,The site collects your IP address or device IDs for an unspecified purpose. Collection happens on the website.
14040,12,103,The site collects your website activities for an unspecified purpose. Collection happens on the website.
17792,12,96,The site collects your IP address or device IDs for an unspecified purpose. Collection happens when you implicitly provide information on the website.
17793,12,96,The site collects your website activities for an unspecified purpose. Collection happens when you implicitly provide information on the website.
14041,13,103,The site collects your social media data for an unspecified purpose. Collection happens on the website. You can configure your privacy with third-party user settings for the collection of your information.
17794,13,96,"The site collects your contact information for an unspecified purpose. Collection happens when you implicitly provide information by other websites, and your data is identifiable. You can configure your privacy with third-party user settings for the collection of your information."
17795,13,96,"The site collects your user profile for an unspecified purpose. Collection happens when you implicitly provide information by other websites, and your data is identifiable. You can configure your privacy with third-party user settings for the collection of your information."
17796,13,96,"The site collects your demographic information for an unspecified purpose. Collection happens when you implicitly provide information by other websites, and your data is identifiable. You can configure your privacy with third-party user settings for the collection of your information."
17797,13,96,"The site collects your location information for an unspecified purpose. Collection happens when you implicitly provide information by other websites, and your data is identifiable. You can configure your privacy with third-party user settings for the collection of your information."
17798,13,96,"The site collects an information type outside of our label scheme for an unspecified purpose. Collection happens when you implicitly provide information by other websites, and your data is identifiable. You can configure your privacy with third-party user settings for the collection of your information."
14099,14,103,The site collects your website activities for an unspecified purpose. Collection happens by a named service or third party. You can configure your privacy with user settings provided by the site.
14100,14,103,A named third party does receive your activities on the website or app for an unspecified purpose. You can configure your privacy using a method outside our label scheme.
14101,14,103,The site collects your website activities for an unspecified purpose. Collection happens by a named service or third party. You can configure your privacy with third-party user settings.
17802,14,96,The site collects your website activities for an unspecified purpose. Collection happens when you implicitly provide information by other parts of the company or affiliates. You can configure your privacy with third-party user settings for the collection of your information.
17803,14,96,An unnamed third party does receive your activities on the website or app for an unspecified purpose. You can make a choice about the use of your information.
14102,15,103,The site collects your unspecified information for an unspecified purpose. Collection happens when you explicitly provide information on the website.
14103,15,103,The site collects your unspecified information for an unspecified purpose. Collection happens when you implicitly provide information on the website. You can configure your privacy with user settings provided by the site.
14104,15,103,The site collects your unspecified information for an unspecified purpose. Collection happens when you implicitly provide information in the mobile app. You can configure your privacy with user settings provided by the site.
14106,15,103,The site collects your unspecified information for an unspecified purpose. Collection happens by a named service or third party.
17804,15,96,The site collects your unspecified information for a basic service or feature. Collection happens when you explicitly provide information on the website. You can choose not to use the service or feature for the collection of your information.
17805,15,96,The site collects your unspecified information for a basic service or feature. Collection happens when you implicitly provide information on the website. You can make a choice about the collection of your information.
17806,15,96,The site collects your unspecified information for an unspecified purpose. Collection happens when you implicitly provide information by an unnamed service or third party. You can make a choice about the collection of your information.
17807,16,96,"The text introduces the policy, a section, or a group of practices, but it does not mention a specific practice."
14107,17,103,The site collects your unspecified information for a basic service or feature. Collection happens in an unspecified way.
18733,17,96,The site collects your unspecified information for a basic service or feature. Collection happens in an unspecified way.
18734,17,96,The site collects your unspecified information for marketing purposes. Collection happens in an unspecified way.
14108,18,103,The site collects your unspecified information for a basic service or feature. Collection happens in an unspecified way.
18735,18,96,The site collects your unspecified information for a basic service or feature. Collection happens in an unspecified way.
14109,19,103,The site collects your unspecified information for personalization or customization. Collection happens in an unspecified way. You can opt out using the provided link.
14110,19,103,The site collects your unspecified information for advertising. Collection happens in an unspecified way. You can opt out using the provided link.
18736,19,96,The site collects your unspecified information for personalization or customization. Collection happens in an unspecified way.
18737,19,96,The site collects your unspecified information for advertising. Collection happens in an unspecified way. You can configure your privacy using a method outside our label scheme for the use of your information.
14111,20,103,The site collects your unspecified information for an additional (non-basic) service or feature. Collection happens in an unspecified way.
18738,20,96,The site collects your unspecified information for a basic service or feature. Collection happens in an unspecified way.
14112,21,103,The site collects your unspecified information for an additional (non-basic) service or feature. Collection happens in an unspecified way.
18739,21,96,The site collects your unspecified information for a basic service or feature. Collection happens in an unspecified way.
14113,22,103,The site collects your unspecified information for service operations or security. Collection happens in an unspecified way.
18740,22,96,The site collects your unspecified information for a basic service or feature. Collection happens in an unspecified way.
14114,23,103,The site collects your unspecified information for service operations or security. Collection happens in an unspecified way.
18741,23,96,The site collects your unspecified information for service operations or security. Collection happens in an unspecified way.
14115,24,103,The site collects your unspecified information for service operations or security. Collection happens in an unspecified way.
18742,24,96,The site collects your unspecified information for service operations or security. Collection happens in an unspecified way.
14116,25,103,The site collects your unspecified information for service operations or security. Collection happens in an unspecified way.
18743,25,96,The site collects your unspecified information for service operations or security. Collection happens in an unspecified way.
14117,26,103,The site collects your unspecified information for analytics or research. Collection happens in an unspecified way.
18744,26,96,The site collects your unspecified information for analytics or research. Collection happens in an unspecified way.
14118,27,103,The site collects your unspecified information for an additional (non-basic) service or feature. Collection happens in an unspecified way.
18745,27,96,The site collects your unspecified information for marketing purposes. Collection happens in an unspecified way.
14120,28,103,The site collects your unspecified information for marketing purposes. Collection happens in an unspecified way. You can configure your privacy with user settings provided by the site.
14122,28,103,The site collects your contact information for advertising. Collection happens when you explicitly provide information by some means outside of our label scheme. You can configure your privacy using a method outside our label scheme.
14123,28,103,The site collects your contact information for advertising. Collection happens when you implicitly provide information by some means outside of our label scheme. You can configure your privacy using a method outside our label scheme.
14124,28,103,The site collects your contact information for advertising. Collection happens when you implicitly provide information by an unnamed service or third party. You can configure your privacy with user settings provided by the site.
18746,28,96,The site collects your unspecified information for marketing purposes. Collection happens in an unspecified way. You can configure your privacy with user settings provided by the site for the use of your information.
18748,28,96,The site collects your contact information for advertising. Collection happens when you implicitly provide information by an unnamed service or third party. You can opt in for data collection for the use of your information.
18749,28,96,The site collects your unspecified information for advertising. Collection happens when you implicitly provide information by an unnamed service or third party. You can opt in for data collection for the use of your information.
14125,29,103,The site collects your contact information for an additional (non-basic) service or feature. Collection happens when you explicitly provide information on the website.
18807,29,96,The site collects your contact information for a basic service or feature. Collection happens when you explicitly provide information on the website. You can choose not to use the service or feature for the use of your information.
14126,30,103,The site collects your unspecified information for an additional (non-basic) service or feature. Collection happens in an unspecified way.
18808,30,96,The site collects your unspecified information for an additional (non-basic) service or feature. Collection happens in an unspecified way.
14127,31,103,The text describes a specific data practice that is not covered by our label scheme.
18809,31,96,The text describes a specific data practice that is not covered by our label scheme.
14128,32,103,Another part of the company or institution does receive information about you not covered by our label scheme for targeted advertising. This applies to users with accounts. You can opt out by contacting the company.
14129,32,103,Another part of the company or institution does receive information about you not covered by our label scheme for targeted advertising. This applies to users with accounts. You can opt out using the provided link.
14130,32,103,Another part of the company or institution does receive your unspecified personal information for analytics or research. You can configure your privacy with user settings provided by the site.
14131,32,103,Another part of the company or institution does receive your unspecified personal information for marketing purposes. You can configure your privacy with user settings provided by the site.
14132,32,103,Another part of the company or institution does receive your unspecified personal information for targeted advertising. You can configure your privacy with user settings provided by the site.
14133,32,103,The site collects your cookies or tracking elements for analytics or research. Collection happens when you implicitly provide information on the website.
14134,32,103,The site collects your cookies or tracking elements for marketing purposes. Collection happens when you implicitly provide information on the website.
14135,32,103,The site collects your cookies or tracking elements for advertising. Collection happens when you implicitly provide information on the website.
18810,32,96,Another part of the company or institution does receive unspecified information about you for personalization or customization. This applies to users with accounts. You can configure your privacy with user settings provided by the site for the use of your information.
18811,32,96,Another part of the company or institution does receive unspecified information about you for targeted advertising. This applies to users with accounts. You can configure your privacy with user settings provided by the site for the use of your information.
18812,32,96,Another part of the company or institution does receive unspecified information about you for analytics or research. This applies to users with accounts. You can configure your privacy using a method outside our label scheme for the use of your information.
18813,32,96,Another part of the company or institution does receive unspecified information about you for marketing purposes. This applies to users with accounts. You can configure your privacy using a method outside our label scheme for the use of your information.
18814,32,96,Another part of the company or institution does receive unspecified information about you for targeted advertising. This applies to users with accounts. You can configure your privacy using a method outside our label scheme for the use of your information.
18815,33,96,An unnamed third party does receive unspecified information about you for an unspecified purpose.
14136,34,103,A named third party does receive your unspecified personal information for analytics or research.
14137,34,103,A named third party does receive your unspecified personal information for a basic service or feature.
14138,34,103,Data is accessible to employees/third parties on a need-to-know basis.
14139,34,103,"The policy makes generic security statements, e.g., ""we protect your data"" or ""we use technology/encryption to protect your data""."
18816,34,96,An unnamed third party does receive unspecified information about you for analytics or research.
18817,34,96,An unnamed third party does receive unspecified information about you for service operations or security.
14140,35,103,A named third party does collect on the first party website or app unspecified information about you for an unspecified purpose. You can configure your privacy with third-party user settings.
18818,35,96,An unnamed third party does collect on the first party website or app your user profile for an unspecified purpose. You can configure your privacy with third-party user settings for the collection or sharing and use of your information.
14141,36,103,An unnamed third party does receive your unspecified personal information for an unspecified purpose. You can configure your privacy with user settings provided by the site.
18819,36,96,An unnamed third party does receive unspecified information about you for an unspecified purpose. You can configure your privacy with user settings provided by the site for the use of your information.
14142,37,103,A named third party does receive unspecified information about you for targeted advertising.
18820,37,96,An unnamed third party does receive unspecified information about you for targeted advertising.
14463,38,103,A named third party does receive your activities on the website or app for an unspecified purpose.
18821,38,96,An unnamed third party does receive unspecified information about you for targeted advertising. You can configure your privacy with user settings provided by the site for the use of your information.
18822,38,96,An unnamed third party does track on the first party website or app unspecified information about you for marketing purposes. You can configure your privacy with user settings provided by the site for the use of your information.
18823,38,96,An unnamed third party does track on the first party website or app unspecified information about you for targeted advertising. You can configure your privacy with user settings provided by the site for the use of your information.
14970,39,103,A named third party does receive your unspecified personal information for legal requirements.
14971,39,103,A named third party does receive your unspecified personal information for service operations or security.
18824,39,96,A third party outside of our label scheme does receive your unspecified personal information for service operations or security.
18825,39,96,A third party outside of our label scheme does receive your unspecified personal information for legal requirements.
14972,40,103,A named third party does receive your unspecified personal information for mergers or acquisitions.
18826,40,96,An unnamed third party does receive your activities on the website or app for mergers or acquisitions. You can configure your privacy using a method outside our label scheme for the collection or sharing and use of your information.
18827,40,96,An unnamed third party does receive your unspecified personal information for mergers or acquisitions. You can configure your privacy using a method outside our label scheme for the collection or sharing and use of your information.
14973,41,103,The policy makes a statement about how data from children is treated.
14974,41,103,The site does not collect your generic personal information for an unspecified purpose. Collection happens on the website for a user type outside of our label scheme.
18828,41,96,The policy makes a statement about how data from children is treated.
14975,42,103,The policy makes a statement about how data from children is treated.
18829,42,96,The policy makes a statement about how data from children is treated.
14976,43,103,The policy makes a statement about how data from children is treated.
14977,43,103,"The policy makes a statement about how data from Californian users is treated (e.g., California privacy rights)."
18830,43,96,"The policy makes a statement about how data from Californian users is treated (e.g., California privacy rights)."
14978,44,103,Data is accessible to employees/third parties on a need-to-know basis.
14979,44,103,"The policy makes generic security statements, e.g., ""we protect your data"" or ""we use technology/encryption to protect your data""."
18831,44,96,Data is accessible to employees/third parties on a need-to-know basis.
18832,44,96,"The policy makes generic security statements, e.g., ""we protect your data"" or ""we use technology/encryption to protect your data""."
14980,45,103,"The policy makes generic security statements, e.g., ""we protect your data"" or ""we use technology/encryption to protect your data""."
18833,45,96,"The text introduces the policy, a section, or a group of practices, but it does not mention a specific practice."
14981,46,103,"You can opt out (via a link) from the use of contact information by the site, which uses it for marketing purposes."
14982,46,103,"You can opt out (via a link) from the use of contact information by a third party, which uses it for marketing purposes."
18834,46,96,"You can opt out (via a link) from the use of contact information by the site, which uses it for marketing purposes."
18835,46,96,"You can opt out (by contacting the company) from the use of contact information by the site, which uses it for marketing purposes."
18836,47,96,You can make a choice about your privacy not described by our label scheme the use of unspecified information by an unspecified party for advertising.
14983,48,103,You can make no specified choices about the use of cookies and tracking elements by an unspecified party for advertising.
18837,48,96,"You can use privacy configuration settings (in the website or app) to control the use of unspecified information by the site, which collects it for advertising."
14984,49,103,"Users without accounts can edit their information, within the scope of information explicitly provided by the user."
18838,49,96,"A user can edit their information, within the scope of information explicitly provided by the user."
14985,50,103,"The text describes how to contact the company with questions, concerns, or complaints about the privacy policy."
14986,50,103,"A user can edit their information, within the scope of unspecified user information."
18839,50,96,Data is accessible to employees/third parties on a need-to-know basis.
18840,50,96,"The text describes how to contact the company with questions, concerns, or complaints about the privacy policy."
14987,51,103,"A user's unspecified information is retained for a limited (but unspecified) period of time to perform a requested service, and then it is deleted.."
14988,51,103,"A user's unspecified information is retained for a limited (but unspecified) period of time to meet legal or law enforcement requirements, and then it is deleted.."
18841,51,96,A user's unspecified information is retained for a duration not covered by our label scheme to maintain service operations or security.
18842,51,96,"A user can delete their account (although the company or organization may continue to keep some data), within the scope of information explicitly provided by the user."
14989,52,103,Another part of the company or institution does receive your unspecified personal information for an unspecified purpose.
18843,52,96,"The policy makes specific provisions for international audiences, non-US citizens, or non-European citizens (e.g., about international data transfer)."
14990,53,103,"The policy makes specific provisions for international audiences, non-US citizens, or non-European citizens (e.g., about international data transfer)."
18844,53,96,"The policy makes specific provisions for international audiences, non-US citizens, or non-European citizens (e.g., about international data transfer)."
14991,54,103,"The policy makes specific provisions for international audiences, non-US citizens, or non-European citizens (e.g., about international data transfer)."
18845,54,96,"The policy makes a statement about how data from European users is treated (e.g., Safe Harbor provisions)."
14992,55,103,"You can use privacy configuration settings (in the website or app) to control the use of cookies and tracking elements by the site, which uses it for advertising."
18846,55,96,"You can make a choice about your privacy not described by our label scheme the use of unspecified information by the site, which collects it for advertising."
18847,55,96,"You can make no specified choices about the use of unspecified information by the site, which collects it for analytics or research."
18848,55,96,"You can make no specified choices about the use of unspecified information by the site, which collects it for service operations or security."
18849,56,96,The text describes a specific data practice that is not covered by our label scheme.
14993,57,103,"The policy makes a statement about how data from Californian users is treated (e.g., California privacy rights)."
18850,57,96,"The policy makes a statement about how data from Californian users is treated (e.g., California privacy rights)."
14994,58,103,"The policy makes a statement about how data from Californian users is treated (e.g., California privacy rights)."
18851,58,96,"The policy makes a statement about how data from Californian users is treated (e.g., California privacy rights)."
18852,58,96,The website ignores Do Not Track headers and the user's Do Not Track preference.
14995,59,103,The text describes a specific data practice that is not covered by our label scheme.
14996,59,103,A specific security measure not covered above.
18853,59,96,"The text introduces the policy, a section, or a group of practices, but it does not mention a specific practice."
14997,60,103,"The policy makes generic security statements, e.g., ""we protect your data"" or ""we use technology/encryption to protect your data""."
18854,60,96,"The text introduces the policy, a section, or a group of practices, but it does not mention a specific practice."
14998,61,103,"When a change is made to the privacy policy that significantly affects data practices, the policy date is updated or information about the change is posted as part of the policy. Users' choices regarding policy changes are not mentioned or are unclear."
14999,61,103,"When a change is made to the privacy policy that significantly affects data practices, users are notified when visiting the website. Users' choices regarding policy changes are not mentioned or are unclear."
18855,61,96,"When a change is made to the privacy policy that significantly affects data practices, users are notified when visiting the website. Users' choices regarding policy changes are not mentioned or are unclear."
18856,61,96,"When a change is made to the privacy policy that significantly affects data practices, the policy date is updated or information about the change is posted as part of the policy. Users' choices regarding policy changes are not mentioned or are unclear."
18857,61,96,"When a change is made to the privacy policy that significantly affects data practices, users are notified in an unspecified manner. Users' choices regarding policy changes are not mentioned or are unclear."
15000,62,103,"When a change of a variety outside of our label scheme is made to the privacy policy, the policy date is updated or information about the change is posted as part of the policy. Users have no options regarding the change."
18858,62,96,"The text introduces the policy, a section, or a group of practices, but it does not mention a specific practice."
15001,63,103,"The text describes how to contact the company with questions, concerns, or complaints about the privacy policy."
18859,63,96,"The text describes how to contact the company with questions, concerns, or complaints about the privacy policy."
15002,64,103,"The text describes how to contact the company with questions, concerns, or complaints about the privacy policy."
15003,64,103,"The policy makes specific provisions for international audiences, non-US citizens, or non-European citizens (e.g., about international data transfer)."
18860,64,96,"The text describes how to contact the company with questions, concerns, or complaints about the privacy policy."
21875,1,129,"The text introduces the policy, a section, or a group of practices, but it does not mention a specific practice."
21876,2,129,"The text introduces the policy, a section, or a group of practices, but it does not mention a specific practice."
21877,3,129,"The text introduces the policy, a section, or a group of practices, but it does not mention a specific practice."
21878,4,129,"You can choose not to use a service or feature to avoid the use of information of a type not covered by our label scheme by the site, which collects it for an unspecified purpose."
21879,4,129,"You can choose not to use a service or feature to avoid the use of information of a type not covered by our label scheme by the site, which uses it for an unspecified purpose."
21880,4,129,"You can choose not to use a service or feature to avoid the use of information of a type not covered by our label scheme by a third party, which collects or receives it for an unspecified purpose."
21881,4,129,A user's information of a type not covered by our label scheme is retained for an unspecified duration to fulfill an unspecified purpose.
21882,5,129,The site collects your unspecified information for personalization or customization. Collection happens in an unspecified way.
21883,5,129,The site collects your unspecified information for a purpose outside of our label scheme. Collection happens in an unspecified way.
21884,6,129,The site collects your unspecified information for an unspecified purpose. Collection happens in an unspecified way.
21885,6,129,"The site collects your unspecified information for an unspecified purpose. Collection happens when you explicitly provide information in an unspecified way, and your data is identifiable."
21886,6,129,"The site collects your contact information for an unspecified purpose. Collection happens when you explicitly provide information in an unspecified way, and your data is identifiable."
21887,6,129,"The site collects your demographic information for an unspecified purpose. Collection happens when you explicitly provide information in an unspecified way, and your data is identifiable."
21888,6,129,"The site collects your financial information for an unspecified purpose. Collection happens when you explicitly provide information in an unspecified way, and your data is identifiable."
21889,6,129,"The site collects an information type outside of our label scheme for an unspecified purpose. Collection happens when you explicitly provide information in an unspecified way, and your data is identifiable."
21892,6,129,"The site collects your IP address or device IDs for an unspecified purpose. Collection happens in an unspecified way, and your data is aggregated or anonymized."
21893,6,129,"The site collects your computer information for an unspecified purpose. Collection happens in an unspecified way, and your data is aggregated or anonymized."
21894,6,129,"The site collects your website activities for an unspecified purpose. Collection happens in an unspecified way, and your data is aggregated or anonymized."
21895,7,129,"The text introduces the policy, a section, or a group of practices, but it does not mention a specific practice."
21897,7,129,The site collects an information type outside of our label scheme for an unspecified purpose. Collection happens in an unspecified way.
21899,8,129,The site collects your contact information for an unspecified purpose. Collection happens in an unspecified way for a user type outside of our label scheme. You can opt in for data collection.
21900,8,129,The site collects your contact information for an unspecified purpose. Collection happens in an unspecified way for users with accounts. You can opt in for data collection.
21901,8,129,The site collects your demographic information for an unspecified purpose. Collection happens in an unspecified way for users with accounts. You can opt in for data collection.
21902,8,129,The site collects your contact information for an unspecified purpose. Collection happens in an unspecified way for users with accounts.
21903,8,129,The site collects your contact information for an unspecified purpose. Collection happens in an unspecified way. You can opt in for data collection.
21904,8,129,The site collects your location information for an unspecified purpose. Collection happens in an unspecified way. You can opt in for data collection.
21905,8,129,The site collects your demographic information for an unspecified purpose. Collection happens in an unspecified way. You can opt in for data collection.
21906,9,129,The site collects your financial information for a basic service or feature. Collection happens when you explicitly provide information in an unspecified way.
21907,10,129,The site collects your user profile for an unspecified purpose. Collection happens in an unspecified way.
21908,10,129,The text does not fit into our label scheme.
21909,11,129,The site collects your computer information for an unspecified purpose. Collection happens in an unspecified way.
21910,11,129,The site collects your IP address or device IDs for an unspecified purpose. Collection happens in an unspecified way.
21911,11,129,The site collects your location information for an unspecified purpose. Collection happens in an unspecified way.
22102,12,129,The site collects your unspecified information for an unspecified purpose. Collection happens in an unspecified way.
22103,12,129,The site collects your IP address or device IDs for an unspecified purpose. Collection happens in an unspecified way.
22104,12,129,The site collects your website activities for an unspecified purpose. Collection happens in an unspecified way.
22105,12,129,The site collects your cookies or tracking elements for an unspecified purpose. Collection happens in an unspecified way.
22107,14,129,The site collects an information type outside of our label scheme for an unspecified purpose. Collection happens by an unnamed service or third party. You can configure your privacy using a method outside our label scheme.
22108,14,129,The site collects an information type outside of our label scheme for an unspecified purpose. Collection happens by an unnamed service or third party. You can configure your privacy with third-party user settings.
22109,14,129,A user's information of a type not covered by our label scheme is retained for an unspecified duration to fulfill an unspecified purpose.
22110,14,129,A named third party does receive your activities on the website or app for an unspecified purpose. You can configure your privacy using a method outside our label scheme.
22111,14,129,A named third party does receive your cookies or tracking elements for an unspecified purpose. You can configure your privacy with third-party user settings.
22112,15,129,The site collects your unspecified information for an unspecified purpose. Collection happens when you explicitly provide information in an unspecified way.
22113,15,129,The site collects your cookies or tracking elements for an unspecified purpose. Collection happens when you implicitly provide information in an unspecified way.
22114,15,129,The site collects your cookies or tracking elements for an unspecified purpose. Collection happens when you implicitly provide information by an unnamed service or third party.
22115,16,129,"The text introduces the policy, a section, or a group of practices, but it does not mention a specific practice."
22116,17,129,The site collects your unspecified information for an additional (non-basic) service or feature. Collection happens in an unspecified way.
22117,18,129,The site collects your unspecified information for a basic service or feature. Collection happens in an unspecified way.
22118,19,129,The site collects your unspecified information for personalization or customization. Collection happens in an unspecified way.
22119,20,129,The site collects your unspecified information for a basic service or feature. Collection happens in an unspecified way.
22120,21,129,The site collects your unspecified information for a basic service or feature. Collection happens in an unspecified way.
22121,22,129,The site collects your unspecified information for a basic service or feature. Collection happens in an unspecified way.
22122,23,129,The site collects your unspecified information for service operations or security. Collection happens in an unspecified way.
22123,24,129,The site collects your unspecified information for service operations or security. Collection happens in an unspecified way.
22124,25,129,The site collects your unspecified information for service operations or security. Collection happens in an unspecified way.
22125,26,129,The site collects your unspecified information for analytics or research. Collection happens in an unspecified way.
22126,27,129,The site collects your unspecified information for a basic service or feature. Collection happens in an unspecified way.
22127,28,129,The site collects your unspecified information for marketing purposes. Collection happens in an unspecified way.
22128,28,129,The site collects your contact information for advertising. Collection happens in an unspecified way.
22129,28,129,The site collects your contact information for advertising. Collection happens by an unnamed service or third party.
22130,28,129,The site collects your generic personal information for advertising. Collection happens by an unnamed service or third party.
22131,28,129,The site collects your generic personal information for advertising. Collection happens in an unspecified way.
22132,29,129,The site collects your contact information for a basic service or feature. Collection happens when you explicitly provide information by some means outside of our label scheme.
22133,30,129,The site collects your unspecified information for an additional (non-basic) service or feature. Collection happens in an unspecified way.
22134,31,129,The site collects your unspecified information for a purpose outside of our label scheme. Collection happens by some means outside of our label scheme.
22573,32,129,Another part of the company or institution does receive information about you not covered by our label scheme for personalization or customization. This applies to users with accounts. You can configure your privacy with third-party user settings.
22577,32,129,"The text describes how to contact the company with questions, concerns, or complaints about the privacy policy."
22578,32,129,The text does not fit into our label scheme.
22584,32,129,Another part of the company or institution does receive your cookies or tracking elements for analytics or research.
22586,32,129,Another part of the company or institution does receive your cookies or tracking elements for marketing purposes.
22587,32,129,Another part of the company or institution does receive your cookies or tracking elements for targeted advertising.
22588,32,129,Another part of the company or institution does receive your cookies or tracking elements for targeted advertising.
22589,32,129,Another part of the company or institution does receive information about you not covered by our label scheme for targeted advertising. This applies to users with accounts. You can configure your privacy with third-party user settings.
22590,33,129,"The text introduces the policy, a section, or a group of practices, but it does not mention a specific practice."
22597,34,129,A named third party does receive information about you not covered by our label scheme for a purpose outside of our label scheme.
22598,34,129,A named third party does receive information about you not covered by our label scheme for analytics or research.
22599,34,129,A named third party does receive information about you not covered by our label scheme for a basic service or feature.
22600,34,129,A named third party does receive information about you not covered by our label scheme for an additional (non-basic) service or feature.
22606,34,129,A named third party does receive information about you not covered by our label scheme for legal requirements.
22607,34,129,The text describes a specific data practice that is not covered by our label scheme.
22709,35,129,The text does not fit into our label scheme.
22710,36,129,An unnamed third party does receive your unspecified personal information for an unspecified purpose.
22711,37,129,A named third party does receive unspecified information about you for targeted advertising.
22712,38,129,An unnamed third party does receive your activities on the website or app for targeted advertising.
22713,38,129,A named third party does do something unspecified with your activities on the website or app for marketing purposes.
22714,38,129,A named third party does do something unspecified with your activities on the website or app for an unspecified purpose.
22715,38,129,A named third party does do something unspecified with your cookies or tracking elements for an unspecified purpose.
22716,38,129,The text does not fit into our label scheme.
22717,38,129,You can make no specified choices about the use of cookies and tracking elements by an unspecified party for advertising.
22707,39,129,A named third party does receive your unspecified personal information for service operations or security.
22708,39,129,A named third party does receive your unspecified personal information for legal requirements.
22705,40,129,An unnamed third party does do something outside of our label scheme with your unspecified personal information for a basic service or feature. You can opt out by contacting the company.
22706,40,129,An unnamed third party does do something outside of our label scheme with information about you not covered by our label scheme for mergers or acquisitions. You can opt out by contacting the company.
22658,41,129,The policy makes a statement about how data from children is treated.
22660,42,129,The policy makes a statement about how data from children is treated.
22655,43,129,"The policy makes a statement about how data from Californian users is treated (e.g., California privacy rights)."
22656,43,129,The policy makes a statement about how data from children is treated.
22702,44,129,"The policy makes generic security statements, e.g., ""we protect your data"" or ""we use technology/encryption to protect your data""."
22703,44,129,Data is accessible to employees/third parties on a need-to-know basis.
22704,44,129,The text does not fit into our label scheme.
22701,45,129,The text does not fit into our label scheme.
22700,46,129,"You can opt out (via a link) from the use of information of a type not covered by our label scheme by a third party, which uses it for marketing purposes."
22699,47,129,"The text introduces the policy, a section, or a group of practices, but it does not mention a specific practice."
22698,48,129,You can make no specified choices about the use of cookies and tracking elements by an unspecified party for advertising.
22696,49,129,"A user can view their information, within the scope of unspecified user information."
22697,49,129,"A user can edit their information, within the scope of unspecified user information."
22718,50,129,The text describes a specific data practice that is not covered by our label scheme.
22719,50,129,"The text describes how to contact the company with questions, concerns, or complaints about the privacy policy."
22689,51,129,A user's unspecified information is retained for a stated period of time to fulfill an unspecified purpose.
22692,51,129,"A user can delete their account (although the company or organization may continue to keep some data), within the scope of information explicitly provided by the user."
22694,51,129,"A user can edit their information, within the scope of information explicitly provided by the user."
22661,52,129,The text describes a specific data practice that is not covered by our label scheme.
22652,53,129,"The policy makes specific provisions for international audiences, non-US citizens, or non-European citizens (e.g., about international data transfer)."
22651,54,129,The text describes a specific data practice that is not covered by our label scheme.
22643,55,129,"The text introduces the policy, a section, or a group of practices, but it does not mention a specific practice."
22650,55,129,"You can make a choice about your privacy not described by our label scheme the use of cookies and tracking elements by the site, which uses it for advertising."
22633,56,129,"The text introduces the policy, a section, or a group of practices, but it does not mention a specific practice."
22631,57,129,"The policy makes a statement about how data from Californian users is treated (e.g., California privacy rights)."
22627,58,129,"The policy makes a statement about how data from Californian users is treated (e.g., California privacy rights)."
22628,58,129,The website ignores Do Not Track headers and the user's Do Not Track preference.
22626,59,129,The text describes a specific data practice that is not covered by our label scheme.
22621,60,129,The text does not fit into our label scheme.
22612,61,129,"When a change is made to the privacy policy that significantly affects data practices, users are notified when visiting the website. Users' choices regarding policy changes are not mentioned or are unclear."
22618,61,129,"When a change is made to the privacy policy that significantly affects data practices, users are notified in an unspecified manner. Users' choices regarding policy changes are not mentioned or are unclear."
22610,62,129,"When a change of an unspecified nature is made to the privacy policy, users are notified when visiting the website. Users have no options regarding the change."
22611,62,129,"When a change of an unspecified nature is made to the privacy policy, the policy date is updated or information about the change is posted as part of the policy. Users have no options regarding the change."
22609,63,129,"The text describes how to contact the company with questions, concerns, or complaints about the privacy policy."
22608,64,129,"The text describes how to contact the company with questions, concerns, or complaints about the privacy policy."
