4508,test_category_labeling_highlight_upitt,95,3700,0,Other,"{""Other Type"": {""endIndexInSegment"": 358, ""startIndexInSegment"": 9, ""selectedText"": ""Privacy and Security Commitment Our Promise to You Dallas County Community College District's (DCCCD) Privacy Commitment is based on two principles. We promise to: Comply with all the applicable local, state and federal laws and regulations; and Protect your privacy while still offering relevant, personalized service."", ""value"": ""Introductory/Generic""}}",Not specified,http://www.dcccd.edu/Pages/PrivacySecurity.aspx
14472,test_category_labeling_highlight_upitt,123,3700,0,Data Security,"{""Security Measure"": {""endIndexInSegment"": 305, ""startIndexInSegment"": 285, ""selectedText"": ""Protect your privacy"", ""value"": ""Generic""}}",Not specified,http://www.dcccd.edu/Pages/PrivacySecurity.aspx
14473,test_category_labeling_highlight_upitt,123,3700,0,Other,"{""Other Type"": {""endIndexInSegment"": 358, ""startIndexInSegment"": 61, ""selectedText"": ""Our Promise to You Dallas County Community College District's (DCCCD) Privacy Commitment is based on two principles. We promise to: Comply with all the applicable local, state and federal laws and regulations; and Protect your privacy while still offering relevant, personalized service."", ""value"": ""Introductory/Generic""}}",Not specified,http://www.dcccd.edu/Pages/PrivacySecurity.aspx
4509,test_category_labeling_highlight_upitt,95,3700,1,Other,"{""Other Type"": {""endIndexInSegment"": 253, ""startIndexInSegment"": 0, ""selectedText"": ""DCCCD is a public higher education institution and therefore bound by the Texas Public Information Act and the Family Education Rights and Privacy Act (FERPA). Continue reading for more detailed information about DCCCD's Privacy and Security Commitment."", ""value"": ""Introductory/Generic""}}",Not specified,http://www.dcccd.edu/Pages/PrivacySecurity.aspx
7540,test_category_labeling_highlight_upitt,103,3700,1,Data Security,"{""Security Measure"": {""endIndexInSegment"": 253, ""startIndexInSegment"": 0, ""selectedText"": ""DCCCD is a public higher education institution and therefore bound by the Texas Public Information Act and the Family Education Rights and Privacy Act (FERPA). Continue reading for more detailed information about DCCCD's Privacy and Security Commitment."", ""value"": ""Privacy review/audit""}}",Not specified,http://www.dcccd.edu/Pages/PrivacySecurity.aspx
14474,test_category_labeling_highlight_upitt,123,3700,1,Other,"{""Other Type"": {""endIndexInSegment"": 253, ""startIndexInSegment"": 0, ""selectedText"": ""DCCCD is a public higher education institution and therefore bound by the Texas Public Information Act and the Family Education Rights and Privacy Act (FERPA). Continue reading for more detailed information about DCCCD's Privacy and Security Commitment."", ""value"": ""Introductory/Generic""}}",Not specified,http://www.dcccd.edu/Pages/PrivacySecurity.aspx
14475,test_category_labeling_highlight_upitt,123,3700,1,Other,"{""Other Type"": {""endIndexInSegment"": 159, ""startIndexInSegment"": 61, ""selectedText"": ""bound by the Texas Public Information Act and the Family Education Rights and Privacy Act (FERPA)."", ""value"": ""Practice not covered""}}",Not specified,http://www.dcccd.edu/Pages/PrivacySecurity.aspx
4510,test_category_labeling_highlight_upitt,95,3700,2,Other,"{""Other Type"": {""endIndexInSegment"": 309, ""startIndexInSegment"": 9, ""selectedText"": ""Texas Public Information Act The Texas Public Information Act requires disclosure of information by a public body -- unless the law specifically protects the information. Most information kept by a public body is public under the Act. The State Attorney General enforces this Act."", ""value"": ""Introductory/Generic""}}",Not specified,http://www.dcccd.edu/Pages/PrivacySecurity.aspx
7541,test_category_labeling_highlight_upitt,103,3700,2,First Party Collection/Use,"{""Collection Mode"": {""endIndexInSegment"": -1, ""startIndexInSegment"": -1, ""value"": ""not-selected""}, ""Choice Scope"": {""endIndexInSegment"": -1, ""startIndexInSegment"": -1, ""value"": ""not-selected""}, ""Action First-Party"": {""endIndexInSegment"": 263, ""startIndexInSegment"": 200, ""selectedText"": ""Most information kept by a public body is public under the Act."", ""value"": ""Unspecified""}, ""Personal Information Type"": {""endIndexInSegment"": 125, ""startIndexInSegment"": 114, ""selectedText"": ""information"", ""value"": ""Unspecified""}, ""Choice Type"": {""endIndexInSegment"": -1, ""startIndexInSegment"": -1, ""value"": ""not-selected""}, ""Identifiability"": {""endIndexInSegment"": -1, ""startIndexInSegment"": -1, ""value"": ""not-selected""}, ""Does/Does Not"": {""endIndexInSegment"": -1, ""startIndexInSegment"": -1, ""value"": ""Does""}, ""User Type"": {""endIndexInSegment"": -1, ""startIndexInSegment"": -1, ""value"": ""not-selected""}, ""Purpose"": {""endIndexInSegment"": 309, ""startIndexInSegment"": 58, ""selectedText"": ""The Texas Public Information Act requires disclosure of information by a public body -- unless the law specifically protects the information. Most information kept by a public body is public under the Act. The State Attorney General enforces this Act."", ""value"": ""Legal requirement""}}",Not specified,http://www.dcccd.edu/Pages/PrivacySecurity.aspx
7542,test_category_labeling_highlight_upitt,103,3700,2,Data Retention,"{""Personal Information Type"": {""endIndexInSegment"": 125, ""startIndexInSegment"": 114, ""selectedText"": ""information"", ""value"": ""Unspecified""}, ""Retention Period"": {""endIndexInSegment"": 263, ""startIndexInSegment"": 200, ""selectedText"": ""Most information kept by a public body is public under the Act."", ""value"": ""Unspecified""}, ""Retention Purpose"": {""endIndexInSegment"": 309, ""startIndexInSegment"": 58, ""selectedText"": ""The Texas Public Information Act requires disclosure of information by a public body -- unless the law specifically protects the information. Most information kept by a public body is public under the Act. The State Attorney General enforces this Act."", ""value"": ""Legal requirement""}}",Not specified,http://www.dcccd.edu/Pages/PrivacySecurity.aspx
14476,test_category_labeling_highlight_upitt,123,3700,2,Other,"{""Other Type"": {""endIndexInSegment"": 309, ""startIndexInSegment"": 9, ""selectedText"": ""Texas Public Information Act The Texas Public Information Act requires disclosure of information by a public body -- unless the law specifically protects the information. Most information kept by a public body is public under the Act. The State Attorney General enforces this Act."", ""value"": ""Introductory/Generic""}}",Not specified,http://www.dcccd.edu/Pages/PrivacySecurity.aspx
4511,test_category_labeling_highlight_upitt,95,3700,3,Other,"{""Other Type"": {""endIndexInSegment"": 321, ""startIndexInSegment"": 9, ""selectedText"": ""Family Education Rights and Privacy Act of 1974 (FERPA) FERPA protects educational records of a student from public disclosure without written permission of the student. Although many exceptions to the Act exist, the exceptions are very limited. The Department of Education enforces this Act."", ""value"": ""Introductory/Generic""}}",Not specified,http://www.dcccd.edu/Pages/PrivacySecurity.aspx
7543,test_category_labeling_highlight_upitt,103,3700,3,Data Security,"{""Security Measure"": {""endIndexInSegment"": 321, ""startIndexInSegment"": 9, ""selectedText"": ""Family Education Rights and Privacy Act of 1974 (FERPA) FERPA protects educational records of a student from public disclosure without written permission of the student. Although many exceptions to the Act exist, the exceptions are very limited. The Department of Education enforces this Act."", ""value"": ""Other""}}",Not specified,http://www.dcccd.edu/Pages/PrivacySecurity.aspx
14477,test_category_labeling_highlight_upitt,123,3700,3,Other,"{""Other Type"": {""endIndexInSegment"": 321, ""startIndexInSegment"": 9, ""selectedText"": ""Family Education Rights and Privacy Act of 1974 (FERPA) FERPA protects educational records of a student from public disclosure without written permission of the student. Although many exceptions to the Act exist, the exceptions are very limited. The Department of Education enforces this Act."", ""value"": ""Introductory/Generic""}}",Not specified,http://www.dcccd.edu/Pages/PrivacySecurity.aspx
4512,test_category_labeling_highlight_upitt,95,3700,4,Third Party Sharing/Collection,"{""Third Party Entity"": {""endIndexInSegment"": 216, ""startIndexInSegment"": 202, ""selectedText"": ""general public"", ""value"": ""Public""}, ""Choice Scope"": {""endIndexInSegment"": 156, ""startIndexInSegment"": 137, ""selectedText"": ""release information"", ""value"": ""Use""}, ""Purpose"": {""endIndexInSegment"": 125, ""startIndexInSegment"": 108, ""selectedText"": ""comply with FERPA"", ""value"": ""Legal requirement""}, ""Personal Information Type"": {""endIndexInSegment"": 428, ""startIndexInSegment"": 303, ""selectedText"": ""name; home address; home telephone number; email addresses;"", ""value"": ""Contact""}, ""Choice Type"": {""endIndexInSegment"": 103, ""startIndexInSegment"": 51, ""selectedText"": ""Unless you request that your information be withheld"", ""value"": ""Other""}, ""Identifiability"": {""endIndexInSegment"": 1097, ""startIndexInSegment"": 303, ""selectedText"": ""name; home address; home telephone number; email addresses; field of study; photograph; dates of attendance; enrollment status, i.e., full-time, part-time, undergraduate, graduate; degrees, certificates and other honors and awards received; the type of award received, i.e., academic, technical, tech-prep, or continuing education; participation in officially recognized activities; weight and height of members of athletic teams; student classification; name of the most recent previous institution attended"", ""value"": ""Identifiable""}, ""Does/Does Not"": {""endIndexInSegment"": 156, ""startIndexInSegment"": 133, ""selectedText"": ""may release information"", ""value"": ""Does""}, ""User Type"": {""endIndexInSegment"": -1, ""startIndexInSegment"": -1, ""value"": ""Unspecified""}, ""Action Third Party"": {""endIndexInSegment"": 156, ""startIndexInSegment"": 137, ""selectedText"": ""release information"", ""value"": ""Receive/Shared with""}}",Not specified,http://www.dcccd.edu/Pages/PrivacySecurity.aspx
4513,test_category_labeling_highlight_upitt,95,3700,4,Third Party Sharing/Collection,"{""Third Party Entity"": {""endIndexInSegment"": 216, ""startIndexInSegment"": 202, ""selectedText"": ""general public"", ""value"": ""Public""}, ""Choice Scope"": {""endIndexInSegment"": 156, ""startIndexInSegment"": 137, ""selectedText"": ""release information"", ""value"": ""Use""}, ""Purpose"": {""endIndexInSegment"": 125, ""startIndexInSegment"": 108, ""selectedText"": ""comply with FERPA"", ""value"": ""Legal requirement""}, ""Personal Information Type"": {""endIndexInSegment"": 905, ""startIndexInSegment"": 451, ""selectedText"": ""field of study; photograph; dates of attendance; enrollment status, i.e., full-time, part-time, undergraduate, graduate; degrees, certificates and other honors and awards received; the type of award received, i.e., academic, technical, tech-prep, or continuing education; participation in officially recognized activities;"", ""value"": ""Demographic""}, ""Choice Type"": {""endIndexInSegment"": 103, ""startIndexInSegment"": 51, ""selectedText"": ""Unless you request that your information be withheld"", ""value"": ""Other""}, ""Identifiability"": {""endIndexInSegment"": 1097, ""startIndexInSegment"": 303, ""selectedText"": ""name; home address; home telephone number; email addresses; field of study; photograph; dates of attendance; enrollment status, i.e., full-time, part-time, undergraduate, graduate; degrees, certificates and other honors and awards received; the type of award received, i.e., academic, technical, tech-prep, or continuing education; participation in officially recognized activities; weight and height of members of athletic teams; student classification; name of the most recent previous institution attended"", ""value"": ""Identifiable""}, ""Does/Does Not"": {""endIndexInSegment"": 156, ""startIndexInSegment"": 133, ""selectedText"": ""may release information"", ""value"": ""Does""}, ""User Type"": {""endIndexInSegment"": -1, ""startIndexInSegment"": -1, ""value"": ""Unspecified""}, ""Action Third Party"": {""endIndexInSegment"": 156, ""startIndexInSegment"": 137, ""selectedText"": ""release information"", ""value"": ""Receive/Shared with""}}",Not specified,http://www.dcccd.edu/Pages/PrivacySecurity.aspx
4514,test_category_labeling_highlight_upitt,95,3700,4,Third Party Sharing/Collection,"{""Third Party Entity"": {""endIndexInSegment"": 216, ""startIndexInSegment"": 202, ""selectedText"": ""general public"", ""value"": ""Public""}, ""Choice Scope"": {""endIndexInSegment"": 156, ""startIndexInSegment"": 137, ""selectedText"": ""release information"", ""value"": ""Use""}, ""Purpose"": {""endIndexInSegment"": 125, ""startIndexInSegment"": 108, ""selectedText"": ""comply with FERPA"", ""value"": ""Legal requirement""}, ""Personal Information Type"": {""endIndexInSegment"": 975, ""startIndexInSegment"": 928, ""selectedText"": ""weight and height of members of athletic teams;"", ""value"": ""Health""}, ""Choice Type"": {""endIndexInSegment"": 103, ""startIndexInSegment"": 51, ""selectedText"": ""Unless you request that your information be withheld"", ""value"": ""Other""}, ""Identifiability"": {""endIndexInSegment"": 1097, ""startIndexInSegment"": 303, ""selectedText"": ""name; home address; home telephone number; email addresses; field of study; photograph; dates of attendance; enrollment status, i.e., full-time, part-time, undergraduate, graduate; degrees, certificates and other honors and awards received; the type of award received, i.e., academic, technical, tech-prep, or continuing education; participation in officially recognized activities; weight and height of members of athletic teams; student classification; name of the most recent previous institution attended"", ""value"": ""Identifiable""}, ""Does/Does Not"": {""endIndexInSegment"": 156, ""startIndexInSegment"": 133, ""selectedText"": ""may release information"", ""value"": ""Does""}, ""User Type"": {""endIndexInSegment"": -1, ""startIndexInSegment"": -1, ""value"": ""Unspecified""}, ""Action Third Party"": {""endIndexInSegment"": 156, ""startIndexInSegment"": 137, ""selectedText"": ""release information"", ""value"": ""Receive/Shared with""}}",Not specified,http://www.dcccd.edu/Pages/PrivacySecurity.aspx
7544,test_category_labeling_highlight_upitt,103,3700,4,User Choice/Control,"{""Choice Type"": {""endIndexInSegment"": 104, ""startIndexInSegment"": 51, ""selectedText"": ""Unless you request that your information be withheld,"", ""value"": ""Opt-out via contacting company""}, ""Choice Scope"": {""endIndexInSegment"": 216, ""startIndexInSegment"": 133, ""selectedText"": ""may release information classified as \""directory information\"" to the general public"", ""value"": ""First party use""}, ""User Type"": {""endIndexInSegment"": -1, ""startIndexInSegment"": -1, ""value"": ""not-selected""}, ""Purpose"": {""endIndexInSegment"": 125, ""startIndexInSegment"": 105, ""selectedText"": ""to comply with FERPA"", ""value"": ""Legal requirement""}, ""Personal Information Type"": {""endIndexInSegment"": 428, ""startIndexInSegment"": 303, ""selectedText"": ""name; </li> </ul> <ul> <li> home address; </li> </ul> <ul> <li> home telephone number; </li> </ul> <ul> <li> email addresses;"", ""value"": ""Contact""}}",Not specified,http://www.dcccd.edu/Pages/PrivacySecurity.aspx
7545,test_category_labeling_highlight_upitt,103,3700,4,User Choice/Control,"{""Choice Type"": {""endIndexInSegment"": 103, ""startIndexInSegment"": 51, ""selectedText"": ""Unless you request that your information be withheld"", ""value"": ""Opt-out via contacting company""}, ""Choice Scope"": {""endIndexInSegment"": 260, ""startIndexInSegment"": 133, ""selectedText"": ""may release information classified as \""directory information\"" to the general public without the written consent of the student."", ""value"": ""First party use""}, ""User Type"": {""endIndexInSegment"": -1, ""startIndexInSegment"": -1, ""value"": ""not-selected""}, ""Purpose"": {""endIndexInSegment"": 126, ""startIndexInSegment"": 105, ""selectedText"": ""to comply with FERPA,"", ""value"": ""Legal requirement""}, ""Personal Information Type"": {""endIndexInSegment"": 1097, ""startIndexInSegment"": 451, ""selectedText"": ""field of study; photograph; dates of attendance; enrollment status, i.e., full-time, part-time, undergraduate, graduate; degrees, certificates and other honors and awards received; the type of award received, i.e., academic, technical, tech-prep, or continuing education; participation in officially recognized activities; weight and height of members of athletic teams; student classification; name of the most recent previous institution attended"", ""value"": ""Demographic""}}",Not specified,http://www.dcccd.edu/Pages/PrivacySecurity.aspx
7547,test_category_labeling_highlight_upitt,103,3700,4,Third Party Sharing/Collection,"{""Third Party Entity"": {""endIndexInSegment"": 216, ""startIndexInSegment"": 195, ""selectedText"": ""to the general public"", ""value"": ""Public""}, ""Choice Scope"": {""endIndexInSegment"": 156, ""startIndexInSegment"": 137, ""selectedText"": ""release information"", ""value"": ""Use""}, ""Purpose"": {""endIndexInSegment"": 125, ""startIndexInSegment"": 105, ""selectedText"": ""to comply with FERPA"", ""value"": ""Legal requirement""}, ""Personal Information Type"": {""endIndexInSegment"": 428, ""startIndexInSegment"": 303, ""selectedText"": ""name; </li> </ul> <ul> <li> home address; </li> </ul> <ul> <li> home telephone number; </li> </ul> <ul> <li> email addresses;"", ""value"": ""Contact""}, ""Choice Type"": {""endIndexInSegment"": 103, ""startIndexInSegment"": 51, ""selectedText"": ""Unless you request that your information be withheld"", ""value"": ""Opt-out via contacting company""}, ""Identifiability"": {""endIndexInSegment"": -1, ""startIndexInSegment"": -1, ""value"": ""not-selected""}, ""Does/Does Not"": {""endIndexInSegment"": -1, ""startIndexInSegment"": -1, ""value"": ""Does""}, ""User Type"": {""endIndexInSegment"": -1, ""startIndexInSegment"": -1, ""value"": ""not-selected""}, ""Action Third Party"": {""endIndexInSegment"": 156, ""startIndexInSegment"": 133, ""selectedText"": ""may release information"", ""value"": ""See""}}",Not specified,http://www.dcccd.edu/Pages/PrivacySecurity.aspx
7548,test_category_labeling_highlight_upitt,103,3700,4,Third Party Sharing/Collection,"{""Third Party Entity"": {""endIndexInSegment"": 216, ""startIndexInSegment"": 198, ""selectedText"": ""the general public"", ""value"": ""Public""}, ""Choice Scope"": {""endIndexInSegment"": -1, ""startIndexInSegment"": -1, ""value"": ""not-selected""}, ""Purpose"": {""endIndexInSegment"": 125, ""startIndexInSegment"": 105, ""selectedText"": ""to comply with FERPA"", ""value"": ""Legal requirement""}, ""Personal Information Type"": {""endIndexInSegment"": 1097, ""startIndexInSegment"": 451, ""selectedText"": ""field of study; photograph; dates of attendance; enrollment status, i.e., full-time, part-time, undergraduate, graduate; degrees, certificates and other honors and awards received; the type of award received, i.e., academic, technical, tech-prep, or continuing education; participation in officially recognized activities; weight and height of members of athletic teams; student classification; name of the most recent previous institution attended"", ""value"": ""Demographic""}, ""Choice Type"": {""endIndexInSegment"": 104, ""startIndexInSegment"": 51, ""selectedText"": ""Unless you request that your information be withheld,"", ""value"": ""Opt-out via contacting company""}, ""Identifiability"": {""endIndexInSegment"": -1, ""startIndexInSegment"": -1, ""value"": ""not-selected""}, ""Does/Does Not"": {""endIndexInSegment"": -1, ""startIndexInSegment"": -1, ""value"": ""Does""}, ""User Type"": {""endIndexInSegment"": -1, ""startIndexInSegment"": -1, ""value"": ""not-selected""}, ""Action Third Party"": {""endIndexInSegment"": 216, ""startIndexInSegment"": 133, ""selectedText"": ""may release information classified as \""directory information\"" to the general public"", ""value"": ""See""}}",Not specified,http://www.dcccd.edu/Pages/PrivacySecurity.aspx
14479,test_category_labeling_highlight_upitt,123,3700,4,Third Party Sharing/Collection,"{""Third Party Entity"": {""endIndexInSegment"": 216, ""startIndexInSegment"": 198, ""selectedText"": ""the general public"", ""value"": ""Public""}, ""Choice Scope"": {""endIndexInSegment"": 156, ""startIndexInSegment"": 133, ""selectedText"": ""may release information"", ""value"": ""Use""}, ""Purpose"": {""endIndexInSegment"": 125, ""startIndexInSegment"": 105, ""selectedText"": ""to comply with FERPA"", ""value"": ""Legal requirement""}, ""Personal Information Type"": {""endIndexInSegment"": 194, ""startIndexInSegment"": 145, ""selectedText"": ""information classified as \""directory information\"""", ""value"": ""Unspecified""}, ""Choice Type"": {""endIndexInSegment"": 103, ""startIndexInSegment"": 58, ""selectedText"": ""you request that your information be withheld"", ""value"": ""Opt-out via contacting company""}, ""Identifiability"": {""endIndexInSegment"": -1, ""startIndexInSegment"": -1, ""value"": ""Unspecified""}, ""Does/Does Not"": {""endIndexInSegment"": 144, ""startIndexInSegment"": 133, ""selectedText"": ""may release"", ""value"": ""Does""}, ""User Type"": {""endIndexInSegment"": -1, ""startIndexInSegment"": -1, ""value"": ""Unspecified""}, ""Action Third Party"": {""endIndexInSegment"": 156, ""startIndexInSegment"": 127, ""selectedText"": ""DCCCD may release information"", ""value"": ""Receive/Shared with""}}",Not specified,http://www.dcccd.edu/Pages/PrivacySecurity.aspx
14480,test_category_labeling_highlight_upitt,123,3700,4,Third Party Sharing/Collection,"{""Third Party Entity"": {""endIndexInSegment"": 216, ""startIndexInSegment"": 198, ""selectedText"": ""the general public"", ""value"": ""Public""}, ""Choice Scope"": {""endIndexInSegment"": 156, ""startIndexInSegment"": 133, ""selectedText"": ""may release information"", ""value"": ""Use""}, ""Purpose"": {""endIndexInSegment"": 125, ""startIndexInSegment"": 105, ""selectedText"": ""to comply with FERPA"", ""value"": ""Legal requirement""}, ""Personal Information Type"": {""endIndexInSegment"": 428, ""startIndexInSegment"": 303, ""selectedText"": ""name; </li> </ul> <ul> <li> home address; </li> </ul> <ul> <li> home telephone number; </li> </ul> <ul> <li> email addresses;"", ""value"": ""Contact""}, ""Choice Type"": {""endIndexInSegment"": 103, ""startIndexInSegment"": 58, ""selectedText"": ""you request that your information be withheld"", ""value"": ""Opt-out via contacting company""}, ""Identifiability"": {""endIndexInSegment"": -1, ""startIndexInSegment"": -1, ""value"": ""Unspecified""}, ""Does/Does Not"": {""endIndexInSegment"": 144, ""startIndexInSegment"": 133, ""selectedText"": ""may release"", ""value"": ""Does""}, ""User Type"": {""endIndexInSegment"": -1, ""startIndexInSegment"": -1, ""value"": ""Unspecified""}, ""Action Third Party"": {""endIndexInSegment"": 156, ""startIndexInSegment"": 127, ""selectedText"": ""DCCCD may release information"", ""value"": ""Receive/Shared with""}}",Not specified,http://www.dcccd.edu/Pages/PrivacySecurity.aspx
14481,test_category_labeling_highlight_upitt,123,3700,4,Third Party Sharing/Collection,"{""Third Party Entity"": {""endIndexInSegment"": 216, ""startIndexInSegment"": 198, ""selectedText"": ""the general public"", ""value"": ""Public""}, ""Choice Scope"": {""endIndexInSegment"": 156, ""startIndexInSegment"": 133, ""selectedText"": ""may release information"", ""value"": ""Use""}, ""Purpose"": {""endIndexInSegment"": 125, ""startIndexInSegment"": 105, ""selectedText"": ""to comply with FERPA"", ""value"": ""Legal requirement""}, ""Personal Information Type"": {""endIndexInSegment"": 466, ""startIndexInSegment"": 451, ""selectedText"": ""field of study;"", ""value"": ""Demographic""}, ""Choice Type"": {""endIndexInSegment"": 103, ""startIndexInSegment"": 58, ""selectedText"": ""you request that your information be withheld"", ""value"": ""Opt-out via contacting company""}, ""Identifiability"": {""endIndexInSegment"": -1, ""startIndexInSegment"": -1, ""value"": ""Unspecified""}, ""Does/Does Not"": {""endIndexInSegment"": 144, ""startIndexInSegment"": 133, ""selectedText"": ""may release"", ""value"": ""Does""}, ""User Type"": {""endIndexInSegment"": -1, ""startIndexInSegment"": -1, ""value"": ""Unspecified""}, ""Action Third Party"": {""endIndexInSegment"": 156, ""startIndexInSegment"": 127, ""selectedText"": ""DCCCD may release information"", ""value"": ""Receive/Shared with""}}",Not specified,http://www.dcccd.edu/Pages/PrivacySecurity.aspx
14482,test_category_labeling_highlight_upitt,123,3700,4,Third Party Sharing/Collection,"{""Third Party Entity"": {""endIndexInSegment"": 216, ""startIndexInSegment"": 198, ""selectedText"": ""the general public"", ""value"": ""Public""}, ""Choice Scope"": {""endIndexInSegment"": 156, ""startIndexInSegment"": 133, ""selectedText"": ""may release information"", ""value"": ""Use""}, ""Purpose"": {""endIndexInSegment"": 125, ""startIndexInSegment"": 105, ""selectedText"": ""to comply with FERPA"", ""value"": ""Legal requirement""}, ""Personal Information Type"": {""endIndexInSegment"": 499, ""startIndexInSegment"": 489, ""selectedText"": ""photograph"", ""value"": ""Personal identifier""}, ""Choice Type"": {""endIndexInSegment"": 103, ""startIndexInSegment"": 58, ""selectedText"": ""you request that your information be withheld"", ""value"": ""Opt-out via contacting company""}, ""Identifiability"": {""endIndexInSegment"": -1, ""startIndexInSegment"": -1, ""value"": ""Unspecified""}, ""Does/Does Not"": {""endIndexInSegment"": 144, ""startIndexInSegment"": 133, ""selectedText"": ""may release"", ""value"": ""Does""}, ""User Type"": {""endIndexInSegment"": -1, ""startIndexInSegment"": -1, ""value"": ""Unspecified""}, ""Action Third Party"": {""endIndexInSegment"": 156, ""startIndexInSegment"": 127, ""selectedText"": ""DCCCD may release information"", ""value"": ""Receive/Shared with""}}",Not specified,http://www.dcccd.edu/Pages/PrivacySecurity.aspx
14483,test_category_labeling_highlight_upitt,123,3700,4,First Party Collection/Use,"{""Collection Mode"": {""endIndexInSegment"": 259, ""startIndexInSegment"": 217, ""selectedText"": ""without the written consent of the student"", ""value"": ""Implicit""}, ""Choice Scope"": {""endIndexInSegment"": 156, ""startIndexInSegment"": 133, ""selectedText"": ""may release information"", ""value"": ""Use""}, ""Action First-Party"": {""endIndexInSegment"": -1, ""startIndexInSegment"": -1, ""value"": ""Unspecified""}, ""Personal Information Type"": {""endIndexInSegment"": 428, ""startIndexInSegment"": 303, ""selectedText"": ""name; home address; home telephone number; email addresses;"", ""value"": ""Contact""}, ""Choice Type"": {""endIndexInSegment"": 103, ""startIndexInSegment"": 51, ""selectedText"": ""Unless you request that your information be withheld"", ""value"": ""Opt-out via contacting company""}, ""Identifiability"": {""endIndexInSegment"": -1, ""startIndexInSegment"": -1, ""value"": ""Unspecified""}, ""Does/Does Not"": {""endIndexInSegment"": 144, ""startIndexInSegment"": 133, ""selectedText"": ""may release"", ""value"": ""Does""}, ""User Type"": {""endIndexInSegment"": -1, ""startIndexInSegment"": -1, ""value"": ""Unspecified""}, ""Purpose"": {""endIndexInSegment"": 125, ""startIndexInSegment"": 105, ""selectedText"": ""to comply with FERPA"", ""value"": ""Legal requirement""}}",Not specified,http://www.dcccd.edu/Pages/PrivacySecurity.aspx
14484,test_category_labeling_highlight_upitt,123,3700,4,First Party Collection/Use,"{""Collection Mode"": {""endIndexInSegment"": 259, ""startIndexInSegment"": 217, ""selectedText"": ""without the written consent of the student"", ""value"": ""Implicit""}, ""Choice Scope"": {""endIndexInSegment"": 156, ""startIndexInSegment"": 133, ""selectedText"": ""may release information"", ""value"": ""Use""}, ""Action First-Party"": {""endIndexInSegment"": -1, ""startIndexInSegment"": -1, ""value"": ""Unspecified""}, ""Personal Information Type"": {""endIndexInSegment"": 465, ""startIndexInSegment"": 451, ""selectedText"": ""field of study"", ""value"": ""Demographic""}, ""Choice Type"": {""endIndexInSegment"": 103, ""startIndexInSegment"": 51, ""selectedText"": ""Unless you request that your information be withheld"", ""value"": ""Opt-out via contacting company""}, ""Identifiability"": {""endIndexInSegment"": -1, ""startIndexInSegment"": -1, ""value"": ""Unspecified""}, ""Does/Does Not"": {""endIndexInSegment"": 144, ""startIndexInSegment"": 133, ""selectedText"": ""may release"", ""value"": ""Does""}, ""User Type"": {""endIndexInSegment"": -1, ""startIndexInSegment"": -1, ""value"": ""Unspecified""}, ""Purpose"": {""endIndexInSegment"": 125, ""startIndexInSegment"": 105, ""selectedText"": ""to comply with FERPA"", ""value"": ""Legal requirement""}}",Not specified,http://www.dcccd.edu/Pages/PrivacySecurity.aspx
14485,test_category_labeling_highlight_upitt,123,3700,4,First Party Collection/Use,"{""Collection Mode"": {""endIndexInSegment"": 259, ""startIndexInSegment"": 217, ""selectedText"": ""without the written consent of the student"", ""value"": ""Implicit""}, ""Choice Scope"": {""endIndexInSegment"": 156, ""startIndexInSegment"": 133, ""selectedText"": ""may release information"", ""value"": ""Use""}, ""Action First-Party"": {""endIndexInSegment"": -1, ""startIndexInSegment"": -1, ""value"": ""Unspecified""}, ""Personal Information Type"": {""endIndexInSegment"": 500, ""startIndexInSegment"": 489, ""selectedText"": ""photograph;"", ""value"": ""Personal identifier""}, ""Choice Type"": {""endIndexInSegment"": 103, ""startIndexInSegment"": 51, ""selectedText"": ""Unless you request that your information be withheld"", ""value"": ""Opt-out via contacting company""}, ""Identifiability"": {""endIndexInSegment"": -1, ""startIndexInSegment"": -1, ""value"": ""Unspecified""}, ""Does/Does Not"": {""endIndexInSegment"": 144, ""startIndexInSegment"": 133, ""selectedText"": ""may release"", ""value"": ""Does""}, ""User Type"": {""endIndexInSegment"": -1, ""startIndexInSegment"": -1, ""value"": ""Unspecified""}, ""Purpose"": {""endIndexInSegment"": 125, ""startIndexInSegment"": 105, ""selectedText"": ""to comply with FERPA"", ""value"": ""Legal requirement""}}",Not specified,http://www.dcccd.edu/Pages/PrivacySecurity.aspx
14486,test_category_labeling_highlight_upitt,123,3700,4,User Choice/Control,"{""Choice Type"": {""endIndexInSegment"": 103, ""startIndexInSegment"": 51, ""selectedText"": ""Unless you request that your information be withheld"", ""value"": ""Opt-out via contacting company""}, ""Choice Scope"": {""endIndexInSegment"": 216, ""startIndexInSegment"": 137, ""selectedText"": ""release information classified as \""directory information\"" to the general public"", ""value"": ""Third party sharing/collection""}, ""User Type"": {""endIndexInSegment"": -1, ""startIndexInSegment"": -1, ""value"": ""Unspecified""}, ""Purpose"": {""endIndexInSegment"": 125, ""startIndexInSegment"": 105, ""selectedText"": ""to comply with FERPA"", ""value"": ""Legal requirement""}, ""Personal Information Type"": {""endIndexInSegment"": 428, ""startIndexInSegment"": 303, ""selectedText"": ""name; </li> </ul> <ul> <li> home address; </li> </ul> <ul> <li> home telephone number; </li> </ul> <ul> <li> email addresses;"", ""value"": ""Contact""}}",Not specified,http://www.dcccd.edu/Pages/PrivacySecurity.aspx
14487,test_category_labeling_highlight_upitt,123,3700,4,User Choice/Control,"{""Choice Type"": {""endIndexInSegment"": 103, ""startIndexInSegment"": 51, ""selectedText"": ""Unless you request that your information be withheld"", ""value"": ""Opt-out via contacting company""}, ""Choice Scope"": {""endIndexInSegment"": 216, ""startIndexInSegment"": 137, ""selectedText"": ""release information classified as \""directory information\"" to the general public"", ""value"": ""Third party sharing/collection""}, ""User Type"": {""endIndexInSegment"": -1, ""startIndexInSegment"": -1, ""value"": ""Unspecified""}, ""Purpose"": {""endIndexInSegment"": 125, ""startIndexInSegment"": 105, ""selectedText"": ""to comply with FERPA"", ""value"": ""Legal requirement""}, ""Personal Information Type"": {""endIndexInSegment"": 499, ""startIndexInSegment"": 489, ""selectedText"": ""photograph"", ""value"": ""Personal identifier""}}",Not specified,http://www.dcccd.edu/Pages/PrivacySecurity.aspx
14488,test_category_labeling_highlight_upitt,123,3700,4,User Choice/Control,"{""Choice Type"": {""endIndexInSegment"": 103, ""startIndexInSegment"": 51, ""selectedText"": ""Unless you request that your information be withheld"", ""value"": ""Opt-out via contacting company""}, ""Choice Scope"": {""endIndexInSegment"": 216, ""startIndexInSegment"": 137, ""selectedText"": ""release information classified as \""directory information\"" to the general public"", ""value"": ""Third party sharing/collection""}, ""User Type"": {""endIndexInSegment"": -1, ""startIndexInSegment"": -1, ""value"": ""Unspecified""}, ""Purpose"": {""endIndexInSegment"": 125, ""startIndexInSegment"": 105, ""selectedText"": ""to comply with FERPA"", ""value"": ""Legal requirement""}, ""Personal Information Type"": {""endIndexInSegment"": 1097, ""startIndexInSegment"": 523, ""selectedText"": ""dates of attendance; enrollment status, i.e., full-time, part-time, undergraduate, graduate; degrees, certificates and other honors and awards received; the type of award received, i.e., academic, technical, tech-prep, or continuing education; participation in officially recognized activities; weight and height of members of athletic teams; student classification; name of the most recent previous institution attended"", ""value"": ""Demographic""}}",Not specified,http://www.dcccd.edu/Pages/PrivacySecurity.aspx
4516,test_category_labeling_highlight_upitt,95,3700,5,User Choice/Control,"{""Choice Type"": {""endIndexInSegment"": 455, ""startIndexInSegment"": 212, ""selectedText"": ""To request withholding of this information, a student shall give written notice (in person, by mail or fax) to the Registrar's Office during the first 12 class days of a Fall or Spring semester or the first four class days of a Summer session."", ""value"": ""Opt-out via contacting company""}, ""Choice Scope"": {""endIndexInSegment"": 67, ""startIndexInSegment"": 16, ""selectedText"": ""request that your directory information be withheld"", ""value"": ""First party use""}, ""User Type"": {""endIndexInSegment"": -1, ""startIndexInSegment"": -1, ""value"": ""Unspecified""}, ""Purpose"": {""endIndexInSegment"": -1, ""startIndexInSegment"": -1, ""value"": ""Unspecified""}, ""Personal Information Type"": {""endIndexInSegment"": 55, ""startIndexInSegment"": 34, ""selectedText"": ""directory information"", ""value"": ""Other""}}",Not specified,http://www.dcccd.edu/Pages/PrivacySecurity.aspx
4517,test_category_labeling_highlight_upitt,95,3700,5,User Choice/Control,"{""Choice Type"": {""endIndexInSegment"": 660, ""startIndexInSegment"": 456, ""selectedText"": ""If they are unable to provide written notice within these time frames, credit students may protect their directory information at any time during the academic year through eConnect's 'My Privacy' feature."", ""value"": ""First-party privacy controls""}, ""Choice Scope"": {""endIndexInSegment"": 67, ""startIndexInSegment"": 16, ""selectedText"": ""request that your directory information be withheld"", ""value"": ""First party use""}, ""User Type"": {""endIndexInSegment"": -1, ""startIndexInSegment"": -1, ""value"": ""Unspecified""}, ""Purpose"": {""endIndexInSegment"": -1, ""startIndexInSegment"": -1, ""value"": ""Unspecified""}, ""Personal Information Type"": {""endIndexInSegment"": 55, ""startIndexInSegment"": 34, ""selectedText"": ""directory information"", ""value"": ""Other""}}",Not specified,http://www.dcccd.edu/Pages/PrivacySecurity.aspx
7546,test_category_labeling_highlight_upitt,103,3700,5,User Choice/Control,"{""Choice Type"": {""endIndexInSegment"": 660, ""startIndexInSegment"": 88, ""selectedText"": ""A student may request that the institution withhold from the public all or any part of the student's directory information. To request withholding of this information, a student shall give written notice (in person, by mail or fax) to the Registrar's Office during the first 12 class days of a Fall or Spring semester or the first four class days of a Summer session. If they are unable to provide written notice within these time frames, credit students may protect their directory information at any time during the academic year through eConnect's 'My Privacy' feature."", ""value"": ""Opt-out via contacting company""}, ""Choice Scope"": {""endIndexInSegment"": 211, ""startIndexInSegment"": 88, ""selectedText"": ""A student may request that the institution withhold from the public all or any part of the student's directory information."", ""value"": ""First party use""}, ""User Type"": {""endIndexInSegment"": -1, ""startIndexInSegment"": -1, ""value"": ""not-selected""}, ""Purpose"": {""endIndexInSegment"": -1, ""startIndexInSegment"": -1, ""value"": ""Unspecified""}, ""Personal Information Type"": {""endIndexInSegment"": 211, ""startIndexInSegment"": 156, ""selectedText"": ""all or any part of the student's directory information."", ""value"": ""Unspecified""}}",Not specified,http://www.dcccd.edu/Pages/PrivacySecurity.aspx
14489,test_category_labeling_highlight_upitt,123,3700,5,User Choice/Control,"{""Choice Type"": {""endIndexInSegment"": 455, ""startIndexInSegment"": 212, ""selectedText"": ""To request withholding of this information, a student shall give written notice (in person, by mail or fax) to the Registrar's Office during the first 12 class days of a Fall or Spring semester or the first four class days of a Summer session."", ""value"": ""Opt-out via contacting company""}, ""Choice Scope"": {""endIndexInSegment"": 211, ""startIndexInSegment"": 88, ""selectedText"": ""A student may request that the institution withhold from the public all or any part of the student's directory information."", ""value"": ""Third party sharing/collection""}, ""User Type"": {""endIndexInSegment"": -1, ""startIndexInSegment"": -1, ""value"": ""Unspecified""}, ""Purpose"": {""endIndexInSegment"": -1, ""startIndexInSegment"": -1, ""value"": ""Unspecified""}, ""Personal Information Type"": {""endIndexInSegment"": 210, ""startIndexInSegment"": 189, ""selectedText"": ""directory information"", ""value"": ""Contact""}}",Not specified,http://www.dcccd.edu/Pages/PrivacySecurity.aspx
14491,test_category_labeling_highlight_upitt,123,3700,5,User Choice/Control,"{""Choice Type"": {""endIndexInSegment"": 455, ""startIndexInSegment"": 212, ""selectedText"": ""To request withholding of this information, a student shall give written notice (in person, by mail or fax) to the Registrar's Office during the first 12 class days of a Fall or Spring semester or the first four class days of a Summer session."", ""value"": ""Opt-out via contacting company""}, ""Choice Scope"": {""endIndexInSegment"": 211, ""startIndexInSegment"": 88, ""selectedText"": ""A student may request that the institution withhold from the public all or any part of the student's directory information."", ""value"": ""Third party sharing/collection""}, ""User Type"": {""endIndexInSegment"": -1, ""startIndexInSegment"": -1, ""value"": ""Unspecified""}, ""Purpose"": {""endIndexInSegment"": -1, ""startIndexInSegment"": -1, ""value"": ""Unspecified""}, ""Personal Information Type"": {""endIndexInSegment"": 210, ""startIndexInSegment"": 189, ""selectedText"": ""directory information"", ""value"": ""Demographic""}}",Not specified,http://www.dcccd.edu/Pages/PrivacySecurity.aspx
14492,test_category_labeling_highlight_upitt,123,3700,5,User Choice/Control,"{""Choice Type"": {""endIndexInSegment"": 455, ""startIndexInSegment"": 212, ""selectedText"": ""To request withholding of this information, a student shall give written notice (in person, by mail or fax) to the Registrar's Office during the first 12 class days of a Fall or Spring semester or the first four class days of a Summer session."", ""value"": ""Opt-out via contacting company""}, ""Choice Scope"": {""endIndexInSegment"": 211, ""startIndexInSegment"": 88, ""selectedText"": ""A student may request that the institution withhold from the public all or any part of the student's directory information."", ""value"": ""Third party sharing/collection""}, ""User Type"": {""endIndexInSegment"": -1, ""startIndexInSegment"": -1, ""value"": ""Unspecified""}, ""Purpose"": {""endIndexInSegment"": -1, ""startIndexInSegment"": -1, ""value"": ""Unspecified""}, ""Personal Information Type"": {""endIndexInSegment"": 210, ""startIndexInSegment"": 189, ""selectedText"": ""directory information"", ""value"": ""Personal identifier""}}",Not specified,http://www.dcccd.edu/Pages/PrivacySecurity.aspx
14493,test_category_labeling_highlight_upitt,123,3700,5,User Choice/Control,"{""Choice Type"": {""endIndexInSegment"": -1, ""startIndexInSegment"": -1, ""value"": ""First-party privacy controls""}, ""Choice Scope"": {""endIndexInSegment"": -1, ""startIndexInSegment"": -1, ""value"": ""Third party sharing/collection""}, ""User Type"": {""endIndexInSegment"": -1, ""startIndexInSegment"": -1, ""value"": ""Unspecified""}, ""Purpose"": {""endIndexInSegment"": -1, ""startIndexInSegment"": -1, ""value"": ""Unspecified""}, ""Personal Information Type"": {""endIndexInSegment"": 582, ""startIndexInSegment"": 561, ""selectedText"": ""directory information"", ""value"": ""Demographic""}}",Not specified,http://www.dcccd.edu/Pages/PrivacySecurity.aspx
14494,test_category_labeling_highlight_upitt,123,3700,5,User Choice/Control,"{""Choice Type"": {""endIndexInSegment"": -1, ""startIndexInSegment"": -1, ""value"": ""First-party privacy controls""}, ""Choice Scope"": {""endIndexInSegment"": -1, ""startIndexInSegment"": -1, ""value"": ""Third party sharing/collection""}, ""User Type"": {""endIndexInSegment"": -1, ""startIndexInSegment"": -1, ""value"": ""Unspecified""}, ""Purpose"": {""endIndexInSegment"": -1, ""startIndexInSegment"": -1, ""value"": ""Unspecified""}, ""Personal Information Type"": {""endIndexInSegment"": 582, ""startIndexInSegment"": 561, ""selectedText"": ""directory information"", ""value"": ""Personal identifier""}}",Not specified,http://www.dcccd.edu/Pages/PrivacySecurity.aspx
4519,test_category_labeling_highlight_upitt,95,3700,6,Third Party Sharing/Collection,"{""Third Party Entity"": {""endIndexInSegment"": 172, ""startIndexInSegment"": 160, ""selectedText"": ""not released"", ""value"": ""Unspecified""}, ""Choice Scope"": {""endIndexInSegment"": 172, ""startIndexInSegment"": 164, ""selectedText"": ""released"", ""value"": ""Use""}, ""Purpose"": {""endIndexInSegment"": -1, ""startIndexInSegment"": -1, ""value"": ""Unspecified""}, ""Personal Information Type"": {""endIndexInSegment"": 155, ""startIndexInSegment"": 124, ""selectedText"": ""Transcripts or academic records"", ""value"": ""Other""}, ""Choice Type"": {""endIndexInSegment"": 208, ""startIndexInSegment"": 173, ""selectedText"": ""without a student's written consent"", ""value"": ""Opt-in""}, ""Identifiability"": {""endIndexInSegment"": 155, ""startIndexInSegment"": 124, ""selectedText"": ""Transcripts or academic records"", ""value"": ""Identifiable""}, ""Does/Does Not"": {""endIndexInSegment"": 172, ""startIndexInSegment"": 156, ""selectedText"": ""are not released"", ""value"": ""Does Not""}, ""User Type"": {""endIndexInSegment"": -1, ""startIndexInSegment"": -1, ""value"": ""Unspecified""}, ""Action Third Party"": {""endIndexInSegment"": 172, ""startIndexInSegment"": 156, ""selectedText"": ""are not released"", ""value"": ""Receive/Shared with""}}",Not specified,http://www.dcccd.edu/Pages/PrivacySecurity.aspx
4521,test_category_labeling_highlight_upitt,95,3700,6,Third Party Sharing/Collection,"{""Third Party Entity"": {""endIndexInSegment"": 172, ""startIndexInSegment"": 160, ""selectedText"": ""not released"", ""value"": ""Unspecified""}, ""Choice Scope"": {""endIndexInSegment"": 234, ""startIndexInSegment"": 209, ""selectedText"": ""except as allowed by law."", ""value"": ""Use""}, ""Purpose"": {""endIndexInSegment"": -1, ""startIndexInSegment"": -1, ""value"": ""Unspecified""}, ""Personal Information Type"": {""endIndexInSegment"": 155, ""startIndexInSegment"": 124, ""selectedText"": ""Transcripts or academic records"", ""value"": ""Other""}, ""Choice Type"": {""endIndexInSegment"": 234, ""startIndexInSegment"": 209, ""selectedText"": ""except as allowed by law."", ""value"": ""Unspecified""}, ""Identifiability"": {""endIndexInSegment"": 155, ""startIndexInSegment"": 124, ""selectedText"": ""Transcripts or academic records"", ""value"": ""Identifiable""}, ""Does/Does Not"": {""endIndexInSegment"": 233, ""startIndexInSegment"": 209, ""selectedText"": ""except as allowed by law"", ""value"": ""Does""}, ""User Type"": {""endIndexInSegment"": -1, ""startIndexInSegment"": -1, ""value"": ""Unspecified""}, ""Action Third Party"": {""endIndexInSegment"": 172, ""startIndexInSegment"": 156, ""selectedText"": ""are not released"", ""value"": ""Receive/Shared with""}}",Not specified,http://www.dcccd.edu/Pages/PrivacySecurity.aspx
4522,test_category_labeling_highlight_upitt,95,3700,6,Third Party Sharing/Collection,"{""Third Party Entity"": {""endIndexInSegment"": 33, ""startIndexInSegment"": 0, ""selectedText"": ""Directory information is released"", ""value"": ""Unspecified""}, ""Choice Scope"": {""endIndexInSegment"": 33, ""startIndexInSegment"": 25, ""selectedText"": ""released"", ""value"": ""Use""}, ""Purpose"": {""endIndexInSegment"": -1, ""startIndexInSegment"": -1, ""value"": ""Unspecified""}, ""Personal Information Type"": {""endIndexInSegment"": 21, ""startIndexInSegment"": 0, ""selectedText"": ""Directory information"", ""value"": ""Unspecified""}, ""Choice Type"": {""endIndexInSegment"": 59, ""startIndexInSegment"": 39, ""selectedText"": ""upon written request"", ""value"": ""Opt-in""}, ""Identifiability"": {""endIndexInSegment"": 21, ""startIndexInSegment"": 0, ""selectedText"": ""Directory information"", ""value"": ""Unspecified""}, ""Does/Does Not"": {""endIndexInSegment"": 33, ""startIndexInSegment"": 22, ""selectedText"": ""is released"", ""value"": ""Does""}, ""User Type"": {""endIndexInSegment"": -1, ""startIndexInSegment"": -1, ""value"": ""Unspecified""}, ""Action Third Party"": {""endIndexInSegment"": 33, ""startIndexInSegment"": 25, ""selectedText"": ""released"", ""value"": ""Receive/Shared with""}}",Not specified,http://www.dcccd.edu/Pages/PrivacySecurity.aspx
4523,test_category_labeling_highlight_upitt,95,3700,6,Third Party Sharing/Collection,"{""Third Party Entity"": {""endIndexInSegment"": 33, ""startIndexInSegment"": 0, ""selectedText"": ""Directory information is released"", ""value"": ""Unspecified""}, ""Choice Scope"": {""endIndexInSegment"": 33, ""startIndexInSegment"": 25, ""selectedText"": ""released"", ""value"": ""Use""}, ""Purpose"": {""endIndexInSegment"": -1, ""startIndexInSegment"": -1, ""value"": ""Unspecified""}, ""Personal Information Type"": {""endIndexInSegment"": 21, ""startIndexInSegment"": 0, ""selectedText"": ""Directory information"", ""value"": ""Unspecified""}, ""Choice Type"": {""endIndexInSegment"": 83, ""startIndexInSegment"": 60, ""selectedText"": ""unless permitted by law"", ""value"": ""Unspecified""}, ""Identifiability"": {""endIndexInSegment"": 21, ""startIndexInSegment"": 0, ""selectedText"": ""Directory information"", ""value"": ""Unspecified""}, ""Does/Does Not"": {""endIndexInSegment"": 33, ""startIndexInSegment"": 22, ""selectedText"": ""is released"", ""value"": ""Does""}, ""User Type"": {""endIndexInSegment"": -1, ""startIndexInSegment"": -1, ""value"": ""Unspecified""}, ""Action Third Party"": {""endIndexInSegment"": 33, ""startIndexInSegment"": 25, ""selectedText"": ""released"", ""value"": ""Receive/Shared with""}}",Not specified,http://www.dcccd.edu/Pages/PrivacySecurity.aspx
7549,test_category_labeling_highlight_upitt,103,3700,6,First Party Collection/Use,"{""Collection Mode"": {""endIndexInSegment"": -1, ""startIndexInSegment"": -1, ""value"": ""not-selected""}, ""Choice Scope"": {""endIndexInSegment"": -1, ""startIndexInSegment"": -1, ""value"": ""not-selected""}, ""Action First-Party"": {""endIndexInSegment"": 84, ""startIndexInSegment"": 0, ""selectedText"": ""Directory information is released only upon written request unless permitted by law."", ""value"": ""Unspecified""}, ""Personal Information Type"": {""endIndexInSegment"": 21, ""startIndexInSegment"": 0, ""selectedText"": ""Directory information"", ""value"": ""Generic personal information""}, ""Choice Type"": {""endIndexInSegment"": -1, ""startIndexInSegment"": -1, ""value"": ""not-selected""}, ""Identifiability"": {""endIndexInSegment"": -1, ""startIndexInSegment"": -1, ""value"": ""not-selected""}, ""Does/Does Not"": {""endIndexInSegment"": -1, ""startIndexInSegment"": -1, ""value"": ""Does""}, ""User Type"": {""endIndexInSegment"": -1, ""startIndexInSegment"": -1, ""value"": ""not-selected""}, ""Purpose"": {""endIndexInSegment"": 84, ""startIndexInSegment"": 67, ""selectedText"": ""permitted by law."", ""value"": ""Legal requirement""}}",Not specified,http://www.dcccd.edu/Pages/PrivacySecurity.aspx
7550,test_category_labeling_highlight_upitt,103,3700,6,First Party Collection/Use,"{""Collection Mode"": {""endIndexInSegment"": -1, ""startIndexInSegment"": -1, ""value"": ""Unspecified""}, ""Choice Scope"": {""endIndexInSegment"": 172, ""startIndexInSegment"": 164, ""selectedText"": ""released"", ""value"": ""Use""}, ""Action First-Party"": {""endIndexInSegment"": 234, ""startIndexInSegment"": 124, ""selectedText"": ""Transcripts or academic records are not released without a student's written consent except as allowed by law."", ""value"": ""Unspecified""}, ""Personal Information Type"": {""endIndexInSegment"": 155, ""startIndexInSegment"": 124, ""selectedText"": ""Transcripts or academic records"", ""value"": ""Other""}, ""Choice Type"": {""endIndexInSegment"": 208, ""startIndexInSegment"": 173, ""selectedText"": ""without a student's written consent"", ""value"": ""Opt-in""}, ""Identifiability"": {""endIndexInSegment"": -1, ""startIndexInSegment"": -1, ""value"": ""not-selected""}, ""Does/Does Not"": {""endIndexInSegment"": 172, ""startIndexInSegment"": 156, ""selectedText"": ""are not released"", ""value"": ""Does Not""}, ""User Type"": {""endIndexInSegment"": -1, ""startIndexInSegment"": -1, ""value"": ""not-selected""}, ""Purpose"": {""endIndexInSegment"": 234, ""startIndexInSegment"": 209, ""selectedText"": ""except as allowed by law."", ""value"": ""Legal requirement""}}",Not specified,http://www.dcccd.edu/Pages/PrivacySecurity.aspx
14498,test_category_labeling_highlight_upitt,123,3700,6,User Choice/Control,"{""Choice Type"": {""endIndexInSegment"": 59, ""startIndexInSegment"": 34, ""selectedText"": ""only upon written request"", ""value"": ""Opt-in""}, ""Choice Scope"": {""endIndexInSegment"": 33, ""startIndexInSegment"": 0, ""selectedText"": ""Directory information is released"", ""value"": ""Third party sharing/collection""}, ""User Type"": {""endIndexInSegment"": -1, ""startIndexInSegment"": -1, ""value"": ""Unspecified""}, ""Purpose"": {""endIndexInSegment"": -1, ""startIndexInSegment"": -1, ""value"": ""Unspecified""}, ""Personal Information Type"": {""endIndexInSegment"": 21, ""startIndexInSegment"": 0, ""selectedText"": ""Directory information"", ""value"": ""Contact""}}",Not specified,http://www.dcccd.edu/Pages/PrivacySecurity.aspx
14499,test_category_labeling_highlight_upitt,123,3700,6,User Choice/Control,"{""Choice Type"": {""endIndexInSegment"": 59, ""startIndexInSegment"": 34, ""selectedText"": ""only upon written request"", ""value"": ""Opt-in""}, ""Choice Scope"": {""endIndexInSegment"": 33, ""startIndexInSegment"": 0, ""selectedText"": ""Directory information is released"", ""value"": ""Third party sharing/collection""}, ""User Type"": {""endIndexInSegment"": -1, ""startIndexInSegment"": -1, ""value"": ""Unspecified""}, ""Purpose"": {""endIndexInSegment"": -1, ""startIndexInSegment"": -1, ""value"": ""Unspecified""}, ""Personal Information Type"": {""endIndexInSegment"": 21, ""startIndexInSegment"": 0, ""selectedText"": ""Directory information"", ""value"": ""Demographic""}}",Not specified,http://www.dcccd.edu/Pages/PrivacySecurity.aspx
14500,test_category_labeling_highlight_upitt,123,3700,6,User Choice/Control,"{""Choice Type"": {""endIndexInSegment"": 59, ""startIndexInSegment"": 34, ""selectedText"": ""only upon written request"", ""value"": ""Opt-in""}, ""Choice Scope"": {""endIndexInSegment"": 33, ""startIndexInSegment"": 0, ""selectedText"": ""Directory information is released"", ""value"": ""Third party sharing/collection""}, ""User Type"": {""endIndexInSegment"": -1, ""startIndexInSegment"": -1, ""value"": ""Unspecified""}, ""Purpose"": {""endIndexInSegment"": -1, ""startIndexInSegment"": -1, ""value"": ""Unspecified""}, ""Personal Information Type"": {""endIndexInSegment"": 21, ""startIndexInSegment"": 0, ""selectedText"": ""Directory information"", ""value"": ""Personal identifier""}}",Not specified,http://www.dcccd.edu/Pages/PrivacySecurity.aspx
14501,test_category_labeling_highlight_upitt,123,3700,6,User Choice/Control,"{""Choice Type"": {""endIndexInSegment"": 66, ""startIndexInSegment"": 60, ""selectedText"": ""unless"", ""value"": ""Unspecified""}, ""Choice Scope"": {""endIndexInSegment"": 33, ""startIndexInSegment"": 0, ""selectedText"": ""Directory information is released"", ""value"": ""Third party sharing/collection""}, ""User Type"": {""endIndexInSegment"": -1, ""startIndexInSegment"": -1, ""value"": ""Unspecified""}, ""Purpose"": {""endIndexInSegment"": 84, ""startIndexInSegment"": 60, ""selectedText"": ""unless permitted by law."", ""value"": ""Legal requirement""}, ""Personal Information Type"": {""endIndexInSegment"": 21, ""startIndexInSegment"": 0, ""selectedText"": ""Directory information"", ""value"": ""Contact""}}",Not specified,http://www.dcccd.edu/Pages/PrivacySecurity.aspx
14502,test_category_labeling_highlight_upitt,123,3700,6,User Choice/Control,"{""Choice Type"": {""endIndexInSegment"": 66, ""startIndexInSegment"": 60, ""selectedText"": ""unless"", ""value"": ""Unspecified""}, ""Choice Scope"": {""endIndexInSegment"": 33, ""startIndexInSegment"": 0, ""selectedText"": ""Directory information is released"", ""value"": ""Third party sharing/collection""}, ""User Type"": {""endIndexInSegment"": -1, ""startIndexInSegment"": -1, ""value"": ""Unspecified""}, ""Purpose"": {""endIndexInSegment"": 84, ""startIndexInSegment"": 60, ""selectedText"": ""unless permitted by law."", ""value"": ""Legal requirement""}, ""Personal Information Type"": {""endIndexInSegment"": 21, ""startIndexInSegment"": 0, ""selectedText"": ""Directory information"", ""value"": ""Demographic""}}",Not specified,http://www.dcccd.edu/Pages/PrivacySecurity.aspx
14503,test_category_labeling_highlight_upitt,123,3700,6,User Choice/Control,"{""Choice Type"": {""endIndexInSegment"": 66, ""startIndexInSegment"": 60, ""selectedText"": ""unless"", ""value"": ""Unspecified""}, ""Choice Scope"": {""endIndexInSegment"": 33, ""startIndexInSegment"": 0, ""selectedText"": ""Directory information is released"", ""value"": ""Third party sharing/collection""}, ""User Type"": {""endIndexInSegment"": -1, ""startIndexInSegment"": -1, ""value"": ""Unspecified""}, ""Purpose"": {""endIndexInSegment"": 84, ""startIndexInSegment"": 60, ""selectedText"": ""unless permitted by law."", ""value"": ""Legal requirement""}, ""Personal Information Type"": {""endIndexInSegment"": 21, ""startIndexInSegment"": 0, ""selectedText"": ""Directory information"", ""value"": ""Personal identifier""}}",Not specified,http://www.dcccd.edu/Pages/PrivacySecurity.aspx
4524,test_category_labeling_highlight_upitt,95,3700,7,First Party Collection/Use,"{""Collection Mode"": {""endIndexInSegment"": 79, ""startIndexInSegment"": 68, ""selectedText"": ""Web servers"", ""value"": ""Unspecified""}, ""Choice Scope"": {""endIndexInSegment"": -1, ""startIndexInSegment"": -1, ""value"": ""Unspecified""}, ""Action First-Party"": {""endIndexInSegment"": 91, ""startIndexInSegment"": 68, ""selectedText"": ""Web servers only record"", ""value"": ""Collect on website""}, ""Personal Information Type"": {""endIndexInSegment"": 136, ""startIndexInSegment"": 106, ""selectedText"": ""Internet Protocol (IP) address"", ""value"": ""IP address and device IDs""}, ""Choice Type"": {""endIndexInSegment"": -1, ""startIndexInSegment"": -1, ""value"": ""Unspecified""}, ""Identifiability"": {""endIndexInSegment"": 136, ""startIndexInSegment"": 106, ""selectedText"": ""Internet Protocol (IP) address"", ""value"": ""Unspecified""}, ""Does/Does Not"": {""endIndexInSegment"": 91, ""startIndexInSegment"": 80, ""selectedText"": ""only record"", ""value"": ""Does""}, ""User Type"": {""endIndexInSegment"": -1, ""startIndexInSegment"": -1, ""value"": ""Unspecified""}, ""Purpose"": {""endIndexInSegment"": -1, ""startIndexInSegment"": -1, ""value"": ""Unspecified""}}",Not specified,http://www.dcccd.edu/Pages/PrivacySecurity.aspx
7551,test_category_labeling_highlight_upitt,103,3700,7,First Party Collection/Use,"{""Collection Mode"": {""endIndexInSegment"": -1, ""startIndexInSegment"": -1, ""value"": ""not-selected""}, ""Choice Scope"": {""endIndexInSegment"": -1, ""startIndexInSegment"": -1, ""value"": ""not-selected""}, ""Action First-Party"": {""endIndexInSegment"": 91, ""startIndexInSegment"": 9, ""selectedText"": ""Information collected by DCCCD DCCCD's Web servers only record"", ""value"": ""Collect on website""}, ""Personal Information Type"": {""endIndexInSegment"": 136, ""startIndexInSegment"": 106, ""selectedText"": ""Internet Protocol (IP) address"", ""value"": ""IP address and device IDs""}, ""Choice Type"": {""endIndexInSegment"": -1, ""startIndexInSegment"": -1, ""value"": ""not-selected""}, ""Identifiability"": {""endIndexInSegment"": -1, ""startIndexInSegment"": -1, ""value"": ""not-selected""}, ""Does/Does Not"": {""endIndexInSegment"": -1, ""startIndexInSegment"": -1, ""value"": ""Does""}, ""User Type"": {""endIndexInSegment"": 105, ""startIndexInSegment"": 92, ""selectedText"": ""the visitor's"", ""value"": ""Unspecified""}, ""Purpose"": {""endIndexInSegment"": -1, ""startIndexInSegment"": -1, ""value"": ""Unspecified""}}",Not specified,http://www.dcccd.edu/Pages/PrivacySecurity.aspx
14504,test_category_labeling_highlight_upitt,123,3700,7,First Party Collection/Use,"{""Collection Mode"": {""endIndexInSegment"": 91, ""startIndexInSegment"": 85, ""selectedText"": ""record"", ""value"": ""Unspecified""}, ""Choice Scope"": {""endIndexInSegment"": -1, ""startIndexInSegment"": -1, ""value"": ""Unspecified""}, ""Action First-Party"": {""endIndexInSegment"": 91, ""startIndexInSegment"": 68, ""selectedText"": ""Web servers only record"", ""value"": ""Collect on website""}, ""Personal Information Type"": {""endIndexInSegment"": 136, ""startIndexInSegment"": 106, ""selectedText"": ""Internet Protocol (IP) address"", ""value"": ""IP address and device IDs""}, ""Choice Type"": {""endIndexInSegment"": -1, ""startIndexInSegment"": -1, ""value"": ""Unspecified""}, ""Identifiability"": {""endIndexInSegment"": -1, ""startIndexInSegment"": -1, ""value"": ""Unspecified""}, ""Does/Does Not"": {""endIndexInSegment"": 91, ""startIndexInSegment"": 85, ""selectedText"": ""record"", ""value"": ""Does""}, ""User Type"": {""endIndexInSegment"": -1, ""startIndexInSegment"": -1, ""value"": ""Unspecified""}, ""Purpose"": {""endIndexInSegment"": -1, ""startIndexInSegment"": -1, ""value"": ""Unspecified""}}",Not specified,http://www.dcccd.edu/Pages/PrivacySecurity.aspx
4525,test_category_labeling_highlight_upitt,95,3700,8,Third Party Sharing/Collection,"{""Third Party Entity"": {""endIndexInSegment"": 226, ""startIndexInSegment"": 31, ""selectedText"": ""Google Analytics, Google's Display Advertising, Google Display Network Impression Reporting, the DoubleClick Campaign Manager Integration, and Google Analytics Demographics and Interest Reporting"", ""value"": ""Named third party""}, ""Choice Scope"": {""endIndexInSegment"": -1, ""startIndexInSegment"": -1, ""value"": ""Unspecified""}, ""Purpose"": {""endIndexInSegment"": 332, ""startIndexInSegment"": 291, ""selectedText"": ""improve our user experience and services."", ""value"": ""Analytics/Research""}, ""Personal Information Type"": {""endIndexInSegment"": 271, ""startIndexInSegment"": 249, ""selectedText"": ""additional information"", ""value"": ""Unspecified""}, ""Choice Type"": {""endIndexInSegment"": -1, ""startIndexInSegment"": -1, ""value"": ""Unspecified""}, ""Identifiability"": {""endIndexInSegment"": 271, ""startIndexInSegment"": 249, ""selectedText"": ""additional information"", ""value"": ""Unspecified""}, ""Does/Does Not"": {""endIndexInSegment"": 11, ""startIndexInSegment"": 0, ""selectedText"": ""We also use"", ""value"": ""Does""}, ""User Type"": {""endIndexInSegment"": -1, ""startIndexInSegment"": -1, ""value"": ""Unspecified""}, ""Action Third Party"": {""endIndexInSegment"": 248, ""startIndexInSegment"": 228, ""selectedText"": ""to record and review"", ""value"": ""Track on first party website/app""}}",Not specified,http://www.dcccd.edu/Pages/PrivacySecurity.aspx
7552,test_category_labeling_highlight_upitt,103,3700,8,Third Party Sharing/Collection,"{""Third Party Entity"": {""endIndexInSegment"": 227, ""startIndexInSegment"": 12, ""selectedText"": ""Google's services (Google Analytics, Google's Display Advertising, Google Display Network Impression Reporting, the DoubleClick Campaign Manager Integration, and Google Analytics Demographics and Interest Reporting)"", ""value"": ""Named third party""}, ""Choice Scope"": {""endIndexInSegment"": -1, ""startIndexInSegment"": -1, ""value"": ""not-selected""}, ""Purpose"": {""endIndexInSegment"": 332, ""startIndexInSegment"": 288, ""selectedText"": ""to improve our user experience and services."", ""value"": ""Analytics/Research""}, ""Personal Information Type"": {""endIndexInSegment"": 271, ""startIndexInSegment"": 249, ""selectedText"": ""additional information"", ""value"": ""Unspecified""}, ""Choice Type"": {""endIndexInSegment"": -1, ""startIndexInSegment"": -1, ""value"": ""not-selected""}, ""Identifiability"": {""endIndexInSegment"": -1, ""startIndexInSegment"": -1, ""value"": ""not-selected""}, ""Does/Does Not"": {""endIndexInSegment"": -1, ""startIndexInSegment"": -1, ""value"": ""Does""}, ""User Type"": {""endIndexInSegment"": -1, ""startIndexInSegment"": -1, ""value"": ""not-selected""}, ""Action Third Party"": {""endIndexInSegment"": 287, ""startIndexInSegment"": 0, ""selectedText"": ""We also use Google's services (Google Analytics, Google's Display Advertising, Google Display Network Impression Reporting, the DoubleClick Campaign Manager Integration, and Google Analytics Demographics and Interest Reporting) to record and review additional information about our users"", ""value"": ""Unspecified""}}",Not specified,http://www.dcccd.edu/Pages/PrivacySecurity.aspx
14505,test_category_labeling_highlight_upitt,123,3700,8,Third Party Sharing/Collection,"{""Third Party Entity"": {""endIndexInSegment"": 227, ""startIndexInSegment"": 12, ""selectedText"": ""Google's services (Google Analytics, Google's Display Advertising, Google Display Network Impression Reporting, the DoubleClick Campaign Manager Integration, and Google Analytics Demographics and Interest Reporting)"", ""value"": ""Named third party""}, ""Choice Scope"": {""endIndexInSegment"": -1, ""startIndexInSegment"": -1, ""value"": ""Unspecified""}, ""Purpose"": {""endIndexInSegment"": 332, ""startIndexInSegment"": 288, ""selectedText"": ""to improve our user experience and services."", ""value"": ""Analytics/Research""}, ""Personal Information Type"": {""endIndexInSegment"": 271, ""startIndexInSegment"": 249, ""selectedText"": ""additional information"", ""value"": ""Unspecified""}, ""Choice Type"": {""endIndexInSegment"": -1, ""startIndexInSegment"": -1, ""value"": ""Unspecified""}, ""Identifiability"": {""endIndexInSegment"": -1, ""startIndexInSegment"": -1, ""value"": ""Unspecified""}, ""Does/Does Not"": {""endIndexInSegment"": 11, ""startIndexInSegment"": 0, ""selectedText"": ""We also use"", ""value"": ""Does""}, ""User Type"": {""endIndexInSegment"": -1, ""startIndexInSegment"": -1, ""value"": ""Unspecified""}, ""Action Third Party"": {""endIndexInSegment"": 287, ""startIndexInSegment"": 228, ""selectedText"": ""to record and review additional information about our users"", ""value"": ""Collect on first party website/app""}}",Not specified,http://www.dcccd.edu/Pages/PrivacySecurity.aspx
4526,test_category_labeling_highlight_upitt,95,3700,9,User Choice/Control,"{""Choice Type"": {""endIndexInSegment"": 149, ""startIndexInSegment"": 81, ""selectedText"": ""opt-out of the tracking at https://tools.google.com/dlpage/gaoptout."", ""value"": ""Third-party privacy controls""}, ""Choice Scope"": {""endIndexInSegment"": 104, ""startIndexInSegment"": 81, ""selectedText"": ""opt-out of the tracking"", ""value"": ""Third party sharing/collection""}, ""User Type"": {""endIndexInSegment"": -1, ""startIndexInSegment"": -1, ""value"": ""Unspecified""}, ""Purpose"": {""endIndexInSegment"": -1, ""startIndexInSegment"": -1, ""value"": ""Unspecified""}, ""Personal Information Type"": {""endIndexInSegment"": 30, ""startIndexInSegment"": 19, ""selectedText"": ""information"", ""value"": ""Unspecified""}}",Not specified,http://www.dcccd.edu/Pages/PrivacySecurity.aspx
7553,test_category_labeling_highlight_upitt,103,3700,9,User Choice/Control,"{""Choice Type"": {""endIndexInSegment"": 149, ""startIndexInSegment"": 0, ""selectedText"": ""You can review the information Google has about you in Google's Ads Settings and opt-out of the tracking at https://tools.google.com/dlpage/gaoptout."", ""value"": ""Third-party privacy controls""}, ""Choice Scope"": {""endIndexInSegment"": 104, ""startIndexInSegment"": 81, ""selectedText"": ""opt-out of the tracking"", ""value"": ""Third party sharing/collection""}, ""User Type"": {""endIndexInSegment"": -1, ""startIndexInSegment"": -1, ""value"": ""not-selected""}, ""Purpose"": {""endIndexInSegment"": -1, ""startIndexInSegment"": -1, ""value"": ""Unspecified""}, ""Personal Information Type"": {""endIndexInSegment"": 30, ""startIndexInSegment"": 15, ""selectedText"": ""the information"", ""value"": ""Other""}}",Not specified,http://www.dcccd.edu/Pages/PrivacySecurity.aspx
14506,test_category_labeling_highlight_upitt,123,3700,9,"User Access, Edit and Deletion","{""Access Type"": {""endIndexInSegment"": 30, ""startIndexInSegment"": 8, ""selectedText"": ""review the information"", ""value"": ""View""}, ""User Type"": {""endIndexInSegment"": -1, ""startIndexInSegment"": -1, ""value"": ""Unspecified""}, ""Access Scope"": {""endIndexInSegment"": 47, ""startIndexInSegment"": 19, ""selectedText"": ""information Google has about"", ""value"": ""Unspecified""}}",Not specified,http://www.dcccd.edu/Pages/PrivacySecurity.aspx
14507,test_category_labeling_highlight_upitt,123,3700,9,User Choice/Control,"{""Choice Type"": {""endIndexInSegment"": 149, ""startIndexInSegment"": 81, ""selectedText"": ""opt-out of the tracking at https://tools.google.com/dlpage/gaoptout."", ""value"": ""Opt-out link""}, ""Choice Scope"": {""endIndexInSegment"": 104, ""startIndexInSegment"": 96, ""selectedText"": ""tracking"", ""value"": ""Third party sharing/collection""}, ""User Type"": {""endIndexInSegment"": -1, ""startIndexInSegment"": -1, ""value"": ""Unspecified""}, ""Purpose"": {""endIndexInSegment"": -1, ""startIndexInSegment"": -1, ""value"": ""Unspecified""}, ""Personal Information Type"": {""endIndexInSegment"": 51, ""startIndexInSegment"": 19, ""selectedText"": ""information Google has about you"", ""value"": ""Unspecified""}}",Not specified,http://www.dcccd.edu/Pages/PrivacySecurity.aspx
4527,test_category_labeling_highlight_upitt,95,3700,10,First Party Collection/Use,"{""Collection Mode"": {""endIndexInSegment"": 14, ""startIndexInSegment"": 7, ""selectedText"": ""cookies"", ""value"": ""Implicit""}, ""Choice Scope"": {""endIndexInSegment"": -1, ""startIndexInSegment"": -1, ""value"": ""Unspecified""}, ""Action First-Party"": {""endIndexInSegment"": 399, ""startIndexInSegment"": 0, ""selectedText"": ""We use cookies to: Store visitors' preferences; Record session information; Record user-specific information on what pages visitors visit; Customize webpage content on visitors' browser type or other information that the visitor sends; Show DCCCD ads to people who have previously visited our website."", ""value"": ""Collect on website""}, ""Personal Information Type"": {""endIndexInSegment"": 399, ""startIndexInSegment"": 29, ""selectedText"": ""Store visitors' preferences; Record session information; Record user-specific information on what pages visitors visit; Customize webpage content on visitors' browser type or other information that the visitor sends; Show DCCCD ads to people who have previously visited our website."", ""value"": ""User online activities""}, ""Choice Type"": {""endIndexInSegment"": -1, ""startIndexInSegment"": -1, ""value"": ""Unspecified""}, ""Identifiability"": {""endIndexInSegment"": 399, ""startIndexInSegment"": 29, ""selectedText"": ""Store visitors' preferences; Record session information; Record user-specific information on what pages visitors visit; Customize webpage content on visitors' browser type or other information that the visitor sends; Show DCCCD ads to people who have previously visited our website."", ""value"": ""Unspecified""}, ""Does/Does Not"": {""endIndexInSegment"": 14, ""startIndexInSegment"": 0, ""selectedText"": ""We use cookies"", ""value"": ""Does""}, ""User Type"": {""endIndexInSegment"": -1, ""startIndexInSegment"": -1, ""value"": ""Unspecified""}, ""Purpose"": {""endIndexInSegment"": 399, ""startIndexInSegment"": 29, ""selectedText"": ""Store visitors' preferences; Record session information; Record user-specific information on what pages visitors visit; Customize webpage content on visitors' browser type or other information that the visitor sends; Show DCCCD ads to people who have previously visited our website."", ""value"": ""Personalization/Customization""}}",Not specified,http://www.dcccd.edu/Pages/PrivacySecurity.aspx
7554,test_category_labeling_highlight_upitt,103,3700,10,First Party Collection/Use,"{""Collection Mode"": {""endIndexInSegment"": -1, ""startIndexInSegment"": -1, ""value"": ""not-selected""}, ""Choice Scope"": {""endIndexInSegment"": -1, ""startIndexInSegment"": -1, ""value"": ""not-selected""}, ""Action First-Party"": {""endIndexInSegment"": 18, ""startIndexInSegment"": 0, ""selectedText"": ""We use cookies to:"", ""value"": ""Unspecified""}, ""Personal Information Type"": {""endIndexInSegment"": 14, ""startIndexInSegment"": 0, ""selectedText"": ""We use cookies"", ""value"": ""Cookies and tracking elements""}, ""Choice Type"": {""endIndexInSegment"": -1, ""startIndexInSegment"": -1, ""value"": ""not-selected""}, ""Identifiability"": {""endIndexInSegment"": -1, ""startIndexInSegment"": -1, ""value"": ""not-selected""}, ""Does/Does Not"": {""endIndexInSegment"": -1, ""startIndexInSegment"": -1, ""value"": ""Does""}, ""User Type"": {""endIndexInSegment"": -1, ""startIndexInSegment"": -1, ""value"": ""not-selected""}, ""Purpose"": {""endIndexInSegment"": 311, ""startIndexInSegment"": 29, ""selectedText"": ""Store visitors' preferences; Record session information; Record user-specific information on what pages visitors visit; Customize webpage content on visitors' browser type or other information that the visitor sends;"", ""value"": ""Personalization/Customization""}}",Not specified,http://www.dcccd.edu/Pages/PrivacySecurity.aspx
7555,test_category_labeling_highlight_upitt,103,3700,10,First Party Collection/Use,"{""Collection Mode"": {""endIndexInSegment"": -1, ""startIndexInSegment"": -1, ""value"": ""not-selected""}, ""Choice Scope"": {""endIndexInSegment"": -1, ""startIndexInSegment"": -1, ""value"": ""not-selected""}, ""Action First-Party"": {""endIndexInSegment"": 18, ""startIndexInSegment"": 0, ""selectedText"": ""We use cookies to:"", ""value"": ""Unspecified""}, ""Personal Information Type"": {""endIndexInSegment"": 14, ""startIndexInSegment"": 0, ""selectedText"": ""We use cookies"", ""value"": ""Cookies and tracking elements""}, ""Choice Type"": {""endIndexInSegment"": -1, ""startIndexInSegment"": -1, ""value"": ""not-selected""}, ""Identifiability"": {""endIndexInSegment"": -1, ""startIndexInSegment"": -1, ""value"": ""not-selected""}, ""Does/Does Not"": {""endIndexInSegment"": -1, ""startIndexInSegment"": -1, ""value"": ""Does""}, ""User Type"": {""endIndexInSegment"": -1, ""startIndexInSegment"": -1, ""value"": ""not-selected""}, ""Purpose"": {""endIndexInSegment"": 399, ""startIndexInSegment"": 334, ""selectedText"": ""Show DCCCD ads to people who have previously visited our website."", ""value"": ""Advertising""}}",Not specified,http://www.dcccd.edu/Pages/PrivacySecurity.aspx
14508,test_category_labeling_highlight_upitt,123,3700,10,First Party Collection/Use,"{""Collection Mode"": {""endIndexInSegment"": -1, ""startIndexInSegment"": -1, ""value"": ""Unspecified""}, ""Choice Scope"": {""endIndexInSegment"": -1, ""startIndexInSegment"": -1, ""value"": ""Unspecified""}, ""Action First-Party"": {""endIndexInSegment"": 398, ""startIndexInSegment"": 379, ""selectedText"": ""visited our website"", ""value"": ""Collect on website""}, ""Personal Information Type"": {""endIndexInSegment"": 14, ""startIndexInSegment"": 7, ""selectedText"": ""cookies"", ""value"": ""Cookies and tracking elements""}, ""Choice Type"": {""endIndexInSegment"": -1, ""startIndexInSegment"": -1, ""value"": ""Unspecified""}, ""Identifiability"": {""endIndexInSegment"": -1, ""startIndexInSegment"": -1, ""value"": ""Unspecified""}, ""Does/Does Not"": {""endIndexInSegment"": 14, ""startIndexInSegment"": 0, ""selectedText"": ""We use cookies"", ""value"": ""Does""}, ""User Type"": {""endIndexInSegment"": -1, ""startIndexInSegment"": -1, ""value"": ""Unspecified""}, ""Purpose"": {""endIndexInSegment"": 348, ""startIndexInSegment"": 334, ""selectedText"": ""Show DCCCD ads"", ""value"": ""Advertising""}}",Not specified,http://www.dcccd.edu/Pages/PrivacySecurity.aspx
14509,test_category_labeling_highlight_upitt,123,3700,10,First Party Collection/Use,"{""Collection Mode"": {""endIndexInSegment"": -1, ""startIndexInSegment"": -1, ""value"": ""Unspecified""}, ""Choice Scope"": {""endIndexInSegment"": -1, ""startIndexInSegment"": -1, ""value"": ""Unspecified""}, ""Action First-Party"": {""endIndexInSegment"": 398, ""startIndexInSegment"": 379, ""selectedText"": ""visited our website"", ""value"": ""Collect on website""}, ""Personal Information Type"": {""endIndexInSegment"": 14, ""startIndexInSegment"": 7, ""selectedText"": ""cookies"", ""value"": ""Cookies and tracking elements""}, ""Choice Type"": {""endIndexInSegment"": -1, ""startIndexInSegment"": -1, ""value"": ""Unspecified""}, ""Identifiability"": {""endIndexInSegment"": -1, ""startIndexInSegment"": -1, ""value"": ""Unspecified""}, ""Does/Does Not"": {""endIndexInSegment"": 14, ""startIndexInSegment"": 0, ""selectedText"": ""We use cookies"", ""value"": ""Does""}, ""User Type"": {""endIndexInSegment"": -1, ""startIndexInSegment"": -1, ""value"": ""Unspecified""}, ""Purpose"": {""endIndexInSegment"": 311, ""startIndexInSegment"": 215, ""selectedText"": ""Customize webpage content on visitors' browser type or other information that the visitor sends;"", ""value"": ""Personalization/Customization""}}",Not specified,http://www.dcccd.edu/Pages/PrivacySecurity.aspx
14510,test_category_labeling_highlight_upitt,123,3700,10,First Party Collection/Use,"{""Collection Mode"": {""endIndexInSegment"": -1, ""startIndexInSegment"": -1, ""value"": ""Unspecified""}, ""Choice Scope"": {""endIndexInSegment"": -1, ""startIndexInSegment"": -1, ""value"": ""Unspecified""}, ""Action First-Party"": {""endIndexInSegment"": 398, ""startIndexInSegment"": 379, ""selectedText"": ""visited our website"", ""value"": ""Collect on website""}, ""Personal Information Type"": {""endIndexInSegment"": 14, ""startIndexInSegment"": 7, ""selectedText"": ""cookies"", ""value"": ""Cookies and tracking elements""}, ""Choice Type"": {""endIndexInSegment"": -1, ""startIndexInSegment"": -1, ""value"": ""Unspecified""}, ""Identifiability"": {""endIndexInSegment"": -1, ""startIndexInSegment"": -1, ""value"": ""Unspecified""}, ""Does/Does Not"": {""endIndexInSegment"": 14, ""startIndexInSegment"": 0, ""selectedText"": ""We use cookies"", ""value"": ""Does""}, ""User Type"": {""endIndexInSegment"": -1, ""startIndexInSegment"": -1, ""value"": ""Unspecified""}, ""Purpose"": {""endIndexInSegment"": 192, ""startIndexInSegment"": 80, ""selectedText"": ""Record session information; Record user-specific information on what pages visitors visit;"", ""value"": ""Analytics/Research""}}",Not specified,http://www.dcccd.edu/Pages/PrivacySecurity.aspx
4528,test_category_labeling_highlight_upitt,95,3700,11,"User Access, Edit and Deletion","{""Access Type"": {""endIndexInSegment"": 396, ""startIndexInSegment"": 172, ""selectedText"": ""obtain access to their personal information through eConnect, a secure web interface that requires you to enter your student identification number and a password. The following information is available to registered students"", ""value"": ""View""}, ""User Type"": {""endIndexInSegment"": 167, ""startIndexInSegment"": 58, ""selectedText"": ""Currently enrolled (or recently enrolled) credit students who are registered at one of DCCCD's nine locations"", ""value"": ""User with account""}, ""Access Scope"": {""endIndexInSegment"": 629, ""startIndexInSegment"": 612, ""selectedText"": ""Student ID number"", ""value"": ""User account data""}}",Not specified,http://www.dcccd.edu/Pages/PrivacySecurity.aspx
4529,test_category_labeling_highlight_upitt,95,3700,11,"User Access, Edit and Deletion","{""Access Type"": {""endIndexInSegment"": 396, ""startIndexInSegment"": 172, ""selectedText"": ""obtain access to their personal information through eConnect, a secure web interface that requires you to enter your student identification number and a password. The following information is available to registered students"", ""value"": ""View""}, ""User Type"": {""endIndexInSegment"": 167, ""startIndexInSegment"": 58, ""selectedText"": ""Currently enrolled (or recently enrolled) credit students who are registered at one of DCCCD's nine locations"", ""value"": ""User with account""}, ""Access Scope"": {""endIndexInSegment"": 589, ""startIndexInSegment"": 493, ""selectedText"": ""Financial Aid information Grades Payment information"", ""value"": ""Transactional data""}}",Not specified,http://www.dcccd.edu/Pages/PrivacySecurity.aspx
4530,test_category_labeling_highlight_upitt,95,3700,11,"User Access, Edit and Deletion","{""Access Type"": {""endIndexInSegment"": 396, ""startIndexInSegment"": 172, ""selectedText"": ""obtain access to their personal information through eConnect, a secure web interface that requires you to enter your student identification number and a password. The following information is available to registered students"", ""value"": ""View""}, ""User Type"": {""endIndexInSegment"": 167, ""startIndexInSegment"": 58, ""selectedText"": ""Currently enrolled (or recently enrolled) credit students who are registered at one of DCCCD's nine locations"", ""value"": ""User with account""}, ""Access Scope"": {""endIndexInSegment"": 679, ""startIndexInSegment"": 652, ""selectedText"": ""Student Information Profile"", ""value"": ""Profile data""}}",Not specified,http://www.dcccd.edu/Pages/PrivacySecurity.aspx
4531,test_category_labeling_highlight_upitt,95,3700,11,"User Access, Edit and Deletion","{""Access Type"": {""endIndexInSegment"": 396, ""startIndexInSegment"": 172, ""selectedText"": ""obtain access to their personal information through eConnect, a secure web interface that requires you to enter your student identification number and a password. The following information is available to registered students"", ""value"": ""View""}, ""User Type"": {""endIndexInSegment"": 167, ""startIndexInSegment"": 58, ""selectedText"": ""Currently enrolled (or recently enrolled) credit students who are registered at one of DCCCD's nine locations"", ""value"": ""User with account""}, ""Access Scope"": {""endIndexInSegment"": 434, ""startIndexInSegment"": 408, ""selectedText"": ""Class schedule information"", ""value"": ""Other data about user""}}",Not specified,http://www.dcccd.edu/Pages/PrivacySecurity.aspx
7556,test_category_labeling_highlight_upitt,103,3700,11,"User Access, Edit and Deletion","{""Access Type"": {""endIndexInSegment"": 37, ""startIndexInSegment"": 9, ""selectedText"": ""How to view your information"", ""value"": ""View""}, ""User Type"": {""endIndexInSegment"": 167, ""startIndexInSegment"": 58, ""selectedText"": ""Currently enrolled (or recently enrolled) credit students who are registered at one of DCCCD's nine locations"", ""value"": ""User with account""}, ""Access Scope"": {""endIndexInSegment"": 846, ""startIndexInSegment"": 408, ""selectedText"": ""Class schedule information Email address Financial Aid information Grades Payment information Student ID number Student Information Profile Registration summary/fee receipts that contain: Address Class schedule information Student ID number"", ""value"": ""User account data""}}",Not specified,http://www.dcccd.edu/Pages/PrivacySecurity.aspx
7557,test_category_labeling_highlight_upitt,103,3700,11,Data Security,"{""Security Measure"": {""endIndexInSegment"": 332, ""startIndexInSegment"": 234, ""selectedText"": ""a secure web interface that requires you to enter your student identification number and a passwor"", ""value"": ""Secure user authentication""}}",Not specified,http://www.dcccd.edu/Pages/PrivacySecurity.aspx
14511,test_category_labeling_highlight_upitt,123,3700,11,"User Access, Edit and Deletion","{""Access Type"": {""endIndexInSegment"": 215, ""startIndexInSegment"": 179, ""selectedText"": ""access to their personal information"", ""value"": ""View""}, ""User Type"": {""endIndexInSegment"": 134, ""startIndexInSegment"": 58, ""selectedText"": ""Currently enrolled (or recently enrolled) credit students who are registered"", ""value"": ""User with account""}, ""Access Scope"": {""endIndexInSegment"": 846, ""startIndexInSegment"": 408, ""selectedText"": ""Class schedule information Email address Financial Aid information Grades Payment information Student ID number Student Information Profile Registration summary/fee receipts that contain: Address Class schedule information Student ID number"", ""value"": ""User account data""}}",Not specified,http://www.dcccd.edu/Pages/PrivacySecurity.aspx
4532,test_category_labeling_highlight_upitt,95,3700,12,"User Access, Edit and Deletion","{""Access Type"": {""endIndexInSegment"": 226, ""startIndexInSegment"": 142, ""selectedText"": ""correct their Student Information Profile and email address online through eConnect."", ""value"": ""Edit information""}, ""User Type"": {""endIndexInSegment"": 137, ""startIndexInSegment"": 71, ""selectedText"": ""Currently enrolled (or recently enrolled students) credit students"", ""value"": ""User with account""}, ""Access Scope"": {""endIndexInSegment"": 183, ""startIndexInSegment"": 156, ""selectedText"": ""Student Information Profile"", ""value"": ""Profile data""}}",Not specified,http://www.dcccd.edu/Pages/PrivacySecurity.aspx
4533,test_category_labeling_highlight_upitt,95,3700,12,"User Access, Edit and Deletion","{""Access Type"": {""endIndexInSegment"": 226, ""startIndexInSegment"": 142, ""selectedText"": ""correct their Student Information Profile and email address online through eConnect."", ""value"": ""Edit information""}, ""User Type"": {""endIndexInSegment"": 137, ""startIndexInSegment"": 71, ""selectedText"": ""Currently enrolled (or recently enrolled students) credit students"", ""value"": ""User with account""}, ""Access Scope"": {""endIndexInSegment"": 201, ""startIndexInSegment"": 188, ""selectedText"": ""email address"", ""value"": ""User account data""}}",Not specified,http://www.dcccd.edu/Pages/PrivacySecurity.aspx
7558,test_category_labeling_highlight_upitt,103,3700,12,"User Access, Edit and Deletion","{""Access Type"": {""endIndexInSegment"": 50, ""startIndexInSegment"": 9, ""selectedText"": ""How to update/correct your student record"", ""value"": ""Edit information""}, ""User Type"": {""endIndexInSegment"": 137, ""startIndexInSegment"": 71, ""selectedText"": ""Currently enrolled (or recently enrolled students) credit students"", ""value"": ""User with account""}, ""Access Scope"": {""endIndexInSegment"": 201, ""startIndexInSegment"": 156, ""selectedText"": ""Student Information Profile and email address"", ""value"": ""User account data""}}",Not specified,http://www.dcccd.edu/Pages/PrivacySecurity.aspx
14512,test_category_labeling_highlight_upitt,123,3700,12,"User Access, Edit and Deletion","{""Access Type"": {""endIndexInSegment"": 149, ""startIndexInSegment"": 142, ""selectedText"": ""correct"", ""value"": ""Edit information""}, ""User Type"": {""endIndexInSegment"": 137, ""startIndexInSegment"": 71, ""selectedText"": ""Currently enrolled (or recently enrolled students) credit students"", ""value"": ""User with account""}, ""Access Scope"": {""endIndexInSegment"": 183, ""startIndexInSegment"": 156, ""selectedText"": ""Student Information Profile"", ""value"": ""Profile data""}}",Not specified,http://www.dcccd.edu/Pages/PrivacySecurity.aspx
14513,test_category_labeling_highlight_upitt,123,3700,12,"User Access, Edit and Deletion","{""Access Type"": {""endIndexInSegment"": 149, ""startIndexInSegment"": 142, ""selectedText"": ""correct"", ""value"": ""Edit information""}, ""User Type"": {""endIndexInSegment"": 137, ""startIndexInSegment"": 71, ""selectedText"": ""Currently enrolled (or recently enrolled students) credit students"", ""value"": ""User with account""}, ""Access Scope"": {""endIndexInSegment"": 201, ""startIndexInSegment"": 188, ""selectedText"": ""email address"", ""value"": ""User account data""}}",Not specified,http://www.dcccd.edu/Pages/PrivacySecurity.aspx
4534,test_category_labeling_highlight_upitt,95,3700,13,"User Access, Edit and Deletion","{""Access Type"": {""endIndexInSegment"": 162, ""startIndexInSegment"": 0, ""selectedText"": ""If any of the remaining personal information in your student record contains an error, please visit the Registrar's Office and request that the error be corrected"", ""value"": ""View""}, ""User Type"": {""endIndexInSegment"": 67, ""startIndexInSegment"": 48, ""selectedText"": ""your student record"", ""value"": ""User with account""}, ""Access Scope"": {""endIndexInSegment"": 44, ""startIndexInSegment"": 14, ""selectedText"": ""remaining personal information"", ""value"": ""User account data""}}",Not specified,http://www.dcccd.edu/Pages/PrivacySecurity.aspx
7559,test_category_labeling_highlight_upitt,103,3700,13,"User Access, Edit and Deletion","{""Access Type"": {""endIndexInSegment"": 163, ""startIndexInSegment"": 127, ""selectedText"": ""request that the error be corrected."", ""value"": ""Other""}, ""User Type"": {""endIndexInSegment"": -1, ""startIndexInSegment"": -1, ""value"": ""not-selected""}, ""Access Scope"": {""endIndexInSegment"": 86, ""startIndexInSegment"": 24, ""selectedText"": ""personal information in your student record contains an error,"", ""value"": ""User account data""}}",Not specified,http://www.dcccd.edu/Pages/PrivacySecurity.aspx
14514,test_category_labeling_highlight_upitt,123,3700,13,"User Access, Edit and Deletion","{""Access Type"": {""endIndexInSegment"": 162, ""startIndexInSegment"": 153, ""selectedText"": ""corrected"", ""value"": ""Edit information""}, ""User Type"": {""endIndexInSegment"": 248, ""startIndexInSegment"": 221, ""selectedText"": ""Dallas TeleCollege students"", ""value"": ""User with account""}, ""Access Scope"": {""endIndexInSegment"": 44, ""startIndexInSegment"": 14, ""selectedText"": ""remaining personal information"", ""value"": ""Other data about user""}}",Not specified,http://www.dcccd.edu/Pages/PrivacySecurity.aspx
4535,test_category_labeling_highlight_upitt,95,3700,14,Data Security,"{""Security Measure"": {""endIndexInSegment"": 225, ""startIndexInSegment"": 163, ""selectedText"": ""the information you entrust to us is not intercepted or abused"", ""value"": ""Secure data transfer""}}",Not specified,http://www.dcccd.edu/Pages/PrivacySecurity.aspx
4536,test_category_labeling_highlight_upitt,95,3700,14,Data Security,"{""Security Measure"": {""endIndexInSegment"": 322, ""startIndexInSegment"": 234, ""selectedText"": ""to protect against the loss, misuse and alteration of the information under our control."", ""value"": ""Secure data storage""}}",Not specified,http://www.dcccd.edu/Pages/PrivacySecurity.aspx
7560,test_category_labeling_highlight_upitt,103,3700,14,Data Security,"{""Security Measure"": {""endIndexInSegment"": 322, ""startIndexInSegment"": 38, ""selectedText"": ""DCCCD has carefully implemented the information technology industry's best practices in security measures to ensure that: 1) the information you entrust to us is not intercepted or abused; and 2) to protect against the loss, misuse and alteration of the information under our control."", ""value"": ""Generic""}}",Not specified,http://www.dcccd.edu/Pages/PrivacySecurity.aspx
14515,test_category_labeling_highlight_upitt,123,3700,14,Data Security,"{""Security Measure"": {""endIndexInSegment"": 322, ""startIndexInSegment"": 38, ""selectedText"": ""DCCCD has carefully implemented the information technology industry's best practices in security measures to ensure that: 1) the information you entrust to us is not intercepted or abused; and 2) to protect against the loss, misuse and alteration of the information under our control."", ""value"": ""Generic""}}",Not specified,http://www.dcccd.edu/Pages/PrivacySecurity.aspx
4538,test_category_labeling_highlight_upitt,95,3700,15,Data Security,"{""Security Measure"": {""endIndexInSegment"": 467, ""startIndexInSegment"": 0, ""selectedText"": ""Industry standard technologies like Secure Socket Layers (SSL) are used to protect your credit card information, email address, social security number and other information so it cannot be read as it travels on the Internet. Verisign, the leading provider of digital trust services, provides secure payment processing for your online transactions with DCCCD's eConnect. For Verisign's security information please visit their website at http://www.verisign.com/truste."", ""value"": ""Secure data transfer""}}",Not specified,http://www.dcccd.edu/Pages/PrivacySecurity.aspx
7561,test_category_labeling_highlight_upitt,103,3700,15,Data Security,"{""Security Measure"": {""endIndexInSegment"": 62, ""startIndexInSegment"": 36, ""selectedText"": ""Secure Socket Layers (SSL)"", ""value"": ""Secure data transfer""}}",Not specified,http://www.dcccd.edu/Pages/PrivacySecurity.aspx
14516,test_category_labeling_highlight_upitt,123,3700,15,Data Security,"{""Security Measure"": {""endIndexInSegment"": 62, ""startIndexInSegment"": 36, ""selectedText"": ""Secure Socket Layers (SSL)"", ""value"": ""Secure data transfer""}}",Not specified,http://www.dcccd.edu/Pages/PrivacySecurity.aspx
14517,test_category_labeling_highlight_upitt,123,3700,15,Data Security,"{""Security Measure"": {""endIndexInSegment"": 369, ""startIndexInSegment"": 225, ""selectedText"": ""Verisign, the leading provider of digital trust services, provides secure payment processing for your online transactions with DCCCD's eConnect."", ""value"": ""Privacy/Security program""}}",Not specified,http://www.dcccd.edu/Pages/PrivacySecurity.aspx
4539,test_category_labeling_highlight_upitt,95,3700,16,Other,"{""Other Type"": {""endIndexInSegment"": 77, ""startIndexInSegment"": 0, ""selectedText"": ""Please send comments or questions to DCCCD's Director of Internet Publishing."", ""value"": ""Privacy contact information""}}",Not specified,http://www.dcccd.edu/Pages/PrivacySecurity.aspx
7562,test_category_labeling_highlight_upitt,103,3700,16,Other,"{""Other Type"": {""endIndexInSegment"": 77, ""startIndexInSegment"": 0, ""selectedText"": ""Please send comments or questions to DCCCD's Director of Internet Publishing."", ""value"": ""Privacy contact information""}}",Not specified,http://www.dcccd.edu/Pages/PrivacySecurity.aspx
14518,test_category_labeling_highlight_upitt,123,3700,16,Other,"{""Other Type"": {""endIndexInSegment"": 77, ""startIndexInSegment"": 0, ""selectedText"": ""Please send comments or questions to DCCCD's Director of Internet Publishing."", ""value"": ""Privacy contact information""}}",Not specified,http://www.dcccd.edu/Pages/PrivacySecurity.aspx
