7741,test_category_labeling_highlight_upitt,95,3707,0,Other,"{""Other Type"": {""endIndexInSegment"": 720, ""startIndexInSegment"": 9, ""selectedText"": ""Terms and Conditions Please refer to the order terms below. If you have any further questions, please contact us. Web orders will ship 5-7 business days from the time of purchase. Any defective items purchased directly from Lodge are eligible for full refund or exchange by contacting customer service. Shipping for returns/exchanges due to non-defect reasons (i.e. wrong size, color, no longer desired) will be the responsibility of the customer. Items bought from retailers should be returned/exchanged at the place of purchase. Transactions are transmitted using 128-bit secure socket layers (SSL) for up-to-date data protection"", ""value"": ""Practice not covered""}}",10/1/14,https://www.lodgemfg.com/page.asp?p_key=0A23CFF9980440FC8D283BC55A36328C
8755,test_category_labeling_highlight_upitt,103,3707,0,Data Security,"{""Security Measure"": {""endIndexInSegment"": 720, ""startIndexInSegment"": 620, ""selectedText"": ""Transactions are transmitted using 128-bit secure socket layers (SSL) for up-to-date data protection"", ""value"": ""Secure data transfer""}}",10/1/14,https://www.lodgemfg.com/page.asp?p_key=0A23CFF9980440FC8D283BC55A36328C
23720,test_category_labeling_highlight_upitt,123,3707,0,Data Security,"{""Security Measure"": {""endIndexInSegment"": 720, ""startIndexInSegment"": 620, ""selectedText"": ""Transactions are transmitted using 128-bit secure socket layers (SSL) for up-to-date data protection"", ""value"": ""Secure data transfer""}}",10/1/14,https://www.lodgemfg.com/page.asp?p_key=0A23CFF9980440FC8D283BC55A36328C
23721,test_category_labeling_highlight_upitt,123,3707,0,Other,"{""Other Type"": {""endIndexInSegment"": 609, ""startIndexInSegment"": 50, ""selectedText"": ""Please refer to the order terms below. If you have any further questions, please contact us. Web orders will ship 5-7 business days from the time of purchase. Any defective items purchased directly from Lodge are eligible for full refund or exchange by contacting customer service. Shipping for returns/exchanges due to non-defect reasons (i.e. wrong size, color, no longer desired) will be the responsibility of the customer. Items bought from retailers should be returned/exchanged at the place of purchase."", ""value"": ""Other""}}",10/1/14,https://www.lodgemfg.com/page.asp?p_key=0A23CFF9980440FC8D283BC55A36328C
7742,test_category_labeling_highlight_upitt,95,3707,1,Other,"{""Other Type"": {""endIndexInSegment"": 613, ""startIndexInSegment"": 9, ""selectedText"": ""Privacy Policy This privacy policy has been compiled to better serve those who are concerned with how their 'Personally identifiable information' (PII) is being used online. PII, as used in US privacy law and information security, is information that can be used on its own or with other information to identify, contact, or locate a single person, or to identify an individual in context. Please read our privacy policy carefully to get a clear understanding of how we collect, use, protect or otherwise handle your Personally Identifiable Information in accordance with our website."", ""value"": ""Introductory/Generic""}}",10/1/14,https://www.lodgemfg.com/page.asp?p_key=0A23CFF9980440FC8D283BC55A36328C
8756,test_category_labeling_highlight_upitt,103,3707,1,Other,"{""Other Type"": {""endIndexInSegment"": 613, ""startIndexInSegment"": 9, ""selectedText"": ""Privacy Policy This privacy policy has been compiled to better serve those who are concerned with how their 'Personally identifiable information' (PII) is being used online. PII, as used in US privacy law and information security, is information that can be used on its own or with other information to identify, contact, or locate a single person, or to identify an individual in context. Please read our privacy policy carefully to get a clear understanding of how we collect, use, protect or otherwise handle your Personally Identifiable Information in accordance with our website."", ""value"": ""Introductory/Generic""}}",10/1/14,https://www.lodgemfg.com/page.asp?p_key=0A23CFF9980440FC8D283BC55A36328C
23722,test_category_labeling_highlight_upitt,123,3707,1,Other,"{""Other Type"": {""endIndexInSegment"": 613, ""startIndexInSegment"": 44, ""selectedText"": ""This privacy policy has been compiled to better serve those who are concerned with how their 'Personally identifiable information' (PII) is being used online. PII, as used in US privacy law and information security, is information that can be used on its own or with other information to identify, contact, or locate a single person, or to identify an individual in context. Please read our privacy policy carefully to get a clear understanding of how we collect, use, protect or otherwise handle your Personally Identifiable Information in accordance with our website."", ""value"": ""Introductory/Generic""}}",10/1/14,https://www.lodgemfg.com/page.asp?p_key=0A23CFF9980440FC8D283BC55A36328C
7743,test_category_labeling_highlight_upitt,95,3707,2,First Party Collection/Use,"{""Collection Mode"": {""endIndexInSegment"": 186, ""startIndexInSegment"": 161, ""selectedText"": ""you may be asked to enter"", ""value"": ""Explicit""}, ""Choice Scope"": {""endIndexInSegment"": 39, ""startIndexInSegment"": 32, ""selectedText"": ""collect"", ""value"": ""Collection""}, ""Action First-Party"": {""endIndexInSegment"": 143, ""startIndexInSegment"": 103, ""selectedText"": ""When ordering or registering on our site"", ""value"": ""Collect on website""}, ""Personal Information Type"": {""endIndexInSegment"": 228, ""startIndexInSegment"": 192, ""selectedText"": ""name, email address, mailing address"", ""value"": ""Contact""}, ""Choice Type"": {""endIndexInSegment"": 186, ""startIndexInSegment"": 161, ""selectedText"": ""you may be asked to enter"", ""value"": ""Dont use service/feature""}, ""Identifiability"": {""endIndexInSegment"": 253, ""startIndexInSegment"": 192, ""selectedText"": ""name, email address, mailing address, credit card information"", ""value"": ""Identifiable""}, ""Does/Does Not"": {""endIndexInSegment"": 304, ""startIndexInSegment"": 161, ""selectedText"": ""you may be asked to enter your name, email address, mailing address, credit card information or other details to help you with your experience."", ""value"": ""Does""}, ""User Type"": {""endIndexInSegment"": -1, ""startIndexInSegment"": -1, ""value"": ""Unspecified""}, ""Purpose"": {""endIndexInSegment"": 144, ""startIndexInSegment"": 108, ""selectedText"": ""ordering or registering on our site,"", ""value"": ""Basic service/feature""}}",10/1/14,https://www.lodgemfg.com/page.asp?p_key=0A23CFF9980440FC8D283BC55A36328C
7744,test_category_labeling_highlight_upitt,95,3707,2,First Party Collection/Use,"{""Collection Mode"": {""endIndexInSegment"": 186, ""startIndexInSegment"": 161, ""selectedText"": ""you may be asked to enter"", ""value"": ""Explicit""}, ""Choice Scope"": {""endIndexInSegment"": 39, ""startIndexInSegment"": 32, ""selectedText"": ""collect"", ""value"": ""Collection""}, ""Action First-Party"": {""endIndexInSegment"": 143, ""startIndexInSegment"": 103, ""selectedText"": ""When ordering or registering on our site"", ""value"": ""Collect on website""}, ""Personal Information Type"": {""endIndexInSegment"": 253, ""startIndexInSegment"": 230, ""selectedText"": ""credit card information"", ""value"": ""Financial""}, ""Choice Type"": {""endIndexInSegment"": 186, ""startIndexInSegment"": 161, ""selectedText"": ""you may be asked to enter"", ""value"": ""Dont use service/feature""}, ""Identifiability"": {""endIndexInSegment"": 253, ""startIndexInSegment"": 192, ""selectedText"": ""name, email address, mailing address, credit card information"", ""value"": ""Identifiable""}, ""Does/Does Not"": {""endIndexInSegment"": 304, ""startIndexInSegment"": 161, ""selectedText"": ""you may be asked to enter your name, email address, mailing address, credit card information or other details to help you with your experience."", ""value"": ""Does""}, ""User Type"": {""endIndexInSegment"": -1, ""startIndexInSegment"": -1, ""value"": ""Unspecified""}, ""Purpose"": {""endIndexInSegment"": 144, ""startIndexInSegment"": 108, ""selectedText"": ""ordering or registering on our site,"", ""value"": ""Basic service/feature""}}",10/1/14,https://www.lodgemfg.com/page.asp?p_key=0A23CFF9980440FC8D283BC55A36328C
7745,test_category_labeling_highlight_upitt,95,3707,2,First Party Collection/Use,"{""Collection Mode"": {""endIndexInSegment"": 186, ""startIndexInSegment"": 161, ""selectedText"": ""you may be asked to enter"", ""value"": ""Explicit""}, ""Choice Scope"": {""endIndexInSegment"": 39, ""startIndexInSegment"": 32, ""selectedText"": ""collect"", ""value"": ""Collection""}, ""Action First-Party"": {""endIndexInSegment"": 143, ""startIndexInSegment"": 103, ""selectedText"": ""When ordering or registering on our site"", ""value"": ""Collect on website""}, ""Personal Information Type"": {""endIndexInSegment"": 303, ""startIndexInSegment"": 257, ""selectedText"": ""other details to help you with your experience"", ""value"": ""Unspecified""}, ""Choice Type"": {""endIndexInSegment"": 186, ""startIndexInSegment"": 161, ""selectedText"": ""you may be asked to enter"", ""value"": ""Dont use service/feature""}, ""Identifiability"": {""endIndexInSegment"": 253, ""startIndexInSegment"": 192, ""selectedText"": ""name, email address, mailing address, credit card information"", ""value"": ""Identifiable""}, ""Does/Does Not"": {""endIndexInSegment"": 304, ""startIndexInSegment"": 161, ""selectedText"": ""you may be asked to enter your name, email address, mailing address, credit card information or other details to help you with your experience."", ""value"": ""Does""}, ""User Type"": {""endIndexInSegment"": -1, ""startIndexInSegment"": -1, ""value"": ""Unspecified""}, ""Purpose"": {""endIndexInSegment"": 144, ""startIndexInSegment"": 108, ""selectedText"": ""ordering or registering on our site,"", ""value"": ""Basic service/feature""}}",10/1/14,https://www.lodgemfg.com/page.asp?p_key=0A23CFF9980440FC8D283BC55A36328C
8757,test_category_labeling_highlight_upitt,103,3707,2,First Party Collection/Use,"{""Collection Mode"": {""endIndexInSegment"": 186, ""startIndexInSegment"": 161, ""selectedText"": ""you may be asked to enter"", ""value"": ""Explicit""}, ""Choice Scope"": {""endIndexInSegment"": -1, ""startIndexInSegment"": -1, ""value"": ""not-selected""}, ""Action First-Party"": {""endIndexInSegment"": 144, ""startIndexInSegment"": 103, ""selectedText"": ""When ordering or registering on our site,"", ""value"": ""Collect on website""}, ""Personal Information Type"": {""endIndexInSegment"": 229, ""startIndexInSegment"": 161, ""selectedText"": ""you may be asked to enter your name, email address, mailing address,"", ""value"": ""Contact""}, ""Choice Type"": {""endIndexInSegment"": -1, ""startIndexInSegment"": -1, ""value"": ""not-selected""}, ""Identifiability"": {""endIndexInSegment"": -1, ""startIndexInSegment"": -1, ""value"": ""not-selected""}, ""Does/Does Not"": {""endIndexInSegment"": -1, ""startIndexInSegment"": -1, ""value"": ""Does""}, ""User Type"": {""endIndexInSegment"": -1, ""startIndexInSegment"": -1, ""value"": ""not-selected""}, ""Purpose"": {""endIndexInSegment"": -1, ""startIndexInSegment"": -1, ""value"": ""Unspecified""}}",10/1/14,https://www.lodgemfg.com/page.asp?p_key=0A23CFF9980440FC8D283BC55A36328C
8758,test_category_labeling_highlight_upitt,103,3707,2,First Party Collection/Use,"{""Collection Mode"": {""endIndexInSegment"": 186, ""startIndexInSegment"": 161, ""selectedText"": ""you may be asked to enter"", ""value"": ""Explicit""}, ""Choice Scope"": {""endIndexInSegment"": -1, ""startIndexInSegment"": -1, ""value"": ""not-selected""}, ""Action First-Party"": {""endIndexInSegment"": 144, ""startIndexInSegment"": 103, ""selectedText"": ""When ordering or registering on our site,"", ""value"": ""Collect on website""}, ""Personal Information Type"": {""endIndexInSegment"": 304, ""startIndexInSegment"": 230, ""selectedText"": ""credit card information or other details to help you with your experience."", ""value"": ""Financial""}, ""Choice Type"": {""endIndexInSegment"": -1, ""startIndexInSegment"": -1, ""value"": ""not-selected""}, ""Identifiability"": {""endIndexInSegment"": -1, ""startIndexInSegment"": -1, ""value"": ""not-selected""}, ""Does/Does Not"": {""endIndexInSegment"": -1, ""startIndexInSegment"": -1, ""value"": ""Does""}, ""User Type"": {""endIndexInSegment"": -1, ""startIndexInSegment"": -1, ""value"": ""not-selected""}, ""Purpose"": {""endIndexInSegment"": -1, ""startIndexInSegment"": -1, ""value"": ""Unspecified""}}",10/1/14,https://www.lodgemfg.com/page.asp?p_key=0A23CFF9980440FC8D283BC55A36328C
23723,test_category_labeling_highlight_upitt,123,3707,2,Other,"{""Other Type"": {""endIndexInSegment"": 92, ""startIndexInSegment"": 0, ""selectedText"": ""What personal information do we collect from the people that visit our blog, website or app?"", ""value"": ""Introductory/Generic""}}",10/1/14,https://www.lodgemfg.com/page.asp?p_key=0A23CFF9980440FC8D283BC55A36328C
23724,test_category_labeling_highlight_upitt,123,3707,2,First Party Collection/Use,"{""Collection Mode"": {""endIndexInSegment"": -1, ""startIndexInSegment"": -1, ""value"": ""Unspecified""}, ""Choice Scope"": {""endIndexInSegment"": -1, ""startIndexInSegment"": -1, ""value"": ""Unspecified""}, ""Action First-Party"": {""endIndexInSegment"": 84, ""startIndexInSegment"": 77, ""selectedText"": ""website"", ""value"": ""Collect on website""}, ""Personal Information Type"": {""endIndexInSegment"": 229, ""startIndexInSegment"": 187, ""selectedText"": ""your name, email address, mailing address,"", ""value"": ""Contact""}, ""Choice Type"": {""endIndexInSegment"": -1, ""startIndexInSegment"": -1, ""value"": ""Unspecified""}, ""Identifiability"": {""endIndexInSegment"": -1, ""startIndexInSegment"": -1, ""value"": ""Unspecified""}, ""Does/Does Not"": {""endIndexInSegment"": 44, ""startIndexInSegment"": 29, ""selectedText"": ""we collect from"", ""value"": ""Does""}, ""User Type"": {""endIndexInSegment"": -1, ""startIndexInSegment"": -1, ""value"": ""Unspecified""}, ""Purpose"": {""endIndexInSegment"": 143, ""startIndexInSegment"": 103, ""selectedText"": ""When ordering or registering on our site"", ""value"": ""Basic service/feature""}}",10/1/14,https://www.lodgemfg.com/page.asp?p_key=0A23CFF9980440FC8D283BC55A36328C
23725,test_category_labeling_highlight_upitt,123,3707,2,First Party Collection/Use,"{""Collection Mode"": {""endIndexInSegment"": -1, ""startIndexInSegment"": -1, ""value"": ""Unspecified""}, ""Choice Scope"": {""endIndexInSegment"": -1, ""startIndexInSegment"": -1, ""value"": ""Unspecified""}, ""Action First-Party"": {""endIndexInSegment"": 91, ""startIndexInSegment"": 88, ""selectedText"": ""app"", ""value"": ""Collect in mobile app""}, ""Personal Information Type"": {""endIndexInSegment"": 229, ""startIndexInSegment"": 187, ""selectedText"": ""your name, email address, mailing address,"", ""value"": ""Contact""}, ""Choice Type"": {""endIndexInSegment"": -1, ""startIndexInSegment"": -1, ""value"": ""Unspecified""}, ""Identifiability"": {""endIndexInSegment"": -1, ""startIndexInSegment"": -1, ""value"": ""Unspecified""}, ""Does/Does Not"": {""endIndexInSegment"": 44, ""startIndexInSegment"": 29, ""selectedText"": ""we collect from"", ""value"": ""Does""}, ""User Type"": {""endIndexInSegment"": -1, ""startIndexInSegment"": -1, ""value"": ""Unspecified""}, ""Purpose"": {""endIndexInSegment"": 143, ""startIndexInSegment"": 103, ""selectedText"": ""When ordering or registering on our site"", ""value"": ""Basic service/feature""}}",10/1/14,https://www.lodgemfg.com/page.asp?p_key=0A23CFF9980440FC8D283BC55A36328C
23726,test_category_labeling_highlight_upitt,123,3707,2,First Party Collection/Use,"{""Collection Mode"": {""endIndexInSegment"": -1, ""startIndexInSegment"": -1, ""value"": ""Unspecified""}, ""Choice Scope"": {""endIndexInSegment"": -1, ""startIndexInSegment"": -1, ""value"": ""Unspecified""}, ""Action First-Party"": {""endIndexInSegment"": 84, ""startIndexInSegment"": 77, ""selectedText"": ""website"", ""value"": ""Collect on website""}, ""Personal Information Type"": {""endIndexInSegment"": 253, ""startIndexInSegment"": 230, ""selectedText"": ""credit card information"", ""value"": ""Financial""}, ""Choice Type"": {""endIndexInSegment"": -1, ""startIndexInSegment"": -1, ""value"": ""Unspecified""}, ""Identifiability"": {""endIndexInSegment"": -1, ""startIndexInSegment"": -1, ""value"": ""Unspecified""}, ""Does/Does Not"": {""endIndexInSegment"": 44, ""startIndexInSegment"": 29, ""selectedText"": ""we collect from"", ""value"": ""Does""}, ""User Type"": {""endIndexInSegment"": -1, ""startIndexInSegment"": -1, ""value"": ""Unspecified""}, ""Purpose"": {""endIndexInSegment"": 143, ""startIndexInSegment"": 103, ""selectedText"": ""When ordering or registering on our site"", ""value"": ""Basic service/feature""}}",10/1/14,https://www.lodgemfg.com/page.asp?p_key=0A23CFF9980440FC8D283BC55A36328C
23727,test_category_labeling_highlight_upitt,123,3707,2,First Party Collection/Use,"{""Collection Mode"": {""endIndexInSegment"": -1, ""startIndexInSegment"": -1, ""value"": ""Unspecified""}, ""Choice Scope"": {""endIndexInSegment"": -1, ""startIndexInSegment"": -1, ""value"": ""Unspecified""}, ""Action First-Party"": {""endIndexInSegment"": 91, ""startIndexInSegment"": 88, ""selectedText"": ""app"", ""value"": ""Collect in mobile app""}, ""Personal Information Type"": {""endIndexInSegment"": 253, ""startIndexInSegment"": 230, ""selectedText"": ""credit card information"", ""value"": ""Financial""}, ""Choice Type"": {""endIndexInSegment"": -1, ""startIndexInSegment"": -1, ""value"": ""Unspecified""}, ""Identifiability"": {""endIndexInSegment"": -1, ""startIndexInSegment"": -1, ""value"": ""Unspecified""}, ""Does/Does Not"": {""endIndexInSegment"": 44, ""startIndexInSegment"": 29, ""selectedText"": ""we collect from"", ""value"": ""Does""}, ""User Type"": {""endIndexInSegment"": -1, ""startIndexInSegment"": -1, ""value"": ""Unspecified""}, ""Purpose"": {""endIndexInSegment"": 143, ""startIndexInSegment"": 103, ""selectedText"": ""When ordering or registering on our site"", ""value"": ""Basic service/feature""}}",10/1/14,https://www.lodgemfg.com/page.asp?p_key=0A23CFF9980440FC8D283BC55A36328C
23728,test_category_labeling_highlight_upitt,123,3707,2,First Party Collection/Use,"{""Collection Mode"": {""endIndexInSegment"": -1, ""startIndexInSegment"": -1, ""value"": ""Unspecified""}, ""Choice Scope"": {""endIndexInSegment"": -1, ""startIndexInSegment"": -1, ""value"": ""Unspecified""}, ""Action First-Party"": {""endIndexInSegment"": 84, ""startIndexInSegment"": 77, ""selectedText"": ""website"", ""value"": ""Collect on website""}, ""Personal Information Type"": {""endIndexInSegment"": 270, ""startIndexInSegment"": 257, ""selectedText"": ""other details"", ""value"": ""Unspecified""}, ""Choice Type"": {""endIndexInSegment"": -1, ""startIndexInSegment"": -1, ""value"": ""Unspecified""}, ""Identifiability"": {""endIndexInSegment"": -1, ""startIndexInSegment"": -1, ""value"": ""Unspecified""}, ""Does/Does Not"": {""endIndexInSegment"": 44, ""startIndexInSegment"": 29, ""selectedText"": ""we collect from"", ""value"": ""Does""}, ""User Type"": {""endIndexInSegment"": -1, ""startIndexInSegment"": -1, ""value"": ""Unspecified""}, ""Purpose"": {""endIndexInSegment"": 143, ""startIndexInSegment"": 103, ""selectedText"": ""When ordering or registering on our site"", ""value"": ""Basic service/feature""}}",10/1/14,https://www.lodgemfg.com/page.asp?p_key=0A23CFF9980440FC8D283BC55A36328C
23729,test_category_labeling_highlight_upitt,123,3707,2,First Party Collection/Use,"{""Collection Mode"": {""endIndexInSegment"": -1, ""startIndexInSegment"": -1, ""value"": ""Unspecified""}, ""Choice Scope"": {""endIndexInSegment"": -1, ""startIndexInSegment"": -1, ""value"": ""Unspecified""}, ""Action First-Party"": {""endIndexInSegment"": 91, ""startIndexInSegment"": 88, ""selectedText"": ""app"", ""value"": ""Collect in mobile app""}, ""Personal Information Type"": {""endIndexInSegment"": 270, ""startIndexInSegment"": 257, ""selectedText"": ""other details"", ""value"": ""Unspecified""}, ""Choice Type"": {""endIndexInSegment"": -1, ""startIndexInSegment"": -1, ""value"": ""Unspecified""}, ""Identifiability"": {""endIndexInSegment"": -1, ""startIndexInSegment"": -1, ""value"": ""Unspecified""}, ""Does/Does Not"": {""endIndexInSegment"": 44, ""startIndexInSegment"": 29, ""selectedText"": ""we collect from"", ""value"": ""Does""}, ""User Type"": {""endIndexInSegment"": -1, ""startIndexInSegment"": -1, ""value"": ""Unspecified""}, ""Purpose"": {""endIndexInSegment"": 143, ""startIndexInSegment"": 103, ""selectedText"": ""When ordering or registering on our site"", ""value"": ""Basic service/feature""}}",10/1/14,https://www.lodgemfg.com/page.asp?p_key=0A23CFF9980440FC8D283BC55A36328C
7746,test_category_labeling_highlight_upitt,95,3707,3,First Party Collection/Use,"{""Collection Mode"": {""endIndexInSegment"": 131, ""startIndexInSegment"": 74, ""selectedText"": ""when you place an order or enter information on our site."", ""value"": ""Explicit""}, ""Choice Scope"": {""endIndexInSegment"": 18, ""startIndexInSegment"": 11, ""selectedText"": ""collect"", ""value"": ""Collection""}, ""Action First-Party"": {""endIndexInSegment"": 131, ""startIndexInSegment"": 74, ""selectedText"": ""when you place an order or enter information on our site."", ""value"": ""Collect on website""}, ""Personal Information Type"": {""endIndexInSegment"": 30, ""startIndexInSegment"": 19, ""selectedText"": ""information"", ""value"": ""Unspecified""}, ""Choice Type"": {""endIndexInSegment"": 131, ""startIndexInSegment"": 42, ""selectedText"": ""We collect information from you when you place an order or enter information on our site."", ""value"": ""Dont use service/feature""}, ""Identifiability"": {""endIndexInSegment"": -1, ""startIndexInSegment"": -1, ""value"": ""Unspecified""}, ""Does/Does Not"": {""endIndexInSegment"": 73, ""startIndexInSegment"": 42, ""selectedText"": ""We collect information from you"", ""value"": ""Does""}, ""User Type"": {""endIndexInSegment"": -1, ""startIndexInSegment"": -1, ""value"": ""Unspecified""}, ""Purpose"": {""endIndexInSegment"": 131, ""startIndexInSegment"": 83, ""selectedText"": ""place an order or enter information on our site."", ""value"": ""Basic service/feature""}}",10/1/14,https://www.lodgemfg.com/page.asp?p_key=0A23CFF9980440FC8D283BC55A36328C
8759,test_category_labeling_highlight_upitt,103,3707,3,Other,"{""Other Type"": {""endIndexInSegment"": 131, ""startIndexInSegment"": 0, ""selectedText"": ""When do we collect information? We collect information from you when you place an order or enter information on our site."", ""value"": ""Introductory/Generic""}}",10/1/14,https://www.lodgemfg.com/page.asp?p_key=0A23CFF9980440FC8D283BC55A36328C
23730,test_category_labeling_highlight_upitt,123,3707,3,First Party Collection/Use,"{""Collection Mode"": {""endIndexInSegment"": 118, ""startIndexInSegment"": 74, ""selectedText"": ""when you place an order or enter information"", ""value"": ""Unspecified""}, ""Choice Scope"": {""endIndexInSegment"": -1, ""startIndexInSegment"": -1, ""value"": ""Unspecified""}, ""Action First-Party"": {""endIndexInSegment"": 131, ""startIndexInSegment"": 119, ""selectedText"": ""on our site."", ""value"": ""Collect on website""}, ""Personal Information Type"": {""endIndexInSegment"": 73, ""startIndexInSegment"": 53, ""selectedText"": ""information from you"", ""value"": ""Unspecified""}, ""Choice Type"": {""endIndexInSegment"": -1, ""startIndexInSegment"": -1, ""value"": ""Unspecified""}, ""Identifiability"": {""endIndexInSegment"": -1, ""startIndexInSegment"": -1, ""value"": ""Unspecified""}, ""Does/Does Not"": {""endIndexInSegment"": 73, ""startIndexInSegment"": 42, ""selectedText"": ""We collect information from you"", ""value"": ""Does""}, ""User Type"": {""endIndexInSegment"": -1, ""startIndexInSegment"": -1, ""value"": ""Unspecified""}, ""Purpose"": {""endIndexInSegment"": -1, ""startIndexInSegment"": -1, ""value"": ""Unspecified""}}",10/1/14,https://www.lodgemfg.com/page.asp?p_key=0A23CFF9980440FC8D283BC55A36328C
7747,test_category_labeling_highlight_upitt,95,3707,4,First Party Collection/Use,"{""Collection Mode"": {""endIndexInSegment"": 199, ""startIndexInSegment"": 42, ""selectedText"": ""We may use the information we collect from you when you register, make a purchase, sign up for our newsletter, respond to a survey or marketing communication"", ""value"": ""Explicit""}, ""Choice Scope"": {""endIndexInSegment"": 13, ""startIndexInSegment"": 10, ""selectedText"": ""use"", ""value"": ""Use""}, ""Action First-Party"": {""endIndexInSegment"": 199, ""startIndexInSegment"": 42, ""selectedText"": ""We may use the information we collect from you when you register, make a purchase, sign up for our newsletter, respond to a survey or marketing communication"", ""value"": ""Collect on website""}, ""Personal Information Type"": {""endIndexInSegment"": 68, ""startIndexInSegment"": 57, ""selectedText"": ""information"", ""value"": ""Unspecified""}, ""Choice Type"": {""endIndexInSegment"": 200, ""startIndexInSegment"": 42, ""selectedText"": ""We may use the information we collect from you when you register, make a purchase, sign up for our newsletter, respond to a survey or marketing communication,"", ""value"": ""Dont use service/feature""}, ""Identifiability"": {""endIndexInSegment"": -1, ""startIndexInSegment"": -1, ""value"": ""Unspecified""}, ""Does/Does Not"": {""endIndexInSegment"": 52, ""startIndexInSegment"": 42, ""selectedText"": ""We may use"", ""value"": ""Does""}, ""User Type"": {""endIndexInSegment"": -1, ""startIndexInSegment"": -1, ""value"": ""Unspecified""}, ""Purpose"": {""endIndexInSegment"": 334, ""startIndexInSegment"": 297, ""selectedText"": ""To quickly process your transactions."", ""value"": ""Basic service/feature""}}",10/1/14,https://www.lodgemfg.com/page.asp?p_key=0A23CFF9980440FC8D283BC55A36328C
7748,test_category_labeling_highlight_upitt,95,3707,4,First Party Collection/Use,"{""Collection Mode"": {""endIndexInSegment"": 276, ""startIndexInSegment"": 201, ""selectedText"": ""surf the website, or use certain other site features in the following ways:"", ""value"": ""Implicit""}, ""Choice Scope"": {""endIndexInSegment"": 13, ""startIndexInSegment"": 10, ""selectedText"": ""use"", ""value"": ""Use""}, ""Action First-Party"": {""endIndexInSegment"": 199, ""startIndexInSegment"": 42, ""selectedText"": ""We may use the information we collect from you when you register, make a purchase, sign up for our newsletter, respond to a survey or marketing communication"", ""value"": ""Collect on website""}, ""Personal Information Type"": {""endIndexInSegment"": 68, ""startIndexInSegment"": 57, ""selectedText"": ""information"", ""value"": ""Unspecified""}, ""Choice Type"": {""endIndexInSegment"": 200, ""startIndexInSegment"": 42, ""selectedText"": ""We may use the information we collect from you when you register, make a purchase, sign up for our newsletter, respond to a survey or marketing communication,"", ""value"": ""Dont use service/feature""}, ""Identifiability"": {""endIndexInSegment"": -1, ""startIndexInSegment"": -1, ""value"": ""Unspecified""}, ""Does/Does Not"": {""endIndexInSegment"": 52, ""startIndexInSegment"": 42, ""selectedText"": ""We may use"", ""value"": ""Does""}, ""User Type"": {""endIndexInSegment"": -1, ""startIndexInSegment"": -1, ""value"": ""Unspecified""}, ""Purpose"": {""endIndexInSegment"": 334, ""startIndexInSegment"": 297, ""selectedText"": ""To quickly process your transactions."", ""value"": ""Basic service/feature""}}",10/1/14,https://www.lodgemfg.com/page.asp?p_key=0A23CFF9980440FC8D283BC55A36328C
8760,test_category_labeling_highlight_upitt,103,3707,4,First Party Collection/Use,"{""Collection Mode"": {""endIndexInSegment"": -1, ""startIndexInSegment"": -1, ""value"": ""not-selected""}, ""Choice Scope"": {""endIndexInSegment"": -1, ""startIndexInSegment"": -1, ""value"": ""not-selected""}, ""Action First-Party"": {""endIndexInSegment"": 253, ""startIndexInSegment"": 94, ""selectedText"": ""you register, make a purchase, sign up for our newsletter, respond to a survey or marketing communication, surf the website, or use certain other site features"", ""value"": ""Collect on website""}, ""Personal Information Type"": {""endIndexInSegment"": -1, ""startIndexInSegment"": -1, ""value"": ""Unspecified""}, ""Choice Type"": {""endIndexInSegment"": -1, ""startIndexInSegment"": -1, ""value"": ""not-selected""}, ""Identifiability"": {""endIndexInSegment"": -1, ""startIndexInSegment"": -1, ""value"": ""not-selected""}, ""Does/Does Not"": {""endIndexInSegment"": -1, ""startIndexInSegment"": -1, ""value"": ""Does""}, ""User Type"": {""endIndexInSegment"": -1, ""startIndexInSegment"": -1, ""value"": ""not-selected""}, ""Purpose"": {""endIndexInSegment"": 334, ""startIndexInSegment"": 297, ""selectedText"": ""To quickly process your transactions."", ""value"": ""Additional service/feature""}}",10/1/14,https://www.lodgemfg.com/page.asp?p_key=0A23CFF9980440FC8D283BC55A36328C
23731,test_category_labeling_highlight_upitt,123,3707,4,First Party Collection/Use,"{""Collection Mode"": {""endIndexInSegment"": 88, ""startIndexInSegment"": 69, ""selectedText"": ""we collect from you"", ""value"": ""Unspecified""}, ""Choice Scope"": {""endIndexInSegment"": -1, ""startIndexInSegment"": -1, ""value"": ""Unspecified""}, ""Action First-Party"": {""endIndexInSegment"": 217, ""startIndexInSegment"": 206, ""selectedText"": ""the website"", ""value"": ""Collect on website""}, ""Personal Information Type"": {""endIndexInSegment"": 68, ""startIndexInSegment"": 53, ""selectedText"": ""the information"", ""value"": ""Unspecified""}, ""Choice Type"": {""endIndexInSegment"": -1, ""startIndexInSegment"": -1, ""value"": ""Unspecified""}, ""Identifiability"": {""endIndexInSegment"": -1, ""startIndexInSegment"": -1, ""value"": ""Unspecified""}, ""Does/Does Not"": {""endIndexInSegment"": 52, ""startIndexInSegment"": 42, ""selectedText"": ""We may use"", ""value"": ""Does""}, ""User Type"": {""endIndexInSegment"": -1, ""startIndexInSegment"": -1, ""value"": ""Unspecified""}, ""Purpose"": {""endIndexInSegment"": 334, ""startIndexInSegment"": 297, ""selectedText"": ""To quickly process your transactions."", ""value"": ""Basic service/feature""}}",10/1/14,https://www.lodgemfg.com/page.asp?p_key=0A23CFF9980440FC8D283BC55A36328C
7749,test_category_labeling_highlight_upitt,95,3707,5,Data Security,"{""Security Measure"": {""endIndexInSegment"": 196, ""startIndexInSegment"": 49, ""selectedText"": ""Our website is scanned on a regular basis for security holes and known vulnerabilities in order to make your visit to our site as safe as possible."", ""value"": ""Generic""}}",10/1/14,https://www.lodgemfg.com/page.asp?p_key=0A23CFF9980440FC8D283BC55A36328C
8761,test_category_labeling_highlight_upitt,103,3707,5,Data Security,"{""Security Measure"": {""endIndexInSegment"": 196, ""startIndexInSegment"": 0, ""selectedText"": ""How do we protect visitor information? Our website is scanned on a regular basis for security holes and known vulnerabilities in order to make your visit to our site as safe as possible."", ""value"": ""Generic""}}",10/1/14,https://www.lodgemfg.com/page.asp?p_key=0A23CFF9980440FC8D283BC55A36328C
23732,test_category_labeling_highlight_upitt,123,3707,5,Data Security,"{""Security Measure"": {""endIndexInSegment"": 196, ""startIndexInSegment"": 49, ""selectedText"": ""Our website is scanned on a regular basis for security holes and known vulnerabilities in order to make your visit to our site as safe as possible."", ""value"": ""Generic""}}",10/1/14,https://www.lodgemfg.com/page.asp?p_key=0A23CFF9980440FC8D283BC55A36328C
7750,test_category_labeling_highlight_upitt,95,3707,6,Data Security,"{""Security Measure"": {""endIndexInSegment"": 62, ""startIndexInSegment"": 0, ""selectedText"": ""Your personal information is contained behind secured networks"", ""value"": ""Secure data storage""}}",10/1/14,https://www.lodgemfg.com/page.asp?p_key=0A23CFF9980440FC8D283BC55A36328C
7751,test_category_labeling_highlight_upitt,95,3707,6,Data Security,"{""Security Measure"": {""endIndexInSegment"": 219, ""startIndexInSegment"": 75, ""selectedText"": ""accessible by a limited number of persons who have special access rights to such systems, and are required to keep the information confidential."", ""value"": ""Data access limitation""}}",10/1/14,https://www.lodgemfg.com/page.asp?p_key=0A23CFF9980440FC8D283BC55A36328C
7752,test_category_labeling_highlight_upitt,95,3707,6,Data Security,"{""Security Measure"": {""endIndexInSegment"": 331, ""startIndexInSegment"": 233, ""selectedText"": ""all sensitive/credit information you supply is encrypted via Secure Socket Layer (SSL) technology."", ""value"": ""Secure data transfer""}}",10/1/14,https://www.lodgemfg.com/page.asp?p_key=0A23CFF9980440FC8D283BC55A36328C
8762,test_category_labeling_highlight_upitt,103,3707,6,Data Security,"{""Security Measure"": {""endIndexInSegment"": 219, ""startIndexInSegment"": 0, ""selectedText"": ""Your personal information is contained behind secured networks and is only accessible by a limited number of persons who have special access rights to such systems, and are required to keep the information confidential."", ""value"": ""Data access limitation""}}",10/1/14,https://www.lodgemfg.com/page.asp?p_key=0A23CFF9980440FC8D283BC55A36328C
8763,test_category_labeling_highlight_upitt,103,3707,6,Data Security,"{""Security Measure"": {""endIndexInSegment"": 331, ""startIndexInSegment"": 220, ""selectedText"": ""In addition, all sensitive/credit information you supply is encrypted via Secure Socket Layer (SSL) technology."", ""value"": ""Secure data transfer""}}",10/1/14,https://www.lodgemfg.com/page.asp?p_key=0A23CFF9980440FC8D283BC55A36328C
23733,test_category_labeling_highlight_upitt,123,3707,6,Data Security,"{""Security Measure"": {""endIndexInSegment"": 219, ""startIndexInSegment"": 67, ""selectedText"": ""is only accessible by a limited number of persons who have special access rights to such systems, and are required to keep the information confidential."", ""value"": ""Data access limitation""}}",10/1/14,https://www.lodgemfg.com/page.asp?p_key=0A23CFF9980440FC8D283BC55A36328C
23734,test_category_labeling_highlight_upitt,123,3707,6,Data Security,"{""Security Measure"": {""endIndexInSegment"": 62, ""startIndexInSegment"": 0, ""selectedText"": ""Your personal information is contained behind secured networks"", ""value"": ""Generic""}}",10/1/14,https://www.lodgemfg.com/page.asp?p_key=0A23CFF9980440FC8D283BC55A36328C
23735,test_category_labeling_highlight_upitt,123,3707,6,Data Security,"{""Security Measure"": {""endIndexInSegment"": 331, ""startIndexInSegment"": 220, ""selectedText"": ""In addition, all sensitive/credit information you supply is encrypted via Secure Socket Layer (SSL) technology."", ""value"": ""Secure data transfer""}}",10/1/14,https://www.lodgemfg.com/page.asp?p_key=0A23CFF9980440FC8D283BC55A36328C
7753,test_category_labeling_highlight_upitt,95,3707,7,Data Security,"{""Security Measure"": {""endIndexInSegment"": 143, ""startIndexInSegment"": 0, ""selectedText"": ""We implement a variety of security measures enters, submits, or accesses their information to maintain the safety of your personal information."", ""value"": ""Generic""}}",10/1/14,https://www.lodgemfg.com/page.asp?p_key=0A23CFF9980440FC8D283BC55A36328C
8764,test_category_labeling_highlight_upitt,103,3707,7,Data Security,"{""Security Measure"": {""endIndexInSegment"": 143, ""startIndexInSegment"": 0, ""selectedText"": ""We implement a variety of security measures enters, submits, or accesses their information to maintain the safety of your personal information."", ""value"": ""Generic""}}",10/1/14,https://www.lodgemfg.com/page.asp?p_key=0A23CFF9980440FC8D283BC55A36328C
23736,test_category_labeling_highlight_upitt,123,3707,7,Data Security,"{""Security Measure"": {""endIndexInSegment"": 143, ""startIndexInSegment"": 0, ""selectedText"": ""We implement a variety of security measures enters, submits, or accesses their information to maintain the safety of your personal information."", ""value"": ""Generic""}}",10/1/14,https://www.lodgemfg.com/page.asp?p_key=0A23CFF9980440FC8D283BC55A36328C
7754,test_category_labeling_highlight_upitt,95,3707,8,Data Security,"{""Security Measure"": {""endIndexInSegment"": 105, ""startIndexInSegment"": 0, ""selectedText"": ""All transactions are processed through a gateway provider and are not stored or processed on our servers."", ""value"": ""Other""}}",10/1/14,https://www.lodgemfg.com/page.asp?p_key=0A23CFF9980440FC8D283BC55A36328C
8765,test_category_labeling_highlight_upitt,103,3707,8,Data Security,"{""Security Measure"": {""endIndexInSegment"": 105, ""startIndexInSegment"": 0, ""selectedText"": ""All transactions are processed through a gateway provider and are not stored or processed on our servers."", ""value"": ""Privacy/Security program""}}",10/1/14,https://www.lodgemfg.com/page.asp?p_key=0A23CFF9980440FC8D283BC55A36328C
23737,test_category_labeling_highlight_upitt,123,3707,8,Data Security,"{""Security Measure"": {""endIndexInSegment"": 105, ""startIndexInSegment"": 0, ""selectedText"": ""All transactions are processed through a gateway provider and are not stored or processed on our servers."", ""value"": ""Generic""}}",10/1/14,https://www.lodgemfg.com/page.asp?p_key=0A23CFF9980440FC8D283BC55A36328C
7755,test_category_labeling_highlight_upitt,95,3707,9,Other,"{""Other Type"": {""endIndexInSegment"": 553, ""startIndexInSegment"": 0, ""selectedText"": ""Do we use 'cookies'? Yes. Cookies are small files that a site or its service provider transfers to your computer's hard drive through your Web browser (if you allow) that enables the site's or service provider's systems to recognize your browser and capture and remember certain information. For instance, we use cookies to help us remember and process the items in your shopping cart. They are also used to help us understand your preferences based on previous or current site activity, which enables us to provide you with improved services."", ""value"": ""Introductory/Generic""}}",10/1/14,https://www.lodgemfg.com/page.asp?p_key=0A23CFF9980440FC8D283BC55A36328C
7756,test_category_labeling_highlight_upitt,95,3707,9,First Party Collection/Use,"{""Collection Mode"": {""endIndexInSegment"": 717, ""startIndexInSegment"": 554, ""selectedText"": ""We also use cookies to help us compile aggregate data about site traffic and site interaction so that we can offer better site experiences and tools in the future."", ""value"": ""Implicit""}, ""Choice Scope"": {""endIndexInSegment"": 414, ""startIndexInSegment"": 410, ""selectedText"": ""used"", ""value"": ""Use""}, ""Action First-Party"": {""endIndexInSegment"": 553, ""startIndexInSegment"": 396, ""selectedText"": ""They are also used to help us understand your preferences based on previous or current site activity, which enables us to provide you with improved services."", ""value"": ""Collect on website""}, ""Personal Information Type"": {""endIndexInSegment"": 301, ""startIndexInSegment"": 233, ""selectedText"": ""recognize your browser and capture and remember certain information."", ""value"": ""Computer information""}, ""Choice Type"": {""endIndexInSegment"": 175, ""startIndexInSegment"": 149, ""selectedText"": ""Web browser (if you allow)"", ""value"": ""Browser/device privacy controls""}, ""Identifiability"": {""endIndexInSegment"": -1, ""startIndexInSegment"": -1, ""value"": ""Unspecified""}, ""Does/Does Not"": {""endIndexInSegment"": 573, ""startIndexInSegment"": 554, ""selectedText"": ""We also use cookies"", ""value"": ""Does""}, ""User Type"": {""endIndexInSegment"": -1, ""startIndexInSegment"": -1, ""value"": ""Unspecified""}, ""Purpose"": {""endIndexInSegment"": 394, ""startIndexInSegment"": 342, ""selectedText"": ""remember and process the items in your shopping cart"", ""value"": ""Basic service/feature""}}",10/1/14,https://www.lodgemfg.com/page.asp?p_key=0A23CFF9980440FC8D283BC55A36328C
8766,test_category_labeling_highlight_upitt,103,3707,9,First Party Collection/Use,"{""Collection Mode"": {""endIndexInSegment"": -1, ""startIndexInSegment"": -1, ""value"": ""not-selected""}, ""Choice Scope"": {""endIndexInSegment"": -1, ""startIndexInSegment"": -1, ""value"": ""not-selected""}, ""Action First-Party"": {""endIndexInSegment"": 231, ""startIndexInSegment"": 35, ""selectedText"": ""Cookies are small files that a site or its service provider transfers to your computer's hard drive through your Web browser (if you allow) that enables the site's or service provider's systems t"", ""value"": ""Collect on website""}, ""Personal Information Type"": {""endIndexInSegment"": 301, ""startIndexInSegment"": 0, ""selectedText"": ""Do we use 'cookies'? Yes. Cookies are small files that a site or its service provider transfers to your computer's hard drive through your Web browser (if you allow) that enables the site's or service provider's systems to recognize your browser and capture and remember certain information."", ""value"": ""Cookies and tracking elements""}, ""Choice Type"": {""endIndexInSegment"": -1, ""startIndexInSegment"": -1, ""value"": ""not-selected""}, ""Identifiability"": {""endIndexInSegment"": -1, ""startIndexInSegment"": -1, ""value"": ""not-selected""}, ""Does/Does Not"": {""endIndexInSegment"": -1, ""startIndexInSegment"": -1, ""value"": ""Does""}, ""User Type"": {""endIndexInSegment"": -1, ""startIndexInSegment"": -1, ""value"": ""not-selected""}, ""Purpose"": {""endIndexInSegment"": 717, ""startIndexInSegment"": 316, ""selectedText"": ""we use cookies to help us remember and process the items in your shopping cart. They are also used to help us understand your preferences based on previous or current site activity, which enables us to provide you with improved services. We also use cookies to help us compile aggregate data about site traffic and site interaction so that we can offer better site experiences and tools in the future."", ""value"": ""Analytics/Research""}}",10/1/14,https://www.lodgemfg.com/page.asp?p_key=0A23CFF9980440FC8D283BC55A36328C
23738,test_category_labeling_highlight_upitt,123,3707,9,First Party Collection/Use,"{""Collection Mode"": {""endIndexInSegment"": -1, ""startIndexInSegment"": -1, ""value"": ""Unspecified""}, ""Choice Scope"": {""endIndexInSegment"": 301, ""startIndexInSegment"": 230, ""selectedText"": ""to recognize your browser and capture and remember certain information."", ""value"": ""Both""}, ""Action First-Party"": {""endIndexInSegment"": 199, ""startIndexInSegment"": 189, ""selectedText"": ""the site's"", ""value"": ""Collect on website""}, ""Personal Information Type"": {""endIndexInSegment"": 43, ""startIndexInSegment"": 36, ""selectedText"": ""Cookies"", ""value"": ""Cookies and tracking elements""}, ""Choice Type"": {""endIndexInSegment"": 175, ""startIndexInSegment"": 136, ""selectedText"": ""through your Web browser (if you allow)"", ""value"": ""Browser/device privacy controls""}, ""Identifiability"": {""endIndexInSegment"": 607, ""startIndexInSegment"": 593, ""selectedText"": ""aggregate data"", ""value"": ""Aggregated or anonymized""}, ""Does/Does Not"": {""endIndexInSegment"": 25, ""startIndexInSegment"": 0, ""selectedText"": ""Do we use 'cookies'? <br>"", ""value"": ""Does""}, ""User Type"": {""endIndexInSegment"": -1, ""startIndexInSegment"": -1, ""value"": ""Unspecified""}, ""Purpose"": {""endIndexInSegment"": 395, ""startIndexInSegment"": 316, ""selectedText"": ""we use cookies to help us remember and process the items in your shopping cart."", ""value"": ""Basic service/feature""}}",10/1/14,https://www.lodgemfg.com/page.asp?p_key=0A23CFF9980440FC8D283BC55A36328C
23739,test_category_labeling_highlight_upitt,123,3707,9,First Party Collection/Use,"{""Collection Mode"": {""endIndexInSegment"": -1, ""startIndexInSegment"": -1, ""value"": ""Unspecified""}, ""Choice Scope"": {""endIndexInSegment"": 301, ""startIndexInSegment"": 230, ""selectedText"": ""to recognize your browser and capture and remember certain information."", ""value"": ""Both""}, ""Action First-Party"": {""endIndexInSegment"": 199, ""startIndexInSegment"": 189, ""selectedText"": ""the site's"", ""value"": ""Collect on website""}, ""Personal Information Type"": {""endIndexInSegment"": 43, ""startIndexInSegment"": 36, ""selectedText"": ""Cookies"", ""value"": ""Cookies and tracking elements""}, ""Choice Type"": {""endIndexInSegment"": 175, ""startIndexInSegment"": 136, ""selectedText"": ""through your Web browser (if you allow)"", ""value"": ""Browser/device privacy controls""}, ""Identifiability"": {""endIndexInSegment"": 607, ""startIndexInSegment"": 593, ""selectedText"": ""aggregate data"", ""value"": ""Aggregated or anonymized""}, ""Does/Does Not"": {""endIndexInSegment"": 25, ""startIndexInSegment"": 0, ""selectedText"": ""Do we use 'cookies'? <br>"", ""value"": ""Does""}, ""User Type"": {""endIndexInSegment"": -1, ""startIndexInSegment"": -1, ""value"": ""Unspecified""}, ""Purpose"": {""endIndexInSegment"": 717, ""startIndexInSegment"": 396, ""selectedText"": ""They are also used to help us understand your preferences based on previous or current site activity, which enables us to provide you with improved services. We also use cookies to help us compile aggregate data about site traffic and site interaction so that we can offer better site experiences and tools in the future."", ""value"": ""Analytics/Research""}}",10/1/14,https://www.lodgemfg.com/page.asp?p_key=0A23CFF9980440FC8D283BC55A36328C
7757,test_category_labeling_highlight_upitt,95,3707,10,First Party Collection/Use,"{""Collection Mode"": {""endIndexInSegment"": 14, ""startIndexInSegment"": 7, ""selectedText"": ""cookies"", ""value"": ""Implicit""}, ""Choice Scope"": {""endIndexInSegment"": -1, ""startIndexInSegment"": -1, ""value"": ""Unspecified""}, ""Action First-Party"": {""endIndexInSegment"": -1, ""startIndexInSegment"": -1, ""value"": ""Unspecified""}, ""Personal Information Type"": {""endIndexInSegment"": -1, ""startIndexInSegment"": -1, ""value"": ""Unspecified""}, ""Choice Type"": {""endIndexInSegment"": -1, ""startIndexInSegment"": -1, ""value"": ""Unspecified""}, ""Identifiability"": {""endIndexInSegment"": -1, ""startIndexInSegment"": -1, ""value"": ""Unspecified""}, ""Does/Does Not"": {""endIndexInSegment"": 18, ""startIndexInSegment"": 0, ""selectedText"": ""We use cookies to:"", ""value"": ""Does""}, ""User Type"": {""endIndexInSegment"": -1, ""startIndexInSegment"": -1, ""value"": ""Unspecified""}, ""Purpose"": {""endIndexInSegment"": 96, ""startIndexInSegment"": 39, ""selectedText"": ""Help remember and process the items in the shopping cart."", ""value"": ""Basic service/feature""}}",10/1/14,https://www.lodgemfg.com/page.asp?p_key=0A23CFF9980440FC8D283BC55A36328C
8767,test_category_labeling_highlight_upitt,103,3707,10,First Party Collection/Use,"{""Collection Mode"": {""endIndexInSegment"": -1, ""startIndexInSegment"": -1, ""value"": ""not-selected""}, ""Choice Scope"": {""endIndexInSegment"": -1, ""startIndexInSegment"": -1, ""value"": ""not-selected""}, ""Action First-Party"": {""endIndexInSegment"": -1, ""startIndexInSegment"": -1, ""value"": ""Unspecified""}, ""Personal Information Type"": {""endIndexInSegment"": 17, ""startIndexInSegment"": 0, ""selectedText"": ""We use cookies to"", ""value"": ""Cookies and tracking elements""}, ""Choice Type"": {""endIndexInSegment"": -1, ""startIndexInSegment"": -1, ""value"": ""not-selected""}, ""Identifiability"": {""endIndexInSegment"": -1, ""startIndexInSegment"": -1, ""value"": ""not-selected""}, ""Does/Does Not"": {""endIndexInSegment"": -1, ""startIndexInSegment"": -1, ""value"": ""Does""}, ""User Type"": {""endIndexInSegment"": -1, ""startIndexInSegment"": -1, ""value"": ""not-selected""}, ""Purpose"": {""endIndexInSegment"": 96, ""startIndexInSegment"": 39, ""selectedText"": ""Help remember and process the items in the shopping cart."", ""value"": ""Additional service/feature""}}",10/1/14,https://www.lodgemfg.com/page.asp?p_key=0A23CFF9980440FC8D283BC55A36328C
23740,test_category_labeling_highlight_upitt,123,3707,10,First Party Collection/Use,"{""Collection Mode"": {""endIndexInSegment"": -1, ""startIndexInSegment"": -1, ""value"": ""Unspecified""}, ""Choice Scope"": {""endIndexInSegment"": -1, ""startIndexInSegment"": -1, ""value"": ""Unspecified""}, ""Action First-Party"": {""endIndexInSegment"": -1, ""startIndexInSegment"": -1, ""value"": ""Unspecified""}, ""Personal Information Type"": {""endIndexInSegment"": 14, ""startIndexInSegment"": 7, ""selectedText"": ""cookies"", ""value"": ""Cookies and tracking elements""}, ""Choice Type"": {""endIndexInSegment"": -1, ""startIndexInSegment"": -1, ""value"": ""Unspecified""}, ""Identifiability"": {""endIndexInSegment"": -1, ""startIndexInSegment"": -1, ""value"": ""Unspecified""}, ""Does/Does Not"": {""endIndexInSegment"": 6, ""startIndexInSegment"": 0, ""selectedText"": ""We use"", ""value"": ""Does""}, ""User Type"": {""endIndexInSegment"": -1, ""startIndexInSegment"": -1, ""value"": ""Unspecified""}, ""Purpose"": {""endIndexInSegment"": 96, ""startIndexInSegment"": 39, ""selectedText"": ""Help remember and process the items in the shopping cart."", ""value"": ""Basic service/feature""}}",10/1/14,https://www.lodgemfg.com/page.asp?p_key=0A23CFF9980440FC8D283BC55A36328C
7758,test_category_labeling_highlight_upitt,95,3707,11,User Choice/Control,"{""Choice Type"": {""endIndexInSegment"": 190, ""startIndexInSegment"": 0, ""selectedText"": ""You can choose to have your computer warn you each time a cookie is being sent, or you can choose to turn off all cookies. You do this through your browser (like Internet Explorer) settings."", ""value"": ""Browser/device privacy controls""}, ""Choice Scope"": {""endIndexInSegment"": 121, ""startIndexInSegment"": 0, ""selectedText"": ""You can choose to have your computer warn you each time a cookie is being sent, or you can choose to turn off all cookies"", ""value"": ""First party use""}, ""User Type"": {""endIndexInSegment"": -1, ""startIndexInSegment"": -1, ""value"": ""Unspecified""}, ""Purpose"": {""endIndexInSegment"": -1, ""startIndexInSegment"": -1, ""value"": ""Unspecified""}, ""Personal Information Type"": {""endIndexInSegment"": -1, ""startIndexInSegment"": -1, ""value"": ""Unspecified""}}",10/1/14,https://www.lodgemfg.com/page.asp?p_key=0A23CFF9980440FC8D283BC55A36328C
8768,test_category_labeling_highlight_upitt,103,3707,11,User Choice/Control,"{""Choice Type"": {""endIndexInSegment"": 311, ""startIndexInSegment"": 0, ""selectedText"": ""You can choose to have your computer warn you each time a cookie is being sent, or you can choose to turn off all cookies. You do this through your browser (like Internet Explorer) settings. Each browser is a little different, so look at your browser's Help menu to learn the correct way to modify your cookies."", ""value"": ""Browser/device privacy controls""}, ""Choice Scope"": {""endIndexInSegment"": -1, ""startIndexInSegment"": -1, ""value"": ""Unspecified""}, ""User Type"": {""endIndexInSegment"": -1, ""startIndexInSegment"": -1, ""value"": ""not-selected""}, ""Purpose"": {""endIndexInSegment"": -1, ""startIndexInSegment"": -1, ""value"": ""Unspecified""}, ""Personal Information Type"": {""endIndexInSegment"": 311, ""startIndexInSegment"": 298, ""selectedText"": ""your cookies."", ""value"": ""Cookies and tracking elements""}}",10/1/14,https://www.lodgemfg.com/page.asp?p_key=0A23CFF9980440FC8D283BC55A36328C
23741,test_category_labeling_highlight_upitt,123,3707,11,User Choice/Control,"{""Choice Type"": {""endIndexInSegment"": 190, ""startIndexInSegment"": 0, ""selectedText"": ""You can choose to have your computer warn you each time a cookie is being sent, or you can choose to turn off all cookies. You do this through your browser (like Internet Explorer) settings."", ""value"": ""Browser/device privacy controls""}, ""Choice Scope"": {""endIndexInSegment"": 79, ""startIndexInSegment"": 56, ""selectedText"": ""a cookie is being sent,"", ""value"": ""First party collection""}, ""User Type"": {""endIndexInSegment"": -1, ""startIndexInSegment"": -1, ""value"": ""Unspecified""}, ""Purpose"": {""endIndexInSegment"": -1, ""startIndexInSegment"": -1, ""value"": ""Unspecified""}, ""Personal Information Type"": {""endIndexInSegment"": 64, ""startIndexInSegment"": 58, ""selectedText"": ""cookie"", ""value"": ""Cookies and tracking elements""}}",10/1/14,https://www.lodgemfg.com/page.asp?p_key=0A23CFF9980440FC8D283BC55A36328C
7759,test_category_labeling_highlight_upitt,95,3707,12,Other,"{""Other Type"": {""endIndexInSegment"": 285, ""startIndexInSegment"": 0, ""selectedText"": ""If users disable cookies in their browser: If you disable cookies off, some features will be disabled It will turn off some of the features that make your site experience more efficient and some of our services will not function properly. However, you can still place orders."", ""value"": ""Introductory/Generic""}}",10/1/14,https://www.lodgemfg.com/page.asp?p_key=0A23CFF9980440FC8D283BC55A36328C
8769,test_category_labeling_highlight_upitt,103,3707,12,Other,"{""Other Type"": {""endIndexInSegment"": 285, ""startIndexInSegment"": 0, ""selectedText"": ""If users disable cookies in their browser: If you disable cookies off, some features will be disabled It will turn off some of the features that make your site experience more efficient and some of our services will not function properly. However, you can still place orders."", ""value"": ""Other""}}",10/1/14,https://www.lodgemfg.com/page.asp?p_key=0A23CFF9980440FC8D283BC55A36328C
23742,test_category_labeling_highlight_upitt,123,3707,12,User Choice/Control,"{""Choice Type"": {""endIndexInSegment"": 42, ""startIndexInSegment"": 0, ""selectedText"": ""If users disable cookies in their browser:"", ""value"": ""Browser/device privacy controls""}, ""Choice Scope"": {""endIndexInSegment"": 149, ""startIndexInSegment"": 129, ""selectedText"": ""some of the features"", ""value"": ""Unspecified""}, ""User Type"": {""endIndexInSegment"": -1, ""startIndexInSegment"": -1, ""value"": ""Unspecified""}, ""Purpose"": {""endIndexInSegment"": 248, ""startIndexInSegment"": 141, ""selectedText"": ""features that make your site experience more efficient and some of our services will not function properly."", ""value"": ""Basic service/feature""}, ""Personal Information Type"": {""endIndexInSegment"": 75, ""startIndexInSegment"": 68, ""selectedText"": ""cookies"", ""value"": ""Cookies and tracking elements""}}",10/1/14,https://www.lodgemfg.com/page.asp?p_key=0A23CFF9980440FC8D283BC55A36328C
7760,test_category_labeling_highlight_upitt,95,3707,13,Third Party Sharing/Collection,"{""Third Party Entity"": {""endIndexInSegment"": 96, ""startIndexInSegment"": 81, ""selectedText"": ""outside parties"", ""value"": ""Unspecified""}, ""Choice Scope"": {""endIndexInSegment"": -1, ""startIndexInSegment"": -1, ""value"": ""Unspecified""}, ""Purpose"": {""endIndexInSegment"": -1, ""startIndexInSegment"": -1, ""value"": ""Unspecified""}, ""Personal Information Type"": {""endIndexInSegment"": 138, ""startIndexInSegment"": 102, ""selectedText"": ""personally identifiable information."", ""value"": ""Generic personal information""}, ""Choice Type"": {""endIndexInSegment"": -1, ""startIndexInSegment"": -1, ""value"": ""Unspecified""}, ""Identifiability"": {""endIndexInSegment"": 138, ""startIndexInSegment"": 102, ""selectedText"": ""personally identifiable information."", ""value"": ""Identifiable""}, ""Does/Does Not"": {""endIndexInSegment"": 42, ""startIndexInSegment"": 33, ""selectedText"": ""We do not"", ""value"": ""Does Not""}, ""User Type"": {""endIndexInSegment"": -1, ""startIndexInSegment"": -1, ""value"": ""Unspecified""}, ""Action Third Party"": {""endIndexInSegment"": 68, ""startIndexInSegment"": 43, ""selectedText"": ""sell, trade, or otherwise"", ""value"": ""Other""}}",10/1/14,https://www.lodgemfg.com/page.asp?p_key=0A23CFF9980440FC8D283BC55A36328C
8770,test_category_labeling_highlight_upitt,103,3707,13,Third Party Sharing/Collection,"{""Third Party Entity"": {""endIndexInSegment"": 96, ""startIndexInSegment"": 78, ""selectedText"": ""to outside parties"", ""value"": ""Unnamed third party""}, ""Choice Scope"": {""endIndexInSegment"": -1, ""startIndexInSegment"": -1, ""value"": ""not-selected""}, ""Purpose"": {""endIndexInSegment"": -1, ""startIndexInSegment"": -1, ""value"": ""Unspecified""}, ""Personal Information Type"": {""endIndexInSegment"": 138, ""startIndexInSegment"": 102, ""selectedText"": ""personally identifiable information."", ""value"": ""Generic personal information""}, ""Choice Type"": {""endIndexInSegment"": -1, ""startIndexInSegment"": -1, ""value"": ""not-selected""}, ""Identifiability"": {""endIndexInSegment"": 125, ""startIndexInSegment"": 102, ""selectedText"": ""personally identifiable"", ""value"": ""Identifiable""}, ""Does/Does Not"": {""endIndexInSegment"": 77, ""startIndexInSegment"": 0, ""selectedText"": ""Third Party Disclosure We do not sell, trade, or otherwise transfer"", ""value"": ""Does Not""}, ""User Type"": {""endIndexInSegment"": -1, ""startIndexInSegment"": -1, ""value"": ""not-selected""}, ""Action Third Party"": {""endIndexInSegment"": 77, ""startIndexInSegment"": 43, ""selectedText"": ""sell, trade, or otherwise transfer"", ""value"": ""Receive/Shared with""}}",10/1/14,https://www.lodgemfg.com/page.asp?p_key=0A23CFF9980440FC8D283BC55A36328C
23743,test_category_labeling_highlight_upitt,123,3707,13,Third Party Sharing/Collection,"{""Third Party Entity"": {""endIndexInSegment"": 96, ""startIndexInSegment"": 81, ""selectedText"": ""outside parties"", ""value"": ""Unnamed third party""}, ""Choice Scope"": {""endIndexInSegment"": -1, ""startIndexInSegment"": -1, ""value"": ""Unspecified""}, ""Purpose"": {""endIndexInSegment"": -1, ""startIndexInSegment"": -1, ""value"": ""Unspecified""}, ""Personal Information Type"": {""endIndexInSegment"": 137, ""startIndexInSegment"": 102, ""selectedText"": ""personally identifiable information"", ""value"": ""Generic personal information""}, ""Choice Type"": {""endIndexInSegment"": -1, ""startIndexInSegment"": -1, ""value"": ""Unspecified""}, ""Identifiability"": {""endIndexInSegment"": 137, ""startIndexInSegment"": 102, ""selectedText"": ""personally identifiable information"", ""value"": ""Identifiable""}, ""Does/Does Not"": {""endIndexInSegment"": 42, ""startIndexInSegment"": 33, ""selectedText"": ""We do not"", ""value"": ""Does Not""}, ""User Type"": {""endIndexInSegment"": -1, ""startIndexInSegment"": -1, ""value"": ""Unspecified""}, ""Action Third Party"": {""endIndexInSegment"": 77, ""startIndexInSegment"": 43, ""selectedText"": ""sell, trade, or otherwise transfer"", ""value"": ""Receive/Shared with""}}",10/1/14,https://www.lodgemfg.com/page.asp?p_key=0A23CFF9980440FC8D283BC55A36328C
7761,test_category_labeling_highlight_upitt,95,3707,14,Other,"{""Other Type"": {""endIndexInSegment"": 103, ""startIndexInSegment"": 0, ""selectedText"": ""Third party links We do not include or offer third party products or services on our website."", ""value"": ""Introductory/Generic""}}",10/1/14,https://www.lodgemfg.com/page.asp?p_key=0A23CFF9980440FC8D283BC55A36328C
8771,test_category_labeling_highlight_upitt,103,3707,14,Third Party Sharing/Collection,"{""Third Party Entity"": {""endIndexInSegment"": 66, ""startIndexInSegment"": 55, ""selectedText"": ""third party"", ""value"": ""Unnamed third party""}, ""Choice Scope"": {""endIndexInSegment"": -1, ""startIndexInSegment"": -1, ""value"": ""not-selected""}, ""Purpose"": {""endIndexInSegment"": -1, ""startIndexInSegment"": -1, ""value"": ""Unspecified""}, ""Personal Information Type"": {""endIndexInSegment"": -1, ""startIndexInSegment"": -1, ""value"": ""Unspecified""}, ""Choice Type"": {""endIndexInSegment"": -1, ""startIndexInSegment"": -1, ""value"": ""not-selected""}, ""Identifiability"": {""endIndexInSegment"": -1, ""startIndexInSegment"": -1, ""value"": ""not-selected""}, ""Does/Does Not"": {""endIndexInSegment"": 37, ""startIndexInSegment"": 31, ""selectedText"": ""do not"", ""value"": ""Does Not""}, ""User Type"": {""endIndexInSegment"": -1, ""startIndexInSegment"": -1, ""value"": ""not-selected""}, ""Action Third Party"": {""endIndexInSegment"": 103, ""startIndexInSegment"": 38, ""selectedText"": ""include or offer third party products or services on our website."", ""value"": ""Other""}}",10/1/14,https://www.lodgemfg.com/page.asp?p_key=0A23CFF9980440FC8D283BC55A36328C
23744,test_category_labeling_highlight_upitt,123,3707,14,Other,"{""Other Type"": {""endIndexInSegment"": 103, ""startIndexInSegment"": 28, ""selectedText"": ""We do not include or offer third party products or services on our website."", ""value"": ""Other""}}",10/1/14,https://www.lodgemfg.com/page.asp?p_key=0A23CFF9980440FC8D283BC55A36328C
7762,test_category_labeling_highlight_upitt,95,3707,15,Other,"{""Other Type"": {""endIndexInSegment"": 231, ""startIndexInSegment"": 11, ""selectedText"": ""<br> Google's advertising requirements can be summed up by Google's Advertising Principles. They are put in place to provide a positive experience for users. https://support.google.com/adwordspolicy/answer/1316548?hl=en"", ""value"": ""Introductory/Generic""}}",10/1/14,https://www.lodgemfg.com/page.asp?p_key=0A23CFF9980440FC8D283BC55A36328C
8773,test_category_labeling_highlight_upitt,103,3707,15,Other,"{""Other Type"": {""endIndexInSegment"": 231, ""startIndexInSegment"": 11, ""selectedText"": ""<br> Google's advertising requirements can be summed up by Google's Advertising Principles. They are put in place to provide a positive experience for users. https://support.google.com/adwordspolicy/answer/1316548?hl=en"", ""value"": ""Introductory/Generic""}}",10/1/14,https://www.lodgemfg.com/page.asp?p_key=0A23CFF9980440FC8D283BC55A36328C
23745,test_category_labeling_highlight_upitt,123,3707,15,Other,"{""Other Type"": {""endIndexInSegment"": 231, ""startIndexInSegment"": 17, ""selectedText"": ""Google's advertising requirements can be summed up by Google's Advertising Principles. They are put in place to provide a positive experience for users. https://support.google.com/adwordspolicy/answer/1316548?hl=en"", ""value"": ""Other""}}",10/1/14,https://www.lodgemfg.com/page.asp?p_key=0A23CFF9980440FC8D283BC55A36328C
7763,test_category_labeling_highlight_upitt,95,3707,16,Other,"{""Other Type"": {""endIndexInSegment"": 78, ""startIndexInSegment"": 0, ""selectedText"": ""We have not enabled Google AdSense on our site but we may do so in the future."", ""value"": ""Other""}}",10/1/14,https://www.lodgemfg.com/page.asp?p_key=0A23CFF9980440FC8D283BC55A36328C
8774,test_category_labeling_highlight_upitt,103,3707,16,First Party Collection/Use,"{""Collection Mode"": {""endIndexInSegment"": -1, ""startIndexInSegment"": -1, ""value"": ""not-selected""}, ""Choice Scope"": {""endIndexInSegment"": -1, ""startIndexInSegment"": -1, ""value"": ""not-selected""}, ""Action First-Party"": {""endIndexInSegment"": 78, ""startIndexInSegment"": 12, ""selectedText"": ""enabled Google AdSense on our site but we may do so in the future."", ""value"": ""Other""}, ""Personal Information Type"": {""endIndexInSegment"": -1, ""startIndexInSegment"": -1, ""value"": ""Unspecified""}, ""Choice Type"": {""endIndexInSegment"": 78, ""startIndexInSegment"": 47, ""selectedText"": ""but we may do so in the future."", ""value"": ""Unspecified""}, ""Identifiability"": {""endIndexInSegment"": -1, ""startIndexInSegment"": -1, ""value"": ""not-selected""}, ""Does/Does Not"": {""endIndexInSegment"": 19, ""startIndexInSegment"": 0, ""selectedText"": ""We have not enabled"", ""value"": ""Does Not""}, ""User Type"": {""endIndexInSegment"": -1, ""startIndexInSegment"": -1, ""value"": ""not-selected""}, ""Purpose"": {""endIndexInSegment"": 34, ""startIndexInSegment"": 27, ""selectedText"": ""AdSense"", ""value"": ""Advertising""}}",10/1/14,https://www.lodgemfg.com/page.asp?p_key=0A23CFF9980440FC8D283BC55A36328C
23754,test_category_labeling_highlight_upitt,123,3707,16,Other,"{""Other Type"": {""endIndexInSegment"": 78, ""startIndexInSegment"": 0, ""selectedText"": ""We have not enabled Google AdSense on our site but we may do so in the future."", ""value"": ""Other""}}",10/1/14,https://www.lodgemfg.com/page.asp?p_key=0A23CFF9980440FC8D283BC55A36328C
7764,test_category_labeling_highlight_upitt,95,3707,17,International and Specific Audiences,"{""Audience Type"": {""endIndexInSegment"": 689, ""startIndexInSegment"": 0, ""selectedText"": ""California Online Privacy Protection Act CalOPPA is the first state law in the nation to require commercial websites and online services to post a privacy policy. The law's reach stretches well beyond California to require a person or company in the United States (and conceivably the world) that operates websites collecting personally identifiable information from California consumers to post a conspicuous privacy policy on its website stating exactly the information being collected and those individuals with whom it is being shared, and to comply with this policy. - See more at: http://consumercal.org/california-online-privacy-protection-act-caloppa/sthash.0FdRbT51.dpuf"", ""value"": ""Californians""}}",10/1/14,https://www.lodgemfg.com/page.asp?p_key=0A23CFF9980440FC8D283BC55A36328C
8772,test_category_labeling_highlight_upitt,103,3707,17,International and Specific Audiences,"{""Audience Type"": {""endIndexInSegment"": 689, ""startIndexInSegment"": 0, ""selectedText"": ""California Online Privacy Protection Act CalOPPA is the first state law in the nation to require commercial websites and online services to post a privacy policy. The law's reach stretches well beyond California to require a person or company in the United States (and conceivably the world) that operates websites collecting personally identifiable information from California consumers to post a conspicuous privacy policy on its website stating exactly the information being collected and those individuals with whom it is being shared, and to comply with this policy. - See more at: http://consumercal.org/california-online-privacy-protection-act-caloppa/sthash.0FdRbT51.dpuf"", ""value"": ""Californians""}}",10/1/14,https://www.lodgemfg.com/page.asp?p_key=0A23CFF9980440FC8D283BC55A36328C
23755,test_category_labeling_highlight_upitt,123,3707,17,International and Specific Audiences,"{""Audience Type"": {""endIndexInSegment"": 689, ""startIndexInSegment"": 51, ""selectedText"": ""CalOPPA is the first state law in the nation to require commercial websites and online services to post a privacy policy. The law's reach stretches well beyond California to require a person or company in the United States (and conceivably the world) that operates websites collecting personally identifiable information from California consumers to post a conspicuous privacy policy on its website stating exactly the information being collected and those individuals with whom it is being shared, and to comply with this policy. - See more at: http://consumercal.org/california-online-privacy-protection-act-caloppa/sthash.0FdRbT51.dpuf"", ""value"": ""Californians""}}",10/1/14,https://www.lodgemfg.com/page.asp?p_key=0A23CFF9980440FC8D283BC55A36328C
7765,test_category_labeling_highlight_upitt,95,3707,18,International and Specific Audiences,"{""Audience Type"": {""endIndexInSegment"": 47, ""startIndexInSegment"": 0, ""selectedText"": ""According to CalOPPA we agree to the following:"", ""value"": ""Californians""}}",10/1/14,https://www.lodgemfg.com/page.asp?p_key=0A23CFF9980440FC8D283BC55A36328C
8775,test_category_labeling_highlight_upitt,103,3707,18,International and Specific Audiences,"{""Audience Type"": {""endIndexInSegment"": 47, ""startIndexInSegment"": 0, ""selectedText"": ""According to CalOPPA we agree to the following:"", ""value"": ""Californians""}}",10/1/14,https://www.lodgemfg.com/page.asp?p_key=0A23CFF9980440FC8D283BC55A36328C
23756,test_category_labeling_highlight_upitt,123,3707,18,Other,"{""Other Type"": {""endIndexInSegment"": 47, ""startIndexInSegment"": 0, ""selectedText"": ""According to CalOPPA we agree to the following:"", ""value"": ""Introductory/Generic""}}",10/1/14,https://www.lodgemfg.com/page.asp?p_key=0A23CFF9980440FC8D283BC55A36328C
7766,test_category_labeling_highlight_upitt,95,3707,19,Other,"{""Other Type"": {""endIndexInSegment"": 36, ""startIndexInSegment"": 0, ""selectedText"": ""Users can visit our site anonymously"", ""value"": ""Other""}}",10/1/14,https://www.lodgemfg.com/page.asp?p_key=0A23CFF9980440FC8D283BC55A36328C
8776,test_category_labeling_highlight_upitt,103,3707,19,Data Security,"{""Security Measure"": {""endIndexInSegment"": 36, ""startIndexInSegment"": 0, ""selectedText"": ""Users can visit our site anonymously"", ""value"": ""Generic""}}",10/1/14,https://www.lodgemfg.com/page.asp?p_key=0A23CFF9980440FC8D283BC55A36328C
23757,test_category_labeling_highlight_upitt,123,3707,19,International and Specific Audiences,"{""Audience Type"": {""endIndexInSegment"": 36, ""startIndexInSegment"": 0, ""selectedText"": ""Users can visit our site anonymously"", ""value"": ""Californians""}}",10/1/14,https://www.lodgemfg.com/page.asp?p_key=0A23CFF9980440FC8D283BC55A36328C
7767,test_category_labeling_highlight_upitt,95,3707,20,Other,"{""Other Type"": {""endIndexInSegment"": 153, ""startIndexInSegment"": 0, ""selectedText"": ""Once this privacy policy is created, we will add a link to it on our home page, or as a minimum on the first significant page after entering our website."", ""value"": ""Other""}}",10/1/14,https://www.lodgemfg.com/page.asp?p_key=0A23CFF9980440FC8D283BC55A36328C
8777,test_category_labeling_highlight_upitt,103,3707,20,Other,"{""Other Type"": {""endIndexInSegment"": 152, ""startIndexInSegment"": 0, ""selectedText"": ""Once this privacy policy is created, we will add a link to it on our home page, or as a minimum on the first significant page after entering our website"", ""value"": ""Introductory/Generic""}}",10/1/14,https://www.lodgemfg.com/page.asp?p_key=0A23CFF9980440FC8D283BC55A36328C
23758,test_category_labeling_highlight_upitt,123,3707,20,Other,"{""Other Type"": {""endIndexInSegment"": 153, ""startIndexInSegment"": 0, ""selectedText"": ""Once this privacy policy is created, we will add a link to it on our home page, or as a minimum on the first significant page after entering our website."", ""value"": ""Other""}}",10/1/14,https://www.lodgemfg.com/page.asp?p_key=0A23CFF9980440FC8D283BC55A36328C
7768,test_category_labeling_highlight_upitt,95,3707,21,Other,"{""Other Type"": {""endIndexInSegment"": 108, ""startIndexInSegment"": 0, ""selectedText"": ""Our Privacy Policy link includes the word 'Privacy', and can be easily be found on the page specified above."", ""value"": ""Other""}}",10/1/14,https://www.lodgemfg.com/page.asp?p_key=0A23CFF9980440FC8D283BC55A36328C
8778,test_category_labeling_highlight_upitt,103,3707,21,Other,"{""Other Type"": {""endIndexInSegment"": 108, ""startIndexInSegment"": 0, ""selectedText"": ""Our Privacy Policy link includes the word 'Privacy', and can be easily be found on the page specified above."", ""value"": ""Introductory/Generic""}}",10/1/14,https://www.lodgemfg.com/page.asp?p_key=0A23CFF9980440FC8D283BC55A36328C
23759,test_category_labeling_highlight_upitt,123,3707,21,Other,"{""Other Type"": {""endIndexInSegment"": 108, ""startIndexInSegment"": 0, ""selectedText"": ""Our Privacy Policy link includes the word 'Privacy', and can be easily be found on the page specified above."", ""value"": ""Other""}}",10/1/14,https://www.lodgemfg.com/page.asp?p_key=0A23CFF9980440FC8D283BC55A36328C
7769,test_category_labeling_highlight_upitt,95,3707,22,Policy Change,"{""Change Type"": {""endIndexInSegment"": 53, ""startIndexInSegment"": 30, ""selectedText"": ""privacy policy changes:"", ""value"": ""Privacy relevant change""}, ""User Choice"": {""endIndexInSegment"": -1, ""startIndexInSegment"": -1, ""value"": ""Unspecified""}, ""Notification Type"": {""endIndexInSegment"": 100, ""startIndexInSegment"": 0, ""selectedText"": ""Users will be notified of any privacy policy changes: On our Privacy Policy Page"", ""value"": ""General notice in privacy policy""}}",10/1/14,https://www.lodgemfg.com/page.asp?p_key=0A23CFF9980440FC8D283BC55A36328C
8779,test_category_labeling_highlight_upitt,103,3707,22,Policy Change,"{""Change Type"": {""endIndexInSegment"": 53, ""startIndexInSegment"": 26, ""selectedText"": ""any privacy policy changes:"", ""value"": ""Other""}, ""User Choice"": {""endIndexInSegment"": -1, ""startIndexInSegment"": -1, ""value"": ""Unspecified""}, ""Notification Type"": {""endIndexInSegment"": 100, ""startIndexInSegment"": 74, ""selectedText"": ""On our Privacy Policy Page"", ""value"": ""General notice in privacy policy""}}",10/1/14,https://www.lodgemfg.com/page.asp?p_key=0A23CFF9980440FC8D283BC55A36328C
23760,test_category_labeling_highlight_upitt,123,3707,22,Policy Change,"{""Change Type"": {""endIndexInSegment"": 53, ""startIndexInSegment"": 23, ""selectedText"": ""of any privacy policy changes:"", ""value"": ""Non-privacy relevant change""}, ""User Choice"": {""endIndexInSegment"": -1, ""startIndexInSegment"": -1, ""value"": ""Unspecified""}, ""Notification Type"": {""endIndexInSegment"": 100, ""startIndexInSegment"": 74, ""selectedText"": ""On our Privacy Policy Page"", ""value"": ""General notice in privacy policy""}}",10/1/14,https://www.lodgemfg.com/page.asp?p_key=0A23CFF9980440FC8D283BC55A36328C
7770,test_category_labeling_highlight_upitt,95,3707,23,"User Access, Edit and Deletion","{""Access Type"": {""endIndexInSegment"": 51, ""startIndexInSegment"": 18, ""selectedText"": ""change their personal information"", ""value"": ""Edit information""}, ""User Type"": {""endIndexInSegment"": -1, ""startIndexInSegment"": -1, ""value"": ""Unspecified""}, ""Access Scope"": {""endIndexInSegment"": 51, ""startIndexInSegment"": 31, ""selectedText"": ""personal information"", ""value"": ""User account data""}}",10/1/14,https://www.lodgemfg.com/page.asp?p_key=0A23CFF9980440FC8D283BC55A36328C
8781,test_category_labeling_highlight_upitt,103,3707,23,"User Access, Edit and Deletion","{""Access Type"": {""endIndexInSegment"": 52, ""startIndexInSegment"": 0, ""selectedText"": ""Users are able to change their personal information:"", ""value"": ""Edit information""}, ""User Type"": {""endIndexInSegment"": 176, ""startIndexInSegment"": 163, ""selectedText"": ""their account"", ""value"": ""User with account""}, ""Access Scope"": {""endIndexInSegment"": 52, ""startIndexInSegment"": 25, ""selectedText"": ""their personal information:"", ""value"": ""User account data""}}",10/1/14,https://www.lodgemfg.com/page.asp?p_key=0A23CFF9980440FC8D283BC55A36328C
8782,test_category_labeling_highlight_upitt,103,3707,23,User Choice/Control,"{""Choice Type"": {""endIndexInSegment"": 176, ""startIndexInSegment"": 73, ""selectedText"": ""By emailing us By calling us By logging in to their account"", ""value"": ""Opt-out via contacting company""}, ""Choice Scope"": {""endIndexInSegment"": 52, ""startIndexInSegment"": 0, ""selectedText"": ""Users are able to change their personal information:"", ""value"": ""First party collection""}, ""User Type"": {""endIndexInSegment"": 176, ""startIndexInSegment"": 163, ""selectedText"": ""their account"", ""value"": ""User with account""}, ""Purpose"": {""endIndexInSegment"": -1, ""startIndexInSegment"": -1, ""value"": ""Unspecified""}, ""Personal Information Type"": {""endIndexInSegment"": 52, ""startIndexInSegment"": 25, ""selectedText"": ""their personal information:"", ""value"": ""Generic personal information""}}",10/1/14,https://www.lodgemfg.com/page.asp?p_key=0A23CFF9980440FC8D283BC55A36328C
23761,test_category_labeling_highlight_upitt,123,3707,23,"User Access, Edit and Deletion","{""Access Type"": {""endIndexInSegment"": 52, ""startIndexInSegment"": 0, ""selectedText"": ""Users are able to change their personal information:"", ""value"": ""Edit information""}, ""User Type"": {""endIndexInSegment"": -1, ""startIndexInSegment"": -1, ""value"": ""Unspecified""}, ""Access Scope"": {""endIndexInSegment"": -1, ""startIndexInSegment"": -1, ""value"": ""Unspecified""}}",10/1/14,https://www.lodgemfg.com/page.asp?p_key=0A23CFF9980440FC8D283BC55A36328C
23762,test_category_labeling_highlight_upitt,123,3707,23,"User Access, Edit and Deletion","{""Access Type"": {""endIndexInSegment"": 52, ""startIndexInSegment"": 0, ""selectedText"": ""Users are able to change their personal information:"", ""value"": ""Edit information""}, ""User Type"": {""endIndexInSegment"": 176, ""startIndexInSegment"": 146, ""selectedText"": ""By logging in to their account"", ""value"": ""User with account""}, ""Access Scope"": {""endIndexInSegment"": -1, ""startIndexInSegment"": -1, ""value"": ""Unspecified""}}",10/1/14,https://www.lodgemfg.com/page.asp?p_key=0A23CFF9980440FC8D283BC55A36328C
7771,test_category_labeling_highlight_upitt,95,3707,24,Do Not Track,"{""Do Not Track policy"": {""endIndexInSegment"": 195, ""startIndexInSegment"": 57, ""selectedText"": ""We honor do not track signals and do not track, plant cookies, or use advertising when a Do Not Track (DNT) browser mechanism is in place."", ""value"": ""Honored""}}",10/1/14,https://www.lodgemfg.com/page.asp?p_key=0A23CFF9980440FC8D283BC55A36328C
8783,test_category_labeling_highlight_upitt,103,3707,24,Do Not Track,"{""Do Not Track policy"": {""endIndexInSegment"": 195, ""startIndexInSegment"": 0, ""selectedText"": ""How does our site handle do not track signals? We honor do not track signals and do not track, plant cookies, or use advertising when a Do Not Track (DNT) browser mechanism is in place."", ""value"": ""Honored""}}",10/1/14,https://www.lodgemfg.com/page.asp?p_key=0A23CFF9980440FC8D283BC55A36328C
23764,test_category_labeling_highlight_upitt,123,3707,24,Do Not Track,"{""Do Not Track policy"": {""endIndexInSegment"": 195, ""startIndexInSegment"": 57, ""selectedText"": ""We honor do not track signals and do not track, plant cookies, or use advertising when a Do Not Track (DNT) browser mechanism is in place."", ""value"": ""Honored""}}",10/1/14,https://www.lodgemfg.com/page.asp?p_key=0A23CFF9980440FC8D283BC55A36328C
7772,test_category_labeling_highlight_upitt,95,3707,25,Third Party Sharing/Collection,"{""Third Party Entity"": {""endIndexInSegment"": 31, ""startIndexInSegment"": 20, ""selectedText"": ""third party"", ""value"": ""Unnamed third party""}, ""Choice Scope"": {""endIndexInSegment"": -1, ""startIndexInSegment"": -1, ""value"": ""Unspecified""}, ""Purpose"": {""endIndexInSegment"": -1, ""startIndexInSegment"": -1, ""value"": ""Unspecified""}, ""Personal Information Type"": {""endIndexInSegment"": -1, ""startIndexInSegment"": -1, ""value"": ""Unspecified""}, ""Choice Type"": {""endIndexInSegment"": -1, ""startIndexInSegment"": -1, ""value"": ""Unspecified""}, ""Identifiability"": {""endIndexInSegment"": -1, ""startIndexInSegment"": -1, ""value"": ""Unspecified""}, ""Does/Does Not"": {""endIndexInSegment"": 111, ""startIndexInSegment"": 96, ""selectedText"": ""we do not allow"", ""value"": ""Does Not""}, ""User Type"": {""endIndexInSegment"": -1, ""startIndexInSegment"": -1, ""value"": ""Unspecified""}, ""Action Third Party"": {""endIndexInSegment"": 51, ""startIndexInSegment"": 20, ""selectedText"": ""third party behavioral tracking"", ""value"": ""Track on first party website/app""}}",10/1/14,https://www.lodgemfg.com/page.asp?p_key=0A23CFF9980440FC8D283BC55A36328C
8784,test_category_labeling_highlight_upitt,103,3707,25,Third Party Sharing/Collection,"{""Third Party Entity"": {""endIndexInSegment"": 31, ""startIndexInSegment"": 20, ""selectedText"": ""third party"", ""value"": ""Unnamed third party""}, ""Choice Scope"": {""endIndexInSegment"": -1, ""startIndexInSegment"": -1, ""value"": ""not-selected""}, ""Purpose"": {""endIndexInSegment"": -1, ""startIndexInSegment"": -1, ""value"": ""Unspecified""}, ""Personal Information Type"": {""endIndexInSegment"": -1, ""startIndexInSegment"": -1, ""value"": ""Unspecified""}, ""Choice Type"": {""endIndexInSegment"": -1, ""startIndexInSegment"": -1, ""value"": ""not-selected""}, ""Identifiability"": {""endIndexInSegment"": -1, ""startIndexInSegment"": -1, ""value"": ""not-selected""}, ""Does/Does Not"": {""endIndexInSegment"": 111, ""startIndexInSegment"": 96, ""selectedText"": ""we do not allow"", ""value"": ""Does Not""}, ""User Type"": {""endIndexInSegment"": -1, ""startIndexInSegment"": -1, ""value"": ""not-selected""}, ""Action Third Party"": {""endIndexInSegment"": 51, ""startIndexInSegment"": 32, ""selectedText"": ""behavioral tracking"", ""value"": ""Track on first party website/app""}}",10/1/14,https://www.lodgemfg.com/page.asp?p_key=0A23CFF9980440FC8D283BC55A36328C
23765,test_category_labeling_highlight_upitt,123,3707,25,Third Party Sharing/Collection,"{""Third Party Entity"": {""endIndexInSegment"": 31, ""startIndexInSegment"": 20, ""selectedText"": ""third party"", ""value"": ""Unnamed third party""}, ""Choice Scope"": {""endIndexInSegment"": -1, ""startIndexInSegment"": -1, ""value"": ""Unspecified""}, ""Purpose"": {""endIndexInSegment"": -1, ""startIndexInSegment"": -1, ""value"": ""Unspecified""}, ""Personal Information Type"": {""endIndexInSegment"": 51, ""startIndexInSegment"": 32, ""selectedText"": ""behavioral tracking"", ""value"": ""Unspecified""}, ""Choice Type"": {""endIndexInSegment"": -1, ""startIndexInSegment"": -1, ""value"": ""Unspecified""}, ""Identifiability"": {""endIndexInSegment"": -1, ""startIndexInSegment"": -1, ""value"": ""Unspecified""}, ""Does/Does Not"": {""endIndexInSegment"": 111, ""startIndexInSegment"": 96, ""selectedText"": ""we do not allow"", ""value"": ""Does Not""}, ""User Type"": {""endIndexInSegment"": -1, ""startIndexInSegment"": -1, ""value"": ""Unspecified""}, ""Action Third Party"": {""endIndexInSegment"": 51, ""startIndexInSegment"": 32, ""selectedText"": ""behavioral tracking"", ""value"": ""Track on first party website/app""}}",10/1/14,https://www.lodgemfg.com/page.asp?p_key=0A23CFF9980440FC8D283BC55A36328C
7773,test_category_labeling_highlight_upitt,95,3707,26,International and Specific Audiences,"{""Audience Type"": {""endIndexInSegment"": 431, ""startIndexInSegment"": 0, ""selectedText"": ""COPPA (Children Online Privacy Protection Act) When it comes to the collection of personal information from children under 13, the Children's Online Privacy Protection Act (COPPA) puts parents in control. The Federal Trade Commission, the nation's consumer protection agency, enforces the COPPA Rule, which spells out what operators of websites and online services must do to protect children's privacy and safety online."", ""value"": ""Children""}}",10/1/14,https://www.lodgemfg.com/page.asp?p_key=0A23CFF9980440FC8D283BC55A36328C
8785,test_category_labeling_highlight_upitt,103,3707,26,International and Specific Audiences,"{""Audience Type"": {""endIndexInSegment"": 431, ""startIndexInSegment"": 0, ""selectedText"": ""COPPA (Children Online Privacy Protection Act) When it comes to the collection of personal information from children under 13, the Children's Online Privacy Protection Act (COPPA) puts parents in control. The Federal Trade Commission, the nation's consumer protection agency, enforces the COPPA Rule, which spells out what operators of websites and online services must do to protect children's privacy and safety online."", ""value"": ""Children""}}",10/1/14,https://www.lodgemfg.com/page.asp?p_key=0A23CFF9980440FC8D283BC55A36328C
23766,test_category_labeling_highlight_upitt,123,3707,26,International and Specific Audiences,"{""Audience Type"": {""endIndexInSegment"": 431, ""startIndexInSegment"": 57, ""selectedText"": ""When it comes to the collection of personal information from children under 13, the Children's Online Privacy Protection Act (COPPA) puts parents in control. The Federal Trade Commission, the nation's consumer protection agency, enforces the COPPA Rule, which spells out what operators of websites and online services must do to protect children's privacy and safety online."", ""value"": ""Children""}}",10/1/14,https://www.lodgemfg.com/page.asp?p_key=0A23CFF9980440FC8D283BC55A36328C
7774,test_category_labeling_highlight_upitt,95,3707,27,International and Specific Audiences,"{""Audience Type"": {""endIndexInSegment"": 51, ""startIndexInSegment"": 0, ""selectedText"": ""We do not specifically market to children under 13."", ""value"": ""Children""}}",10/1/14,https://www.lodgemfg.com/page.asp?p_key=0A23CFF9980440FC8D283BC55A36328C
8786,test_category_labeling_highlight_upitt,103,3707,27,International and Specific Audiences,"{""Audience Type"": {""endIndexInSegment"": 51, ""startIndexInSegment"": 0, ""selectedText"": ""We do not specifically market to children under 13."", ""value"": ""Children""}}",10/1/14,https://www.lodgemfg.com/page.asp?p_key=0A23CFF9980440FC8D283BC55A36328C
23767,test_category_labeling_highlight_upitt,123,3707,27,International and Specific Audiences,"{""Audience Type"": {""endIndexInSegment"": 51, ""startIndexInSegment"": 0, ""selectedText"": ""We do not specifically market to children under 13."", ""value"": ""Children""}}",10/1/14,https://www.lodgemfg.com/page.asp?p_key=0A23CFF9980440FC8D283BC55A36328C
7775,test_category_labeling_highlight_upitt,95,3707,28,Other,"{""Other Type"": {""endIndexInSegment"": 431, ""startIndexInSegment"": 0, ""selectedText"": ""Fair Information Practices The Fair Information Practices Principles form the backbone of privacy law in the United States and the concepts they include have played a significant role in the development of data protection laws around the globe. Understanding the Fair Information Practice Principles and how they should be implemented is critical to comply with the various privacy laws that protect personal information."", ""value"": ""Introductory/Generic""}}",10/1/14,https://www.lodgemfg.com/page.asp?p_key=0A23CFF9980440FC8D283BC55A36328C
8787,test_category_labeling_highlight_upitt,103,3707,28,Other,"{""Other Type"": {""endIndexInSegment"": 431, ""startIndexInSegment"": 0, ""selectedText"": ""Fair Information Practices The Fair Information Practices Principles form the backbone of privacy law in the United States and the concepts they include have played a significant role in the development of data protection laws around the globe. Understanding the Fair Information Practice Principles and how they should be implemented is critical to comply with the various privacy laws that protect personal information."", ""value"": ""Introductory/Generic""}}",10/1/14,https://www.lodgemfg.com/page.asp?p_key=0A23CFF9980440FC8D283BC55A36328C
23768,test_category_labeling_highlight_upitt,123,3707,28,Other,"{""Other Type"": {""endIndexInSegment"": 431, ""startIndexInSegment"": 37, ""selectedText"": ""The Fair Information Practices Principles form the backbone of privacy law in the United States and the concepts they include have played a significant role in the development of data protection laws around the globe. Understanding the Fair Information Practice Principles and how they should be implemented is critical to comply with the various privacy laws that protect personal information."", ""value"": ""Introductory/Generic""}}",10/1/14,https://www.lodgemfg.com/page.asp?p_key=0A23CFF9980440FC8D283BC55A36328C
7776,test_category_labeling_highlight_upitt,95,3707,29,Other,"{""Other Type"": {""endIndexInSegment"": 128, ""startIndexInSegment"": 0, ""selectedText"": ""In order to be in line with Fair Information Practices we will take the following responsive action, should a data breach occur:"", ""value"": ""Introductory/Generic""}}",10/1/14,https://www.lodgemfg.com/page.asp?p_key=0A23CFF9980440FC8D283BC55A36328C
8788,test_category_labeling_highlight_upitt,103,3707,29,Data Security,"{""Security Measure"": {""endIndexInSegment"": 128, ""startIndexInSegment"": 0, ""selectedText"": ""In order to be in line with Fair Information Practices we will take the following responsive action, should a data breach occur:"", ""value"": ""Generic""}}",10/1/14,https://www.lodgemfg.com/page.asp?p_key=0A23CFF9980440FC8D283BC55A36328C
23769,test_category_labeling_highlight_upitt,123,3707,29,Data Security,"{""Security Measure"": {""endIndexInSegment"": 128, ""startIndexInSegment"": 0, ""selectedText"": ""In order to be in line with Fair Information Practices we will take the following responsive action, should a data breach occur:"", ""value"": ""Generic""}}",10/1/14,https://www.lodgemfg.com/page.asp?p_key=0A23CFF9980440FC8D283BC55A36328C
7777,test_category_labeling_highlight_upitt,95,3707,30,Other,"{""Other Type"": {""endIndexInSegment"": 77, ""startIndexInSegment"": 0, ""selectedText"": ""We will notify the users via email Within 7 business days"", ""value"": ""Other""}}",10/1/14,https://www.lodgemfg.com/page.asp?p_key=0A23CFF9980440FC8D283BC55A36328C
8789,test_category_labeling_highlight_upitt,103,3707,30,Data Security,"{""Security Measure"": {""endIndexInSegment"": 77, ""startIndexInSegment"": 0, ""selectedText"": ""We will notify the users via email Within 7 business days"", ""value"": ""Privacy/Security program""}}",10/1/14,https://www.lodgemfg.com/page.asp?p_key=0A23CFF9980440FC8D283BC55A36328C
23770,test_category_labeling_highlight_upitt,123,3707,30,Data Security,"{""Security Measure"": {""endIndexInSegment"": 34, ""startIndexInSegment"": 0, ""selectedText"": ""We will notify the users via email"", ""value"": ""Other""}}",10/1/14,https://www.lodgemfg.com/page.asp?p_key=0A23CFF9980440FC8D283BC55A36328C
7778,test_category_labeling_highlight_upitt,95,3707,31,Other,"{""Other Type"": {""endIndexInSegment"": 92, ""startIndexInSegment"": 0, ""selectedText"": ""We will notify the users via in site notification Within 7 business days"", ""value"": ""Other""}}",10/1/14,https://www.lodgemfg.com/page.asp?p_key=0A23CFF9980440FC8D283BC55A36328C
23771,test_category_labeling_highlight_upitt,123,3707,31,Data Security,"{""Security Measure"": {""endIndexInSegment"": 49, ""startIndexInSegment"": 0, ""selectedText"": ""We will notify the users via in site notification"", ""value"": ""Other""}}",10/1/14,https://www.lodgemfg.com/page.asp?p_key=0A23CFF9980440FC8D283BC55A36328C
7779,test_category_labeling_highlight_upitt,95,3707,32,Other,"{""Other Type"": {""endIndexInSegment"": 436, ""startIndexInSegment"": 0, ""selectedText"": ""We also agree to the individual redress principle, which requires that individuals have a right to pursue legally enforceable rights against data collectors and processors who fail to adhere to the law. This principle requires not only that individuals have enforceable rights against data users, but also that individuals have recourse to courts or a government agency to investigate and/or prosecute non-compliance by data processors."", ""value"": ""Other""}}",10/1/14,https://www.lodgemfg.com/page.asp?p_key=0A23CFF9980440FC8D283BC55A36328C
8790,test_category_labeling_highlight_upitt,103,3707,32,Data Security,"{""Security Measure"": {""endIndexInSegment"": 436, ""startIndexInSegment"": 0, ""selectedText"": ""We also agree to the individual redress principle, which requires that individuals have a right to pursue legally enforceable rights against data collectors and processors who fail to adhere to the law. This principle requires not only that individuals have enforceable rights against data users, but also that individuals have recourse to courts or a government agency to investigate and/or prosecute non-compliance by data processors."", ""value"": ""Privacy/Security program""}}",10/1/14,https://www.lodgemfg.com/page.asp?p_key=0A23CFF9980440FC8D283BC55A36328C
23772,test_category_labeling_highlight_upitt,123,3707,32,Other,"{""Other Type"": {""endIndexInSegment"": 436, ""startIndexInSegment"": 0, ""selectedText"": ""We also agree to the individual redress principle, which requires that individuals have a right to pursue legally enforceable rights against data collectors and processors who fail to adhere to the law. This principle requires not only that individuals have enforceable rights against data users, but also that individuals have recourse to courts or a government agency to investigate and/or prosecute non-compliance by data processors."", ""value"": ""Practice not covered""}}",10/1/14,https://www.lodgemfg.com/page.asp?p_key=0A23CFF9980440FC8D283BC55A36328C
7780,test_category_labeling_highlight_upitt,95,3707,33,Other,"{""Other Type"": {""endIndexInSegment"": 300, ""startIndexInSegment"": 0, ""selectedText"": ""Contacting Us If there are any questions regarding this privacy policy you may contact us using the information below. 204 E. 5th Street South Pittsburg, TN 37380 United States info@lodgemfg.com 423.837.7181 Last Edited on 10/2014"", ""value"": ""Privacy contact information""}}",10/1/14,https://www.lodgemfg.com/page.asp?p_key=0A23CFF9980440FC8D283BC55A36328C
8791,test_category_labeling_highlight_upitt,103,3707,33,Other,"{""Other Type"": {""endIndexInSegment"": 267, ""startIndexInSegment"": 0, ""selectedText"": ""Contacting Us If there are any questions regarding this privacy policy you may contact us using the information below. 204 E. 5th Street South Pittsburg, TN 37380 United States info@lodgemfg.com 423.837.7181"", ""value"": ""Privacy contact information""}}",10/1/14,https://www.lodgemfg.com/page.asp?p_key=0A23CFF9980440FC8D283BC55A36328C
8792,test_category_labeling_highlight_upitt,103,3707,33,Policy Change,"{""Change Type"": {""endIndexInSegment"": -1, ""startIndexInSegment"": -1, ""value"": ""Unspecified""}, ""User Choice"": {""endIndexInSegment"": -1, ""startIndexInSegment"": -1, ""value"": ""Unspecified""}, ""Notification Type"": {""endIndexInSegment"": 300, ""startIndexInSegment"": 278, ""selectedText"": ""Last Edited on 10/2014"", ""value"": ""General notice in privacy policy""}}",10/1/14,https://www.lodgemfg.com/page.asp?p_key=0A23CFF9980440FC8D283BC55A36328C
23773,test_category_labeling_highlight_upitt,123,3707,33,Other,"{""Other Type"": {""endIndexInSegment"": 300, ""startIndexInSegment"": 0, ""selectedText"": ""Contacting Us If there are any questions regarding this privacy policy you may contact us using the information below. 204 E. 5th Street South Pittsburg, TN 37380 United States info@lodgemfg.com 423.837.7181 Last Edited on 10/2014"", ""value"": ""Privacy contact information""}}",10/1/14,https://www.lodgemfg.com/page.asp?p_key=0A23CFF9980440FC8D283BC55A36328C
