C4690,test_category_labeling_highlight,88,3629,0,Other,"{""Other Type"": {""endIndexInSegment"": 604, ""startIndexInSegment"": 220, ""selectedText"": ""The Frederick News-Post and its owner, Randall Family, LLC (collectively, \""The News-Post\""), recognize the importance of protecting the privacy of personally identifiable information collected about you, our customers. This customer privacy policy is intended to outline our legitimate business interests in collecting and using information and your reasonable expectations of privacy."", ""value"": ""Introductory/Generic""}}",5/3/12,http://www.fredericknewspost.com/site/privacy.html
2176,test_category_labeling_highlight,82,3629,0,First Party Collection/Use,"{""Collection Mode"": {""endIndexInSegment"": -1, ""startIndexInSegment"": -1, ""value"": ""Unspecified""}, ""Choice Scope"": {""endIndexInSegment"": -1, ""startIndexInSegment"": -1, ""value"": ""Unspecified""}, ""Action First-Party"": {""endIndexInSegment"": -1, ""startIndexInSegment"": -1, ""value"": ""Unspecified""}, ""Personal Information Type"": {""endIndexInSegment"": 401, ""startIndexInSegment"": 391, ""selectedText"": ""nformation"", ""value"": ""Generic personal information""}, ""Choice Type"": {""endIndexInSegment"": -1, ""startIndexInSegment"": -1, ""value"": ""Unspecified""}, ""Identifiability"": {""endIndexInSegment"": 389, ""startIndexInSegment"": 366, ""selectedText"": ""personally identifiable"", ""value"": ""Identifiable""}, ""Does/Does Not"": {""endIndexInSegment"": 420, ""startIndexInSegment"": 402, ""selectedText"": ""collected about yo"", ""value"": ""Does""}, ""User Type"": {""endIndexInSegment"": -1, ""startIndexInSegment"": -1, ""value"": ""Unspecified""}, ""Purpose"": {""endIndexInSegment"": -1, ""startIndexInSegment"": -1, ""value"": ""Unspecified""}}",5/3/12,http://www.fredericknewspost.com/site/privacy.html
2768,test_category_labeling_highlight,88,3629,0,Policy Change,"{""Change Type"": {""endIndexInSegment"": 148, ""startIndexInSegment"": 44, ""selectedText"": ""Posted: Tuesday, September 18, 2012 12:29 pm Updated: Thursday, May 21, 2015 3:22 pm."", ""value"": ""Unspecified""}, ""User Choice"": {""endIndexInSegment"": -1, ""startIndexInSegment"": -1, ""value"": ""Unspecified""}, ""Notification Type"": {""endIndexInSegment"": 148, ""startIndexInSegment"": 44, ""selectedText"": ""Posted: Tuesday, September 18, 2012 12:29 pm Updated: Thursday, May 21, 2015 3:22 pm."", ""value"": ""General notice in privacy policy""}}",5/3/12,http://www.fredericknewspost.com/site/privacy.html
C4691,test_category_labeling_highlight,88,3629,1,Data Security,"{""Security Measure"": {""endIndexInSegment"": 294, ""startIndexInSegment"": 150, ""selectedText"": ""When entering payment and personal information on our web pages you will see that we use SSL certificates to encrypt your data as you submit it."", ""value"": ""Secure data storage""}}",5/3/12,http://www.fredericknewspost.com/site/privacy.html
1950,test_category_labeling_highlight,84,3629,1,Data Security,"{""Security Measure"": {""endIndexInSegment"": 148, ""startIndexInSegment"": 38, ""selectedText"": ""We take the responsibility for keeping your payment and personal information private and secure very seriously"", ""value"": ""Generic""}}",5/3/12,http://www.fredericknewspost.com/site/privacy.html
2179,test_category_labeling_highlight,82,3629,1,Data Security,"{""Security Measure"": {""endIndexInSegment"": 413, ""startIndexInSegment"": 295, ""selectedText"": ""Our internal systems and procedures are periodically reviewed for compliance with industry standards on data security."", ""value"": ""Privacy review/audit""}}",5/3/12,http://www.fredericknewspost.com/site/privacy.html
C4692,test_category_labeling_highlight,88,3629,2,First Party Collection/Use,"{""Collection Mode"": {""endIndexInSegment"": 165, ""startIndexInSegment"": 56, ""selectedText"": ""The News-Post gathers identifying information about you only when you provide that information on a voluntary"", ""value"": ""Explicit""}, ""Choice Scope"": {""endIndexInSegment"": -1, ""startIndexInSegment"": -1, ""value"": ""Unspecified""}, ""Action First-Party"": {""endIndexInSegment"": 111, ""startIndexInSegment"": 70, ""selectedText"": ""gathers identifying information about you"", ""value"": ""Collect on website""}, ""Personal Information Type"": {""endIndexInSegment"": 503, ""startIndexInSegment"": 439, ""selectedText"": ""your name, age, email address, mailing address and phone number."", ""value"": ""Contact""}, ""Choice Type"": {""endIndexInSegment"": -1, ""startIndexInSegment"": -1, ""value"": ""Unspecified""}, ""Identifiability"": {""endIndexInSegment"": 101, ""startIndexInSegment"": 78, ""selectedText"": ""identifying information"", ""value"": ""Identifiable""}, ""Does/Does Not"": {""endIndexInSegment"": 332, ""startIndexInSegment"": 56, ""selectedText"": ""The News-Post gathers identifying information about you only when you provide that information on a voluntary basis for such purposes as member or subscriber registration, reader comments and blogs, contests, news alerts, purchasing products and using social networking tools."", ""value"": ""Does""}, ""User Type"": {""endIndexInSegment"": -1, ""startIndexInSegment"": -1, ""value"": ""Unspecified""}, ""Purpose"": {""endIndexInSegment"": 331, ""startIndexInSegment"": 172, ""selectedText"": ""for such purposes as member or subscriber registration, reader comments and blogs, contests, news alerts, purchasing products and using social networking tools"", ""value"": ""Basic service/feature""}}",5/3/12,http://www.fredericknewspost.com/site/privacy.html
1952,test_category_labeling_highlight,84,3629,2,First Party Collection/Use,"{""Collection Mode"": {""endIndexInSegment"": 171, ""startIndexInSegment"": 112, ""selectedText"": ""only when you provide that information on a voluntary basis"", ""value"": ""Explicit""}, ""Choice Scope"": {""endIndexInSegment"": -1, ""startIndexInSegment"": -1, ""value"": ""Unspecified""}, ""Action First-Party"": {""endIndexInSegment"": 77, ""startIndexInSegment"": 56, ""selectedText"": ""The News-Post gathers"", ""value"": ""Unspecified""}, ""Personal Information Type"": {""endIndexInSegment"": 422, ""startIndexInSegment"": 333, ""selectedText"": ""The personal information required to use our site services varies from service to service"", ""value"": ""Unspecified""}, ""Choice Type"": {""endIndexInSegment"": -1, ""startIndexInSegment"": -1, ""value"": ""Unspecified""}, ""Identifiability"": {""endIndexInSegment"": 89, ""startIndexInSegment"": 78, ""selectedText"": ""identifying"", ""value"": ""Identifiable""}, ""Does/Does Not"": {""endIndexInSegment"": 77, ""startIndexInSegment"": 70, ""selectedText"": ""gathers"", ""value"": ""Does""}, ""User Type"": {""endIndexInSegment"": -1, ""startIndexInSegment"": -1, ""value"": ""Unspecified""}, ""Purpose"": {""endIndexInSegment"": 277, ""startIndexInSegment"": 193, ""selectedText"": ""member or subscriber registration, reader comments and blogs, contests, news alerts,"", ""value"": ""Basic service/feature""}}",5/3/12,http://www.fredericknewspost.com/site/privacy.html
1953,test_category_labeling_highlight,84,3629,2,First Party Collection/Use,"{""Collection Mode"": {""endIndexInSegment"": 171, ""startIndexInSegment"": 112, ""selectedText"": ""only when you provide that information on a voluntary basis"", ""value"": ""Explicit""}, ""Choice Scope"": {""endIndexInSegment"": -1, ""startIndexInSegment"": -1, ""value"": ""Unspecified""}, ""Action First-Party"": {""endIndexInSegment"": 77, ""startIndexInSegment"": 56, ""selectedText"": ""The News-Post gathers"", ""value"": ""Unspecified""}, ""Personal Information Type"": {""endIndexInSegment"": 422, ""startIndexInSegment"": 333, ""selectedText"": ""The personal information required to use our site services varies from service to service"", ""value"": ""Unspecified""}, ""Choice Type"": {""endIndexInSegment"": -1, ""startIndexInSegment"": -1, ""value"": ""Unspecified""}, ""Identifiability"": {""endIndexInSegment"": 89, ""startIndexInSegment"": 78, ""selectedText"": ""identifying"", ""value"": ""Identifiable""}, ""Does/Does Not"": {""endIndexInSegment"": 77, ""startIndexInSegment"": 70, ""selectedText"": ""gathers"", ""value"": ""Does""}, ""User Type"": {""endIndexInSegment"": -1, ""startIndexInSegment"": -1, ""value"": ""Unspecified""}, ""Purpose"": {""endIndexInSegment"": 331, ""startIndexInSegment"": 278, ""selectedText"": ""purchasing products and using social networking tools"", ""value"": ""Additional service/feature""}}",5/3/12,http://www.fredericknewspost.com/site/privacy.html
1955,test_category_labeling_highlight,84,3629,2,First Party Collection/Use,"{""Collection Mode"": {""endIndexInSegment"": 171, ""startIndexInSegment"": 112, ""selectedText"": ""only when you provide that information on a voluntary basis"", ""value"": ""Explicit""}, ""Choice Scope"": {""endIndexInSegment"": -1, ""startIndexInSegment"": -1, ""value"": ""Unspecified""}, ""Action First-Party"": {""endIndexInSegment"": 77, ""startIndexInSegment"": 56, ""selectedText"": ""The News-Post gathers"", ""value"": ""Unspecified""}, ""Personal Information Type"": {""endIndexInSegment"": 448, ""startIndexInSegment"": 444, ""selectedText"": ""name"", ""value"": ""Contact""}, ""Choice Type"": {""endIndexInSegment"": -1, ""startIndexInSegment"": -1, ""value"": ""Unspecified""}, ""Identifiability"": {""endIndexInSegment"": 89, ""startIndexInSegment"": 78, ""selectedText"": ""identifying"", ""value"": ""Identifiable""}, ""Does/Does Not"": {""endIndexInSegment"": 77, ""startIndexInSegment"": 70, ""selectedText"": ""gathers"", ""value"": ""Does""}, ""User Type"": {""endIndexInSegment"": -1, ""startIndexInSegment"": -1, ""value"": ""Unspecified""}, ""Purpose"": {""endIndexInSegment"": 331, ""startIndexInSegment"": 278, ""selectedText"": ""purchasing products and using social networking tools"", ""value"": ""Additional service/feature""}}",5/3/12,http://www.fredericknewspost.com/site/privacy.html
1956,test_category_labeling_highlight,84,3629,2,First Party Collection/Use,"{""Collection Mode"": {""endIndexInSegment"": 171, ""startIndexInSegment"": 112, ""selectedText"": ""only when you provide that information on a voluntary basis"", ""value"": ""Explicit""}, ""Choice Scope"": {""endIndexInSegment"": -1, ""startIndexInSegment"": -1, ""value"": ""Unspecified""}, ""Action First-Party"": {""endIndexInSegment"": 77, ""startIndexInSegment"": 56, ""selectedText"": ""The News-Post gathers"", ""value"": ""Unspecified""}, ""Personal Information Type"": {""endIndexInSegment"": 453, ""startIndexInSegment"": 450, ""selectedText"": ""age"", ""value"": ""Demographic""}, ""Choice Type"": {""endIndexInSegment"": -1, ""startIndexInSegment"": -1, ""value"": ""Unspecified""}, ""Identifiability"": {""endIndexInSegment"": 89, ""startIndexInSegment"": 78, ""selectedText"": ""identifying"", ""value"": ""Identifiable""}, ""Does/Does Not"": {""endIndexInSegment"": 77, ""startIndexInSegment"": 70, ""selectedText"": ""gathers"", ""value"": ""Does""}, ""User Type"": {""endIndexInSegment"": -1, ""startIndexInSegment"": -1, ""value"": ""Unspecified""}, ""Purpose"": {""endIndexInSegment"": 331, ""startIndexInSegment"": 278, ""selectedText"": ""purchasing products and using social networking tools"", ""value"": ""Additional service/feature""}}",5/3/12,http://www.fredericknewspost.com/site/privacy.html
1958,test_category_labeling_highlight,84,3629,2,First Party Collection/Use,"{""Collection Mode"": {""endIndexInSegment"": 171, ""startIndexInSegment"": 112, ""selectedText"": ""only when you provide that information on a voluntary basis"", ""value"": ""Explicit""}, ""Choice Scope"": {""endIndexInSegment"": -1, ""startIndexInSegment"": -1, ""value"": ""Unspecified""}, ""Action First-Party"": {""endIndexInSegment"": 77, ""startIndexInSegment"": 56, ""selectedText"": ""The News-Post gathers"", ""value"": ""Unspecified""}, ""Personal Information Type"": {""endIndexInSegment"": 571, ""startIndexInSegment"": 519, ""selectedText"": ""credit card and billing information may be required."", ""value"": ""Financial""}, ""Choice Type"": {""endIndexInSegment"": -1, ""startIndexInSegment"": -1, ""value"": ""Unspecified""}, ""Identifiability"": {""endIndexInSegment"": 89, ""startIndexInSegment"": 78, ""selectedText"": ""identifying"", ""value"": ""Identifiable""}, ""Does/Does Not"": {""endIndexInSegment"": 77, ""startIndexInSegment"": 70, ""selectedText"": ""gathers"", ""value"": ""Does""}, ""User Type"": {""endIndexInSegment"": -1, ""startIndexInSegment"": -1, ""value"": ""Unspecified""}, ""Purpose"": {""endIndexInSegment"": 331, ""startIndexInSegment"": 278, ""selectedText"": ""purchasing products and using social networking tools"", ""value"": ""Additional service/feature""}}",5/3/12,http://www.fredericknewspost.com/site/privacy.html
2186,test_category_labeling_highlight,82,3629,2,First Party Collection/Use,"{""Collection Mode"": {""endIndexInSegment"": 133, ""startIndexInSegment"": 122, ""selectedText"": ""you provide"", ""value"": ""Explicit""}, ""Choice Scope"": {""endIndexInSegment"": -1, ""startIndexInSegment"": -1, ""value"": ""Unspecified""}, ""Action First-Party"": {""endIndexInSegment"": -1, ""startIndexInSegment"": -1, ""value"": ""Unspecified""}, ""Personal Information Type"": {""endIndexInSegment"": 502, ""startIndexInSegment"": 444, ""selectedText"": ""name, age, email address, mailing address and phone number"", ""value"": ""Contact""}, ""Choice Type"": {""endIndexInSegment"": 189, ""startIndexInSegment"": 156, ""selectedText"": ""voluntary basis for such purposes"", ""value"": ""Opt-in""}, ""Identifiability"": {""endIndexInSegment"": 101, ""startIndexInSegment"": 78, ""selectedText"": ""identifying information"", ""value"": ""Identifiable""}, ""Does/Does Not"": {""endIndexInSegment"": 101, ""startIndexInSegment"": 71, ""selectedText"": ""athers identifying information"", ""value"": ""Does""}, ""User Type"": {""endIndexInSegment"": -1, ""startIndexInSegment"": -1, ""value"": ""Unspecified""}, ""Purpose"": {""endIndexInSegment"": 227, ""startIndexInSegment"": 190, ""selectedText"": ""as member or subscriber registration,"", ""value"": ""Basic service/feature""}}",5/3/12,http://www.fredericknewspost.com/site/privacy.html
2189,test_category_labeling_highlight,82,3629,2,First Party Collection/Use,"{""Collection Mode"": {""endIndexInSegment"": 133, ""startIndexInSegment"": 122, ""selectedText"": ""you provide"", ""value"": ""Explicit""}, ""Choice Scope"": {""endIndexInSegment"": -1, ""startIndexInSegment"": -1, ""value"": ""Unspecified""}, ""Action First-Party"": {""endIndexInSegment"": -1, ""startIndexInSegment"": -1, ""value"": ""Unspecified""}, ""Personal Information Type"": {""endIndexInSegment"": 554, ""startIndexInSegment"": 519, ""selectedText"": ""credit card and billing information"", ""value"": ""Financial""}, ""Choice Type"": {""endIndexInSegment"": -1, ""startIndexInSegment"": -1, ""value"": ""Unspecified""}, ""Identifiability"": {""endIndexInSegment"": 101, ""startIndexInSegment"": 78, ""selectedText"": ""identifying information"", ""value"": ""Identifiable""}, ""Does/Does Not"": {""endIndexInSegment"": 101, ""startIndexInSegment"": 71, ""selectedText"": ""athers identifying information"", ""value"": ""Does""}, ""User Type"": {""endIndexInSegment"": -1, ""startIndexInSegment"": -1, ""value"": ""Unspecified""}, ""Purpose"": {""endIndexInSegment"": 517, ""startIndexInSegment"": 504, ""selectedText"": ""For purchases"", ""value"": ""Basic service/feature""}}",5/3/12,http://www.fredericknewspost.com/site/privacy.html
2772,test_category_labeling_highlight,88,3629,2,First Party Collection/Use,"{""Collection Mode"": {""endIndexInSegment"": 165, ""startIndexInSegment"": 56, ""selectedText"": ""The News-Post gathers identifying information about you only when you provide that information on a voluntary"", ""value"": ""Explicit""}, ""Choice Scope"": {""endIndexInSegment"": -1, ""startIndexInSegment"": -1, ""value"": ""Unspecified""}, ""Action First-Party"": {""endIndexInSegment"": 111, ""startIndexInSegment"": 70, ""selectedText"": ""gathers identifying information about you"", ""value"": ""Collect on website""}, ""Personal Information Type"": {""endIndexInSegment"": 571, ""startIndexInSegment"": 504, ""selectedText"": ""For purchases, credit card and billing information may be required."", ""value"": ""Financial""}, ""Choice Type"": {""endIndexInSegment"": -1, ""startIndexInSegment"": -1, ""value"": ""Unspecified""}, ""Identifiability"": {""endIndexInSegment"": 101, ""startIndexInSegment"": 78, ""selectedText"": ""identifying information"", ""value"": ""Identifiable""}, ""Does/Does Not"": {""endIndexInSegment"": 332, ""startIndexInSegment"": 56, ""selectedText"": ""The News-Post gathers identifying information about you only when you provide that information on a voluntary basis for such purposes as member or subscriber registration, reader comments and blogs, contests, news alerts, purchasing products and using social networking tools."", ""value"": ""Does""}, ""User Type"": {""endIndexInSegment"": -1, ""startIndexInSegment"": -1, ""value"": ""Unspecified""}, ""Purpose"": {""endIndexInSegment"": 331, ""startIndexInSegment"": 172, ""selectedText"": ""for such purposes as member or subscriber registration, reader comments and blogs, contests, news alerts, purchasing products and using social networking tools"", ""value"": ""Basic service/feature""}}",5/3/12,http://www.fredericknewspost.com/site/privacy.html
C4693,test_category_labeling_highlight,88,3629,3,First Party Collection/Use,"{""Collection Mode"": {""endIndexInSegment"": 104, ""startIndexInSegment"": 0, ""selectedText"": ""The News-Post employs 'cookies' in circumstances that require session data or require user verification."", ""value"": ""Implicit""}, ""Choice Scope"": {""endIndexInSegment"": -1, ""startIndexInSegment"": -1, ""value"": ""Unspecified""}, ""Action First-Party"": {""endIndexInSegment"": 31, ""startIndexInSegment"": 0, ""selectedText"": ""The News-Post employs 'cookies'"", ""value"": ""Collect on website""}, ""Personal Information Type"": {""endIndexInSegment"": 31, ""startIndexInSegment"": 22, ""selectedText"": ""'cookies'"", ""value"": ""Cookies and tracking elements""}, ""Choice Type"": {""endIndexInSegment"": -1, ""startIndexInSegment"": -1, ""value"": ""Unspecified""}, ""Identifiability"": {""endIndexInSegment"": -1, ""startIndexInSegment"": -1, ""value"": ""Unspecified""}, ""Does/Does Not"": {""endIndexInSegment"": 104, ""startIndexInSegment"": 0, ""selectedText"": ""The News-Post employs 'cookies' in circumstances that require session data or require user verification."", ""value"": ""Does""}, ""User Type"": {""endIndexInSegment"": -1, ""startIndexInSegment"": -1, ""value"": ""Unspecified""}, ""Purpose"": {""endIndexInSegment"": -1, ""startIndexInSegment"": -1, ""value"": ""Unspecified""}}",5/3/12,http://www.fredericknewspost.com/site/privacy.html
1960,test_category_labeling_highlight,84,3629,3,First Party Collection/Use,"{""Collection Mode"": {""endIndexInSegment"": 30, ""startIndexInSegment"": 23, ""selectedText"": ""cookies"", ""value"": ""Implicit""}, ""Choice Scope"": {""endIndexInSegment"": -1, ""startIndexInSegment"": -1, ""value"": ""Unspecified""}, ""Action First-Party"": {""endIndexInSegment"": 147, ""startIndexInSegment"": 139, ""selectedText"": ""websites"", ""value"": ""Collect on website""}, ""Personal Information Type"": {""endIndexInSegment"": -1, ""startIndexInSegment"": -1, ""value"": ""Unspecified""}, ""Choice Type"": {""endIndexInSegment"": -1, ""startIndexInSegment"": -1, ""value"": ""Unspecified""}, ""Identifiability"": {""endIndexInSegment"": -1, ""startIndexInSegment"": -1, ""value"": ""not-selected""}, ""Does/Does Not"": {""endIndexInSegment"": 21, ""startIndexInSegment"": 14, ""selectedText"": ""employs"", ""value"": ""Does""}, ""User Type"": {""endIndexInSegment"": -1, ""startIndexInSegment"": -1, ""value"": ""Unspecified""}, ""Purpose"": {""endIndexInSegment"": 315, ""startIndexInSegment"": 306, ""selectedText"": ""marketing"", ""value"": ""Marketing""}}",5/3/12,http://www.fredericknewspost.com/site/privacy.html
2191,test_category_labeling_highlight,82,3629,3,First Party Collection/Use,"{""Collection Mode"": {""endIndexInSegment"": -1, ""startIndexInSegment"": -1, ""value"": ""Unspecified""}, ""Choice Scope"": {""endIndexInSegment"": -1, ""startIndexInSegment"": -1, ""value"": ""Unspecified""}, ""Action First-Party"": {""endIndexInSegment"": -1, ""startIndexInSegment"": -1, ""value"": ""Unspecified""}, ""Personal Information Type"": {""endIndexInSegment"": 29, ""startIndexInSegment"": 23, ""selectedText"": ""cookie"", ""value"": ""Cookies and tracking elements""}, ""Choice Type"": {""endIndexInSegment"": -1, ""startIndexInSegment"": -1, ""value"": ""Unspecified""}, ""Identifiability"": {""endIndexInSegment"": -1, ""startIndexInSegment"": -1, ""value"": ""Unspecified""}, ""Does/Does Not"": {""endIndexInSegment"": 104, ""startIndexInSegment"": 0, ""selectedText"": ""The News-Post employs 'cookies' in circumstances that require session data or require user verification."", ""value"": ""Does""}, ""User Type"": {""endIndexInSegment"": -1, ""startIndexInSegment"": -1, ""value"": ""Unspecified""}, ""Purpose"": {""endIndexInSegment"": 276, ""startIndexInSegment"": 176, ""selectedText"": ""ny feedback that is submitted through these forms or through email is the property of The News-Post."", ""value"": ""Analytics/Research""}}",5/3/12,http://www.fredericknewspost.com/site/privacy.html
2193,test_category_labeling_highlight,82,3629,3,First Party Collection/Use,"{""Collection Mode"": {""endIndexInSegment"": -1, ""startIndexInSegment"": -1, ""value"": ""Unspecified""}, ""Choice Scope"": {""endIndexInSegment"": -1, ""startIndexInSegment"": -1, ""value"": ""Unspecified""}, ""Action First-Party"": {""endIndexInSegment"": -1, ""startIndexInSegment"": -1, ""value"": ""Unspecified""}, ""Personal Information Type"": {""endIndexInSegment"": 29, ""startIndexInSegment"": 23, ""selectedText"": ""cookie"", ""value"": ""Cookies and tracking elements""}, ""Choice Type"": {""endIndexInSegment"": -1, ""startIndexInSegment"": -1, ""value"": ""Unspecified""}, ""Identifiability"": {""endIndexInSegment"": -1, ""startIndexInSegment"": -1, ""value"": ""Unspecified""}, ""Does/Does Not"": {""endIndexInSegment"": 104, ""startIndexInSegment"": 0, ""selectedText"": ""The News-Post employs 'cookies' in circumstances that require session data or require user verification."", ""value"": ""Does""}, ""User Type"": {""endIndexInSegment"": -1, ""startIndexInSegment"": -1, ""value"": ""Unspecified""}, ""Purpose"": {""endIndexInSegment"": 323, ""startIndexInSegment"": 278, ""selectedText"": ""e may use this feedback for marketing purpose"", ""value"": ""Marketing""}}",5/3/12,http://www.fredericknewspost.com/site/privacy.html
2774,test_category_labeling_highlight,88,3629,3,First Party Collection/Use,"{""Collection Mode"": {""endIndexInSegment"": 225, ""startIndexInSegment"": 105, ""selectedText"": ""We have several feedback forms on websites operated by The News-Post. Any feedback that is submitted through these forms"", ""value"": ""Explicit""}, ""Choice Scope"": {""endIndexInSegment"": -1, ""startIndexInSegment"": -1, ""value"": ""Unspecified""}, ""Action First-Party"": {""endIndexInSegment"": 275, ""startIndexInSegment"": 175, ""selectedText"": ""Any feedback that is submitted through these forms or through email is the property of The News-Post"", ""value"": ""Collect on website""}, ""Personal Information Type"": {""endIndexInSegment"": 242, ""startIndexInSegment"": 175, ""selectedText"": ""Any feedback that is submitted through these forms or through email"", ""value"": ""User online activities""}, ""Choice Type"": {""endIndexInSegment"": -1, ""startIndexInSegment"": -1, ""value"": ""Unspecified""}, ""Identifiability"": {""endIndexInSegment"": -1, ""startIndexInSegment"": -1, ""value"": ""Unspecified""}, ""Does/Does Not"": {""endIndexInSegment"": 367, ""startIndexInSegment"": 105, ""selectedText"": ""We have several feedback forms on websites operated by The News-Post. Any feedback that is submitted through these forms or through email is the property of The News-Post. We may use this feedback for marketing purposes or to contact you for additional feedback."", ""value"": ""Does""}, ""User Type"": {""endIndexInSegment"": -1, ""startIndexInSegment"": -1, ""value"": ""Unspecified""}, ""Purpose"": {""endIndexInSegment"": 324, ""startIndexInSegment"": 277, ""selectedText"": ""We may use this feedback for marketing purposes"", ""value"": ""Marketing""}}",5/3/12,http://www.fredericknewspost.com/site/privacy.html
C4694,test_category_labeling_highlight,88,3629,4,First Party Collection/Use,"{""Collection Mode"": {""endIndexInSegment"": -1, ""startIndexInSegment"": -1, ""value"": ""Unspecified""}, ""Choice Scope"": {""endIndexInSegment"": -1, ""startIndexInSegment"": -1, ""value"": ""Unspecified""}, ""Action First-Party"": {""endIndexInSegment"": 99, ""startIndexInSegment"": 67, ""selectedText"": ""use information it has collected"", ""value"": ""Collect on website""}, ""Personal Information Type"": {""endIndexInSegment"": -1, ""startIndexInSegment"": -1, ""value"": ""Unspecified""}, ""Choice Type"": {""endIndexInSegment"": -1, ""startIndexInSegment"": -1, ""value"": ""Unspecified""}, ""Identifiability"": {""endIndexInSegment"": -1, ""startIndexInSegment"": -1, ""value"": ""Unspecified""}, ""Does/Does Not"": {""endIndexInSegment"": 181, ""startIndexInSegment"": 49, ""selectedText"": ""The News-Post may use information it has collected from users to communicate with its users about changes in policies or operations."", ""value"": ""Does""}, ""User Type"": {""endIndexInSegment"": -1, ""startIndexInSegment"": -1, ""value"": ""Unspecified""}, ""Purpose"": {""endIndexInSegment"": 181, ""startIndexInSegment"": 111, ""selectedText"": ""to communicate with its users about changes in policies or operations."", ""value"": ""Other""}}",5/3/12,http://www.fredericknewspost.com/site/privacy.html
1962,test_category_labeling_highlight,84,3629,4,First Party Collection/Use,"{""Collection Mode"": {""endIndexInSegment"": 110, ""startIndexInSegment"": 87, ""selectedText"": ""as collected from users"", ""value"": ""Implicit""}, ""Choice Scope"": {""endIndexInSegment"": -1, ""startIndexInSegment"": -1, ""value"": ""Unspecified""}, ""Action First-Party"": {""endIndexInSegment"": -1, ""startIndexInSegment"": -1, ""value"": ""Unspecified""}, ""Personal Information Type"": {""endIndexInSegment"": -1, ""startIndexInSegment"": -1, ""value"": ""Unspecified""}, ""Choice Type"": {""endIndexInSegment"": -1, ""startIndexInSegment"": -1, ""value"": ""Unspecified""}, ""Identifiability"": {""endIndexInSegment"": -1, ""startIndexInSegment"": -1, ""value"": ""Unspecified""}, ""Does/Does Not"": {""endIndexInSegment"": 70, ""startIndexInSegment"": 67, ""selectedText"": ""use"", ""value"": ""Does""}, ""User Type"": {""endIndexInSegment"": -1, ""startIndexInSegment"": -1, ""value"": ""Unspecified""}, ""Purpose"": {""endIndexInSegment"": 181, ""startIndexInSegment"": 114, ""selectedText"": ""communicate with its users about changes in policies or operations."", ""value"": ""Service Operation and Security""}}",5/3/12,http://www.fredericknewspost.com/site/privacy.html
C4695,test_category_labeling_highlight,88,3629,5,First Party Collection/Use,"{""Collection Mode"": {""endIndexInSegment"": 201, ""startIndexInSegment"": 0, ""selectedText"": ""The News-Post may use information it has collected from users to promote News-Post products and services; we will make every effort to allow users to opt out of promotional messages from The News-Post."", ""value"": ""Unspecified""}, ""Choice Scope"": {""endIndexInSegment"": -1, ""startIndexInSegment"": -1, ""value"": ""Unspecified""}, ""Action First-Party"": {""endIndexInSegment"": 61, ""startIndexInSegment"": 18, ""selectedText"": ""use information it has collected from users"", ""value"": ""Collect on website""}, ""Personal Information Type"": {""endIndexInSegment"": -1, ""startIndexInSegment"": -1, ""value"": ""Unspecified""}, ""Choice Type"": {""endIndexInSegment"": 201, ""startIndexInSegment"": 106, ""selectedText"": ""we will make every effort to allow users to opt out of promotional messages from The News-Post."", ""value"": ""Unspecified""}, ""Identifiability"": {""endIndexInSegment"": -1, ""startIndexInSegment"": -1, ""value"": ""Unspecified""}, ""Does/Does Not"": {""endIndexInSegment"": 201, ""startIndexInSegment"": 0, ""selectedText"": ""The News-Post may use information it has collected from users to promote News-Post products and services; we will make every effort to allow users to opt out of promotional messages from The News-Post."", ""value"": ""Does""}, ""User Type"": {""endIndexInSegment"": -1, ""startIndexInSegment"": -1, ""value"": ""Unspecified""}, ""Purpose"": {""endIndexInSegment"": 104, ""startIndexInSegment"": 62, ""selectedText"": ""to promote News-Post products and services"", ""value"": ""Marketing""}}",5/3/12,http://www.fredericknewspost.com/site/privacy.html
1963,test_category_labeling_highlight,84,3629,5,First Party Collection/Use,"{""Collection Mode"": {""endIndexInSegment"": 50, ""startIndexInSegment"": 34, ""selectedText"": ""it has collected"", ""value"": ""Implicit""}, ""Choice Scope"": {""endIndexInSegment"": -1, ""startIndexInSegment"": -1, ""value"": ""Unspecified""}, ""Action First-Party"": {""endIndexInSegment"": -1, ""startIndexInSegment"": -1, ""value"": ""Unspecified""}, ""Personal Information Type"": {""endIndexInSegment"": -1, ""startIndexInSegment"": -1, ""value"": ""Unspecified""}, ""Choice Type"": {""endIndexInSegment"": 157, ""startIndexInSegment"": 150, ""selectedText"": ""opt out"", ""value"": ""Unspecified""}, ""Identifiability"": {""endIndexInSegment"": -1, ""startIndexInSegment"": -1, ""value"": ""Unspecified""}, ""Does/Does Not"": {""endIndexInSegment"": 17, ""startIndexInSegment"": 14, ""selectedText"": ""may"", ""value"": ""Does""}, ""User Type"": {""endIndexInSegment"": -1, ""startIndexInSegment"": -1, ""value"": ""Unspecified""}, ""Purpose"": {""endIndexInSegment"": 105, ""startIndexInSegment"": 65, ""selectedText"": ""promote News-Post products and services;"", ""value"": ""Marketing""}}",5/3/12,http://www.fredericknewspost.com/site/privacy.html
1964,test_category_labeling_highlight,84,3629,6,Third Party Sharing/Collection,"{""Third Party Entity"": {""endIndexInSegment"": 119, ""startIndexInSegment"": 108, ""selectedText"": ""advertisers"", ""value"": ""Named third party""}, ""Choice Scope"": {""endIndexInSegment"": -1, ""startIndexInSegment"": -1, ""value"": ""Unspecified""}, ""Purpose"": {""endIndexInSegment"": 120, ""startIndexInSegment"": 108, ""selectedText"": ""advertisers;"", ""value"": ""Advertising""}, ""Personal Information Type"": {""endIndexInSegment"": -1, ""startIndexInSegment"": -1, ""value"": ""Unspecified""}, ""Choice Type"": {""endIndexInSegment"": 172, ""startIndexInSegment"": 134, ""selectedText"": ""every effort to allow users to opt out"", ""value"": ""Unspecified""}, ""Identifiability"": {""endIndexInSegment"": -1, ""startIndexInSegment"": -1, ""value"": ""not-selected""}, ""Does/Does Not"": {""endIndexInSegment"": 17, ""startIndexInSegment"": 14, ""selectedText"": ""may"", ""value"": ""Does""}, ""User Type"": {""endIndexInSegment"": -1, ""startIndexInSegment"": -1, ""value"": ""Unspecified""}, ""Action Third Party"": {""endIndexInSegment"": 103, ""startIndexInSegment"": 35, ""selectedText"": ""t has collected from users to promote products and services on behal"", ""value"": ""Receive/Shared with""}}",5/3/12,http://www.fredericknewspost.com/site/privacy.html
2198,test_category_labeling_highlight,82,3629,6,First Party Collection/Use,"{""Collection Mode"": {""endIndexInSegment"": -1, ""startIndexInSegment"": -1, ""value"": ""Unspecified""}, ""Choice Scope"": {""endIndexInSegment"": -1, ""startIndexInSegment"": -1, ""value"": ""Unspecified""}, ""Action First-Party"": {""endIndexInSegment"": -1, ""startIndexInSegment"": -1, ""value"": ""Unspecified""}, ""Personal Information Type"": {""endIndexInSegment"": 33, ""startIndexInSegment"": 22, ""selectedText"": ""information"", ""value"": ""Generic personal information""}, ""Choice Type"": {""endIndexInSegment"": 214, ""startIndexInSegment"": 121, ""selectedText"": ""we will make every effort to allow users to opt out of promotional messages from advertisers."", ""value"": ""Other""}, ""Identifiability"": {""endIndexInSegment"": -1, ""startIndexInSegment"": -1, ""value"": ""Unspecified""}, ""Does/Does Not"": {""endIndexInSegment"": 61, ""startIndexInSegment"": 0, ""selectedText"": ""The News-Post may use information it has collected from users"", ""value"": ""Does""}, ""User Type"": {""endIndexInSegment"": -1, ""startIndexInSegment"": -1, ""value"": ""Unspecified""}, ""Purpose"": {""endIndexInSegment"": 119, ""startIndexInSegment"": 65, ""selectedText"": ""promote products and services on behalf of advertisers"", ""value"": ""Advertising""}}",5/3/12,http://www.fredericknewspost.com/site/privacy.html
2199,test_category_labeling_highlight,82,3629,6,First Party Collection/Use,"{""Collection Mode"": {""endIndexInSegment"": -1, ""startIndexInSegment"": -1, ""value"": ""Unspecified""}, ""Choice Scope"": {""endIndexInSegment"": -1, ""startIndexInSegment"": -1, ""value"": ""Unspecified""}, ""Action First-Party"": {""endIndexInSegment"": -1, ""startIndexInSegment"": -1, ""value"": ""Unspecified""}, ""Personal Information Type"": {""endIndexInSegment"": 33, ""startIndexInSegment"": 22, ""selectedText"": ""information"", ""value"": ""Generic personal information""}, ""Choice Type"": {""endIndexInSegment"": 214, ""startIndexInSegment"": 121, ""selectedText"": ""we will make every effort to allow users to opt out of promotional messages from advertisers."", ""value"": ""Other""}, ""Identifiability"": {""endIndexInSegment"": -1, ""startIndexInSegment"": -1, ""value"": ""Unspecified""}, ""Does/Does Not"": {""endIndexInSegment"": 61, ""startIndexInSegment"": 0, ""selectedText"": ""The News-Post may use information it has collected from users"", ""value"": ""Does""}, ""User Type"": {""endIndexInSegment"": -1, ""startIndexInSegment"": -1, ""value"": ""Unspecified""}, ""Purpose"": {""endIndexInSegment"": 94, ""startIndexInSegment"": 66, ""selectedText"": ""romote products and services"", ""value"": ""Marketing""}}",5/3/12,http://www.fredericknewspost.com/site/privacy.html
1973,test_category_labeling_highlight,84,3629,7,First Party Collection/Use,"{""Collection Mode"": {""endIndexInSegment"": 62, ""startIndexInSegment"": 51, ""selectedText"": ""server logs"", ""value"": ""Implicit""}, ""Choice Scope"": {""endIndexInSegment"": -1, ""startIndexInSegment"": -1, ""value"": ""Unspecified""}, ""Action First-Party"": {""endIndexInSegment"": 123, ""startIndexInSegment"": 119, ""selectedText"": ""site"", ""value"": ""Collect on website""}, ""Personal Information Type"": {""endIndexInSegment"": 62, ""startIndexInSegment"": 51, ""selectedText"": ""server logs"", ""value"": ""User online activities""}, ""Choice Type"": {""endIndexInSegment"": -1, ""startIndexInSegment"": -1, ""value"": ""Unspecified""}, ""Identifiability"": {""endIndexInSegment"": -1, ""startIndexInSegment"": -1, ""value"": ""Unspecified""}, ""Does/Does Not"": {""endIndexInSegment"": 22, ""startIndexInSegment"": 14, ""selectedText"": ""performs"", ""value"": ""Does""}, ""User Type"": {""endIndexInSegment"": -1, ""startIndexInSegment"": -1, ""value"": ""Unspecified""}, ""Purpose"": {""endIndexInSegment"": 124, ""startIndexInSegment"": 66, ""selectedText"": ""study the use and popularity of various areas of our site."", ""value"": ""Analytics/Research""}}",5/3/12,http://www.fredericknewspost.com/site/privacy.html
1975,test_category_labeling_highlight,84,3629,7,First Party Collection/Use,"{""Collection Mode"": {""endIndexInSegment"": 62, ""startIndexInSegment"": 51, ""selectedText"": ""server logs"", ""value"": ""Implicit""}, ""Choice Scope"": {""endIndexInSegment"": -1, ""startIndexInSegment"": -1, ""value"": ""Unspecified""}, ""Action First-Party"": {""endIndexInSegment"": 123, ""startIndexInSegment"": 119, ""selectedText"": ""site"", ""value"": ""Collect on website""}, ""Personal Information Type"": {""endIndexInSegment"": 143, ""startIndexInSegment"": 141, ""selectedText"": ""IP"", ""value"": ""IP address and device IDs""}, ""Choice Type"": {""endIndexInSegment"": -1, ""startIndexInSegment"": -1, ""value"": ""Unspecified""}, ""Identifiability"": {""endIndexInSegment"": -1, ""startIndexInSegment"": -1, ""value"": ""Unspecified""}, ""Does/Does Not"": {""endIndexInSegment"": 22, ""startIndexInSegment"": 14, ""selectedText"": ""performs"", ""value"": ""Does""}, ""User Type"": {""endIndexInSegment"": -1, ""startIndexInSegment"": -1, ""value"": ""Unspecified""}, ""Purpose"": {""endIndexInSegment"": 124, ""startIndexInSegment"": 66, ""selectedText"": ""study the use and popularity of various areas of our site."", ""value"": ""Analytics/Research""}}",5/3/12,http://www.fredericknewspost.com/site/privacy.html
2200,test_category_labeling_highlight,82,3629,7,First Party Collection/Use,"{""Collection Mode"": {""endIndexInSegment"": -1, ""startIndexInSegment"": -1, ""value"": ""Unspecified""}, ""Choice Scope"": {""endIndexInSegment"": -1, ""startIndexInSegment"": -1, ""value"": ""Unspecified""}, ""Action First-Party"": {""endIndexInSegment"": -1, ""startIndexInSegment"": -1, ""value"": ""Unspecified""}, ""Personal Information Type"": {""endIndexInSegment"": -1, ""startIndexInSegment"": -1, ""value"": ""Unspecified""}, ""Choice Type"": {""endIndexInSegment"": -1, ""startIndexInSegment"": -1, ""value"": ""Unspecified""}, ""Identifiability"": {""endIndexInSegment"": -1, ""startIndexInSegment"": -1, ""value"": ""Unspecified""}, ""Does/Does Not"": {""endIndexInSegment"": 124, ""startIndexInSegment"": 0, ""selectedText"": ""The News-Post performs statistical analyses of its server logs to study the use and popularity of various areas of our site."", ""value"": ""Does""}, ""User Type"": {""endIndexInSegment"": -1, ""startIndexInSegment"": -1, ""value"": ""Unspecified""}, ""Purpose"": {""endIndexInSegment"": 43, ""startIndexInSegment"": 23, ""selectedText"": ""statistical analyses"", ""value"": ""Analytics/Research""}}",5/3/12,http://www.fredericknewspost.com/site/privacy.html
2201,test_category_labeling_highlight,82,3629,7,First Party Collection/Use,"{""Collection Mode"": {""endIndexInSegment"": -1, ""startIndexInSegment"": -1, ""value"": ""Unspecified""}, ""Choice Scope"": {""endIndexInSegment"": -1, ""startIndexInSegment"": -1, ""value"": ""Unspecified""}, ""Action First-Party"": {""endIndexInSegment"": -1, ""startIndexInSegment"": -1, ""value"": ""Unspecified""}, ""Personal Information Type"": {""endIndexInSegment"": 153, ""startIndexInSegment"": 141, ""selectedText"": ""IP addresses"", ""value"": ""IP address and device IDs""}, ""Choice Type"": {""endIndexInSegment"": -1, ""startIndexInSegment"": -1, ""value"": ""Unspecified""}, ""Identifiability"": {""endIndexInSegment"": -1, ""startIndexInSegment"": -1, ""value"": ""Unspecified""}, ""Does/Does Not"": {""endIndexInSegment"": 124, ""startIndexInSegment"": 0, ""selectedText"": ""The News-Post performs statistical analyses of its server logs to study the use and popularity of various areas of our site."", ""value"": ""Does""}, ""User Type"": {""endIndexInSegment"": -1, ""startIndexInSegment"": -1, ""value"": ""Unspecified""}, ""Purpose"": {""endIndexInSegment"": 43, ""startIndexInSegment"": 23, ""selectedText"": ""statistical analyses"", ""value"": ""Analytics/Research""}}",5/3/12,http://www.fredericknewspost.com/site/privacy.html
2777,test_category_labeling_highlight,88,3629,7,First Party Collection/Use,"{""Collection Mode"": {""endIndexInSegment"": 199, ""startIndexInSegment"": 125, ""selectedText"": ""We also look at IP addresses to analyze where we are getting our audience."", ""value"": ""Implicit""}, ""Choice Scope"": {""endIndexInSegment"": -1, ""startIndexInSegment"": -1, ""value"": ""Unspecified""}, ""Action First-Party"": {""endIndexInSegment"": 153, ""startIndexInSegment"": 125, ""selectedText"": ""We also look at IP addresses"", ""value"": ""Collect on website""}, ""Personal Information Type"": {""endIndexInSegment"": 153, ""startIndexInSegment"": 141, ""selectedText"": ""IP addresses"", ""value"": ""IP address and device IDs""}, ""Choice Type"": {""endIndexInSegment"": -1, ""startIndexInSegment"": -1, ""value"": ""Unspecified""}, ""Identifiability"": {""endIndexInSegment"": -1, ""startIndexInSegment"": -1, ""value"": ""Unspecified""}, ""Does/Does Not"": {""endIndexInSegment"": 199, ""startIndexInSegment"": 125, ""selectedText"": ""We also look at IP addresses to analyze where we are getting our audience."", ""value"": ""Does""}, ""User Type"": {""endIndexInSegment"": -1, ""startIndexInSegment"": -1, ""value"": ""Unspecified""}, ""Purpose"": {""endIndexInSegment"": 199, ""startIndexInSegment"": 154, ""selectedText"": ""to analyze where we are getting our audience."", ""value"": ""Analytics/Research""}}",5/3/12,http://www.fredericknewspost.com/site/privacy.html
C4696,test_category_labeling_highlight,82,3629,8,Third Party Sharing/Collection,"{""Third Party Entity"": {""endIndexInSegment"": 193, ""startIndexInSegment"": 179, ""selectedText"": ""third parties."", ""value"": ""Unnamed third party""}, ""Choice Scope"": {""endIndexInSegment"": -1, ""startIndexInSegment"": -1, ""value"": ""Unspecified""}, ""Purpose"": {""endIndexInSegment"": -1, ""startIndexInSegment"": -1, ""value"": ""Unspecified""}, ""Personal Information Type"": {""endIndexInSegment"": 539, ""startIndexInSegment"": 491, ""selectedText"": ""name, address, e-mail address, telephone number,"", ""value"": ""Contact""}, ""Choice Type"": {""endIndexInSegment"": -1, ""startIndexInSegment"": -1, ""value"": ""Unspecified""}, ""Identifiability"": {""endIndexInSegment"": 148, ""startIndexInSegment"": 136, ""selectedText"": ""identifiable"", ""value"": ""Identifiable""}, ""Does/Does Not"": {""endIndexInSegment"": 81, ""startIndexInSegment"": 67, ""selectedText"": ""not the policy"", ""value"": ""Does Not""}, ""User Type"": {""endIndexInSegment"": -1, ""startIndexInSegment"": -1, ""value"": ""Unspecified""}, ""Action Third Party"": {""endIndexInSegment"": 124, ""startIndexInSegment"": 103, ""selectedText"": ""ell or make available"", ""value"": ""Receive/Shared with""}}",5/3/12,http://www.fredericknewspost.com/site/privacy.html
1977,test_category_labeling_highlight,84,3629,8,Third Party Sharing/Collection,"{""Third Party Entity"": {""endIndexInSegment"": 255, ""startIndexInSegment"": 220, ""selectedText"": ""advertisers and other third parties"", ""value"": ""Unnamed third party""}, ""Choice Scope"": {""endIndexInSegment"": -1, ""startIndexInSegment"": -1, ""value"": ""Unspecified""}, ""Purpose"": {""endIndexInSegment"": -1, ""startIndexInSegment"": -1, ""value"": ""Unspecified""}, ""Personal Information Type"": {""endIndexInSegment"": 165, ""startIndexInSegment"": 125, ""selectedText"": ""personally identifiable user information"", ""value"": ""Generic personal information""}, ""Choice Type"": {""endIndexInSegment"": -1, ""startIndexInSegment"": -1, ""value"": ""Unspecified""}, ""Identifiability"": {""endIndexInSegment"": 291, ""startIndexInSegment"": 261, ""selectedText"": ""general, aggregate usage data."", ""value"": ""Aggregated or anonymized""}, ""Does/Does Not"": {""endIndexInSegment"": 219, ""startIndexInSegment"": 212, ""selectedText"": ""provide"", ""value"": ""Does""}, ""User Type"": {""endIndexInSegment"": -1, ""startIndexInSegment"": -1, ""value"": ""Unspecified""}, ""Action Third Party"": {""endIndexInSegment"": 124, ""startIndexInSegment"": 102, ""selectedText"": ""sell or make available"", ""value"": ""Receive/Shared with""}}",5/3/12,http://www.fredericknewspost.com/site/privacy.html
1979,test_category_labeling_highlight,84,3629,8,Third Party Sharing/Collection,"{""Third Party Entity"": {""endIndexInSegment"": 255, ""startIndexInSegment"": 220, ""selectedText"": ""advertisers and other third parties"", ""value"": ""Unnamed third party""}, ""Choice Scope"": {""endIndexInSegment"": -1, ""startIndexInSegment"": -1, ""value"": ""Unspecified""}, ""Purpose"": {""endIndexInSegment"": 619, ""startIndexInSegment"": 586, ""selectedText"": ""unless otherwise required by law."", ""value"": ""Legal requirement""}, ""Personal Information Type"": {""endIndexInSegment"": -1, ""startIndexInSegment"": -1, ""value"": ""Unspecified""}, ""Choice Type"": {""endIndexInSegment"": -1, ""startIndexInSegment"": -1, ""value"": ""Unspecified""}, ""Identifiability"": {""endIndexInSegment"": -1, ""startIndexInSegment"": -1, ""value"": ""Unspecified""}, ""Does/Does Not"": {""endIndexInSegment"": 219, ""startIndexInSegment"": 212, ""selectedText"": ""provide"", ""value"": ""Does""}, ""User Type"": {""endIndexInSegment"": -1, ""startIndexInSegment"": -1, ""value"": ""Unspecified""}, ""Action Third Party"": {""endIndexInSegment"": 124, ""startIndexInSegment"": 102, ""selectedText"": ""sell or make available"", ""value"": ""Receive/Shared with""}}",5/3/12,http://www.fredericknewspost.com/site/privacy.html
1980,test_category_labeling_highlight,84,3629,8,Other,"{""Other Type"": {""endIndexInSegment"": 584, ""startIndexInSegment"": 293, ""selectedText"": ""nless stated otherwise, we will use our best efforts not to disclose information about individual visits to websites operated by The News-Post or personal information that you provide, such as your name, address, e-mail address, telephone number, or credit card number to any outside parties"", ""value"": ""Introductory/Generic""}}",5/3/12,http://www.fredericknewspost.com/site/privacy.html
2207,test_category_labeling_highlight,82,3629,8,Third Party Sharing/Collection,"{""Third Party Entity"": {""endIndexInSegment"": 267, ""startIndexInSegment"": 243, ""selectedText"": ""hird parties with genera"", ""value"": ""Unnamed third party""}, ""Choice Scope"": {""endIndexInSegment"": -1, ""startIndexInSegment"": -1, ""value"": ""Unspecified""}, ""Purpose"": {""endIndexInSegment"": -1, ""startIndexInSegment"": -1, ""value"": ""Unspecified""}, ""Personal Information Type"": {""endIndexInSegment"": 290, ""startIndexInSegment"": 286, ""selectedText"": ""data"", ""value"": ""Unspecified""}, ""Choice Type"": {""endIndexInSegment"": -1, ""startIndexInSegment"": -1, ""value"": ""Unspecified""}, ""Identifiability"": {""endIndexInSegment"": 279, ""startIndexInSegment"": 270, ""selectedText"": ""aggregate"", ""value"": ""Aggregated or anonymized""}, ""Does/Does Not"": {""endIndexInSegment"": 219, ""startIndexInSegment"": 208, ""selectedText"": ""may provide"", ""value"": ""Does""}, ""User Type"": {""endIndexInSegment"": -1, ""startIndexInSegment"": -1, ""value"": ""Unspecified""}, ""Action Third Party"": {""endIndexInSegment"": 219, ""startIndexInSegment"": 208, ""selectedText"": ""may provide"", ""value"": ""Receive/Shared with""}}",5/3/12,http://www.fredericknewspost.com/site/privacy.html
2208,test_category_labeling_highlight,82,3629,8,Third Party Sharing/Collection,"{""Third Party Entity"": {""endIndexInSegment"": 231, ""startIndexInSegment"": 221, ""selectedText"": ""dvertisers"", ""value"": ""Named third party""}, ""Choice Scope"": {""endIndexInSegment"": -1, ""startIndexInSegment"": -1, ""value"": ""Unspecified""}, ""Purpose"": {""endIndexInSegment"": 231, ""startIndexInSegment"": 221, ""selectedText"": ""dvertisers"", ""value"": ""Advertising""}, ""Personal Information Type"": {""endIndexInSegment"": 290, ""startIndexInSegment"": 286, ""selectedText"": ""data"", ""value"": ""Unspecified""}, ""Choice Type"": {""endIndexInSegment"": -1, ""startIndexInSegment"": -1, ""value"": ""Unspecified""}, ""Identifiability"": {""endIndexInSegment"": 279, ""startIndexInSegment"": 270, ""selectedText"": ""aggregate"", ""value"": ""Aggregated or anonymized""}, ""Does/Does Not"": {""endIndexInSegment"": 219, ""startIndexInSegment"": 208, ""selectedText"": ""may provide"", ""value"": ""Does""}, ""User Type"": {""endIndexInSegment"": -1, ""startIndexInSegment"": -1, ""value"": ""Unspecified""}, ""Action Third Party"": {""endIndexInSegment"": 219, ""startIndexInSegment"": 208, ""selectedText"": ""may provide"", ""value"": ""Receive/Shared with""}}",5/3/12,http://www.fredericknewspost.com/site/privacy.html
2210,test_category_labeling_highlight,82,3629,8,Third Party Sharing/Collection,"{""Third Party Entity"": {""endIndexInSegment"": 193, ""startIndexInSegment"": 179, ""selectedText"": ""third parties."", ""value"": ""Unnamed third party""}, ""Choice Scope"": {""endIndexInSegment"": -1, ""startIndexInSegment"": -1, ""value"": ""Unspecified""}, ""Purpose"": {""endIndexInSegment"": -1, ""startIndexInSegment"": -1, ""value"": ""Unspecified""}, ""Personal Information Type"": {""endIndexInSegment"": 561, ""startIndexInSegment"": 543, ""selectedText"": ""credit card number"", ""value"": ""Financial""}, ""Choice Type"": {""endIndexInSegment"": -1, ""startIndexInSegment"": -1, ""value"": ""Unspecified""}, ""Identifiability"": {""endIndexInSegment"": 148, ""startIndexInSegment"": 136, ""selectedText"": ""identifiable"", ""value"": ""Identifiable""}, ""Does/Does Not"": {""endIndexInSegment"": 81, ""startIndexInSegment"": 67, ""selectedText"": ""not the policy"", ""value"": ""Does Not""}, ""User Type"": {""endIndexInSegment"": -1, ""startIndexInSegment"": -1, ""value"": ""Unspecified""}, ""Action Third Party"": {""endIndexInSegment"": 124, ""startIndexInSegment"": 103, ""selectedText"": ""ell or make available"", ""value"": ""Receive/Shared with""}}",5/3/12,http://www.fredericknewspost.com/site/privacy.html
2213,test_category_labeling_highlight,82,3629,8,Third Party Sharing/Collection,"{""Third Party Entity"": {""endIndexInSegment"": 193, ""startIndexInSegment"": 179, ""selectedText"": ""third parties."", ""value"": ""Unnamed third party""}, ""Choice Scope"": {""endIndexInSegment"": -1, ""startIndexInSegment"": -1, ""value"": ""Unspecified""}, ""Purpose"": {""endIndexInSegment"": 619, ""startIndexInSegment"": 587, ""selectedText"": ""nless otherwise required by law."", ""value"": ""Legal requirement""}, ""Personal Information Type"": {""endIndexInSegment"": 539, ""startIndexInSegment"": 491, ""selectedText"": ""name, address, e-mail address, telephone number,"", ""value"": ""Contact""}, ""Choice Type"": {""endIndexInSegment"": -1, ""startIndexInSegment"": -1, ""value"": ""Unspecified""}, ""Identifiability"": {""endIndexInSegment"": 148, ""startIndexInSegment"": 136, ""selectedText"": ""identifiable"", ""value"": ""Identifiable""}, ""Does/Does Not"": {""endIndexInSegment"": 618, ""startIndexInSegment"": 587, ""selectedText"": ""nless otherwise required by law"", ""value"": ""Does""}, ""User Type"": {""endIndexInSegment"": -1, ""startIndexInSegment"": -1, ""value"": ""Unspecified""}, ""Action Third Party"": {""endIndexInSegment"": 124, ""startIndexInSegment"": 103, ""selectedText"": ""ell or make available"", ""value"": ""Receive/Shared with""}}",5/3/12,http://www.fredericknewspost.com/site/privacy.html
2214,test_category_labeling_highlight,82,3629,8,Third Party Sharing/Collection,"{""Third Party Entity"": {""endIndexInSegment"": 193, ""startIndexInSegment"": 179, ""selectedText"": ""third parties."", ""value"": ""Unnamed third party""}, ""Choice Scope"": {""endIndexInSegment"": -1, ""startIndexInSegment"": -1, ""value"": ""Unspecified""}, ""Purpose"": {""endIndexInSegment"": 618, ""startIndexInSegment"": 586, ""selectedText"": ""unless otherwise required by law"", ""value"": ""Legal requirement""}, ""Personal Information Type"": {""endIndexInSegment"": 561, ""startIndexInSegment"": 543, ""selectedText"": ""credit card number"", ""value"": ""Financial""}, ""Choice Type"": {""endIndexInSegment"": -1, ""startIndexInSegment"": -1, ""value"": ""Unspecified""}, ""Identifiability"": {""endIndexInSegment"": 148, ""startIndexInSegment"": 136, ""selectedText"": ""identifiable"", ""value"": ""Identifiable""}, ""Does/Does Not"": {""endIndexInSegment"": 618, ""startIndexInSegment"": 587, ""selectedText"": ""nless otherwise required by law"", ""value"": ""Does""}, ""User Type"": {""endIndexInSegment"": -1, ""startIndexInSegment"": -1, ""value"": ""Unspecified""}, ""Action Third Party"": {""endIndexInSegment"": 124, ""startIndexInSegment"": 103, ""selectedText"": ""ell or make available"", ""value"": ""Receive/Shared with""}}",5/3/12,http://www.fredericknewspost.com/site/privacy.html
2784,test_category_labeling_highlight,88,3629,8,Third Party Sharing/Collection,"{""Third Party Entity"": {""endIndexInSegment"": 193, ""startIndexInSegment"": 61, ""selectedText"": ""It is not the policy of The News-Post to sell or make available personally identifiable user information to unrelated third parties."", ""value"": ""Unnamed third party""}, ""Choice Scope"": {""endIndexInSegment"": -1, ""startIndexInSegment"": -1, ""value"": ""Unspecified""}, ""Purpose"": {""endIndexInSegment"": -1, ""startIndexInSegment"": -1, ""value"": ""Unspecified""}, ""Personal Information Type"": {""endIndexInSegment"": 165, ""startIndexInSegment"": 125, ""selectedText"": ""personally identifiable user information"", ""value"": ""Generic personal information""}, ""Choice Type"": {""endIndexInSegment"": -1, ""startIndexInSegment"": -1, ""value"": ""Unspecified""}, ""Identifiability"": {""endIndexInSegment"": 165, ""startIndexInSegment"": 125, ""selectedText"": ""personally identifiable user information"", ""value"": ""Identifiable""}, ""Does/Does Not"": {""endIndexInSegment"": 193, ""startIndexInSegment"": 61, ""selectedText"": ""It is not the policy of The News-Post to sell or make available personally identifiable user information to unrelated third parties."", ""value"": ""Does Not""}, ""User Type"": {""endIndexInSegment"": -1, ""startIndexInSegment"": -1, ""value"": ""Unspecified""}, ""Action Third Party"": {""endIndexInSegment"": 193, ""startIndexInSegment"": 61, ""selectedText"": ""It is not the policy of The News-Post to sell or make available personally identifiable user information to unrelated third parties."", ""value"": ""Receive/Shared with""}}",5/3/12,http://www.fredericknewspost.com/site/privacy.html
2785,test_category_labeling_highlight,88,3629,8,Third Party Sharing/Collection,"{""Third Party Entity"": {""endIndexInSegment"": 291, ""startIndexInSegment"": 194, ""selectedText"": ""The News-Post may provide advertisers and other third parties with general, aggregate usage data."", ""value"": ""Unnamed third party""}, ""Choice Scope"": {""endIndexInSegment"": -1, ""startIndexInSegment"": -1, ""value"": ""Unspecified""}, ""Purpose"": {""endIndexInSegment"": 231, ""startIndexInSegment"": 220, ""selectedText"": ""advertisers"", ""value"": ""Advertising""}, ""Personal Information Type"": {""endIndexInSegment"": 291, ""startIndexInSegment"": 280, ""selectedText"": ""usage data."", ""value"": ""User online activities""}, ""Choice Type"": {""endIndexInSegment"": -1, ""startIndexInSegment"": -1, ""value"": ""Unspecified""}, ""Identifiability"": {""endIndexInSegment"": 291, ""startIndexInSegment"": 261, ""selectedText"": ""general, aggregate usage data."", ""value"": ""Aggregated or anonymized""}, ""Does/Does Not"": {""endIndexInSegment"": 219, ""startIndexInSegment"": 194, ""selectedText"": ""The News-Post may provide"", ""value"": ""Does""}, ""User Type"": {""endIndexInSegment"": -1, ""startIndexInSegment"": -1, ""value"": ""Unspecified""}, ""Action Third Party"": {""endIndexInSegment"": 219, ""startIndexInSegment"": 194, ""selectedText"": ""The News-Post may provide"", ""value"": ""Receive/Shared with""}}",5/3/12,http://www.fredericknewspost.com/site/privacy.html
2786,test_category_labeling_highlight,88,3629,8,Third Party Sharing/Collection,"{""Third Party Entity"": {""endIndexInSegment"": 435, ""startIndexInSegment"": 317, ""selectedText"": ""we will use our best efforts not to disclose information about individual visits to websites operated by The News-Post"", ""value"": ""Other part of company/affiliate""}, ""Choice Scope"": {""endIndexInSegment"": -1, ""startIndexInSegment"": -1, ""value"": ""Unspecified""}, ""Purpose"": {""endIndexInSegment"": -1, ""startIndexInSegment"": -1, ""value"": ""Unspecified""}, ""Personal Information Type"": {""endIndexInSegment"": 397, ""startIndexInSegment"": 362, ""selectedText"": ""information about individual visits"", ""value"": ""User online activities""}, ""Choice Type"": {""endIndexInSegment"": -1, ""startIndexInSegment"": -1, ""value"": ""Unspecified""}, ""Identifiability"": {""endIndexInSegment"": -1, ""startIndexInSegment"": -1, ""value"": ""Unspecified""}, ""Does/Does Not"": {""endIndexInSegment"": 361, ""startIndexInSegment"": 346, ""selectedText"": ""not to disclose"", ""value"": ""Does Not""}, ""User Type"": {""endIndexInSegment"": -1, ""startIndexInSegment"": -1, ""value"": ""Unspecified""}, ""Action Third Party"": {""endIndexInSegment"": 435, ""startIndexInSegment"": 346, ""selectedText"": ""not to disclose information about individual visits to websites operated by The News-Post"", ""value"": ""Receive/Shared with""}}",5/3/12,http://www.fredericknewspost.com/site/privacy.html
2787,test_category_labeling_highlight,88,3629,8,Third Party Sharing/Collection,"{""Third Party Entity"": {""endIndexInSegment"": 584, ""startIndexInSegment"": 436, ""selectedText"": ""or personal information that you provide, such as your name, address, e-mail address, telephone number, or credit card number to any outside parties"", ""value"": ""Unnamed third party""}, ""Choice Scope"": {""endIndexInSegment"": -1, ""startIndexInSegment"": -1, ""value"": ""Unspecified""}, ""Purpose"": {""endIndexInSegment"": 619, ""startIndexInSegment"": 586, ""selectedText"": ""unless otherwise required by law."", ""value"": ""Legal requirement""}, ""Personal Information Type"": {""endIndexInSegment"": 561, ""startIndexInSegment"": 491, ""selectedText"": ""name, address, e-mail address, telephone number, or credit card number"", ""value"": ""Generic personal information""}, ""Choice Type"": {""endIndexInSegment"": -1, ""startIndexInSegment"": -1, ""value"": ""Unspecified""}, ""Identifiability"": {""endIndexInSegment"": 561, ""startIndexInSegment"": 491, ""selectedText"": ""name, address, e-mail address, telephone number, or credit card number"", ""value"": ""Identifiable""}, ""Does/Does Not"": {""endIndexInSegment"": 619, ""startIndexInSegment"": 586, ""selectedText"": ""unless otherwise required by law."", ""value"": ""Does""}, ""User Type"": {""endIndexInSegment"": -1, ""startIndexInSegment"": -1, ""value"": ""Unspecified""}, ""Action Third Party"": {""endIndexInSegment"": 619, ""startIndexInSegment"": 586, ""selectedText"": ""unless otherwise required by law."", ""value"": ""Receive/Shared with""}}",5/3/12,http://www.fredericknewspost.com/site/privacy.html
C4697,test_category_labeling_highlight,82,3629,9,Third Party Sharing/Collection,"{""Third Party Entity"": {""endIndexInSegment"": 417, ""startIndexInSegment"": 400, ""selectedText"": ""with other users."", ""value"": ""Other users""}, ""Choice Scope"": {""endIndexInSegment"": -1, ""startIndexInSegment"": -1, ""value"": ""Unspecified""}, ""Purpose"": {""endIndexInSegment"": 304, ""startIndexInSegment"": 79, ""selectedText"": ""online identities and use social networking tools, which can include befriending other users, updating profile information, posting comments on other users' profiles and identifying pieces of content as something of interest."", ""value"": ""Additional service/feature""}, ""Personal Information Type"": {""endIndexInSegment"": 399, ""startIndexInSegment"": 379, ""selectedText"": ""personal information"", ""value"": ""Generic personal information""}, ""Choice Type"": {""endIndexInSegment"": 582, ""startIndexInSegment"": 432, ""selectedText"": ""provides privacy tools within its social networking framework so that you can control which types of personal information are shared with other users."", ""value"": ""First-party privacy controls""}, ""Identifiability"": {""endIndexInSegment"": -1, ""startIndexInSegment"": -1, ""value"": ""Unspecified""}, ""Does/Does Not"": {""endIndexInSegment"": 378, ""startIndexInSegment"": 353, ""selectedText"": ""you are agreeing to share"", ""value"": ""Does""}, ""User Type"": {""endIndexInSegment"": 65, ""startIndexInSegment"": 19, ""selectedText"": ""llow registered users, members and subscribers"", ""value"": ""User with account""}, ""Action Third Party"": {""endIndexInSegment"": 417, ""startIndexInSegment"": 353, ""selectedText"": ""you are agreeing to share personal information with other users."", ""value"": ""Receive/Shared with""}}",5/3/12,http://www.fredericknewspost.com/site/privacy.html
2788,test_category_labeling_highlight,88,3629,9,Third Party Sharing/Collection,"{""Third Party Entity"": {""endIndexInSegment"": 582, ""startIndexInSegment"": 305, ""selectedText"": ""When you take advantage of these site features, you are agreeing to share personal information with other users. The News-Post provides privacy tools within its social networking framework so that you can control which types of personal information are shared with other users."", ""value"": ""Other users""}, ""Choice Scope"": {""endIndexInSegment"": 582, ""startIndexInSegment"": 494, ""selectedText"": ""so that you can control which types of personal information are shared with other users."", ""value"": ""Use""}, ""Purpose"": {""endIndexInSegment"": 352, ""startIndexInSegment"": 305, ""selectedText"": ""When you take advantage of these site features,"", ""value"": ""Additional service/feature""}, ""Personal Information Type"": {""endIndexInSegment"": 304, ""startIndexInSegment"": 79, ""selectedText"": ""online identities and use social networking tools, which can include befriending other users, updating profile information, posting comments on other users' profiles and identifying pieces of content as something of interest."", ""value"": ""User online activities""}, ""Choice Type"": {""endIndexInSegment"": 582, ""startIndexInSegment"": 418, ""selectedText"": ""The News-Post provides privacy tools within its social networking framework so that you can control which types of personal information are shared with other users."", ""value"": ""First-party privacy controls""}, ""Identifiability"": {""endIndexInSegment"": 399, ""startIndexInSegment"": 379, ""selectedText"": ""personal information"", ""value"": ""Identifiable""}, ""Does/Does Not"": {""endIndexInSegment"": 417, ""startIndexInSegment"": 353, ""selectedText"": ""you are agreeing to share personal information with other users."", ""value"": ""Does""}, ""User Type"": {""endIndexInSegment"": -1, ""startIndexInSegment"": -1, ""value"": ""Unspecified""}, ""Action Third Party"": {""endIndexInSegment"": 417, ""startIndexInSegment"": 373, ""selectedText"": ""share personal information with other users."", ""value"": ""See""}}",5/3/12,http://www.fredericknewspost.com/site/privacy.html
1987,test_category_labeling_highlight,84,3629,10,Other,"{""Other Type"": {""endIndexInSegment"": 298, ""startIndexInSegment"": 0, ""selectedText"": ""Users should keep in mind when posting a user name or e-mail address on bulletin boards or in other user-posted content areas that information, along with any information in their postings, can be read by any third parties and may result in unsolicited messages from other posters or third parties."", ""value"": ""Introductory/Generic""}}",5/3/12,http://www.fredericknewspost.com/site/privacy.html
2221,test_category_labeling_highlight,82,3629,10,Third Party Sharing/Collection,"{""Third Party Entity"": {""endIndexInSegment"": 222, ""startIndexInSegment"": 205, ""selectedText"": ""any third parties"", ""value"": ""Unnamed third party""}, ""Choice Scope"": {""endIndexInSegment"": -1, ""startIndexInSegment"": -1, ""value"": ""Unspecified""}, ""Purpose"": {""endIndexInSegment"": 189, ""startIndexInSegment"": 27, ""selectedText"": ""hen posting a user name or e-mail address on bulletin boards or in other user-posted content areas that information, along with any information in their postings,"", ""value"": ""Additional service/feature""}, ""Personal Information Type"": {""endIndexInSegment"": 142, ""startIndexInSegment"": 41, ""selectedText"": ""user name or e-mail address on bulletin boards or in other user-posted content areas that information"", ""value"": ""User Profile""}, ""Choice Type"": {""endIndexInSegment"": -1, ""startIndexInSegment"": -1, ""value"": ""Unspecified""}, ""Identifiability"": {""endIndexInSegment"": -1, ""startIndexInSegment"": -1, ""value"": ""Unspecified""}, ""Does/Does Not"": {""endIndexInSegment"": 201, ""startIndexInSegment"": 190, ""selectedText"": ""can be read"", ""value"": ""Does""}, ""User Type"": {""endIndexInSegment"": -1, ""startIndexInSegment"": -1, ""value"": ""Unspecified""}, ""Action Third Party"": {""endIndexInSegment"": 204, ""startIndexInSegment"": 190, ""selectedText"": ""can be read by"", ""value"": ""See""}}",5/3/12,http://www.fredericknewspost.com/site/privacy.html
2789,test_category_labeling_highlight,88,3629,10,Third Party Sharing/Collection,"{""Third Party Entity"": {""endIndexInSegment"": 222, ""startIndexInSegment"": 0, ""selectedText"": ""Users should keep in mind when posting a user name or e-mail address on bulletin boards or in other user-posted content areas that information, along with any information in their postings, can be read by any third parties"", ""value"": ""Unnamed third party""}, ""Choice Scope"": {""endIndexInSegment"": -1, ""startIndexInSegment"": -1, ""value"": ""Unspecified""}, ""Purpose"": {""endIndexInSegment"": 125, ""startIndexInSegment"": 69, ""selectedText"": ""on bulletin boards or in other user-posted content areas"", ""value"": ""Additional service/feature""}, ""Personal Information Type"": {""endIndexInSegment"": 68, ""startIndexInSegment"": 39, ""selectedText"": ""a user name or e-mail address"", ""value"": ""Contact""}, ""Choice Type"": {""endIndexInSegment"": 38, ""startIndexInSegment"": 31, ""selectedText"": ""posting"", ""value"": ""Opt-in""}, ""Identifiability"": {""endIndexInSegment"": 68, ""startIndexInSegment"": 39, ""selectedText"": ""a user name or e-mail address"", ""value"": ""Identifiable""}, ""Does/Does Not"": {""endIndexInSegment"": 222, ""startIndexInSegment"": 190, ""selectedText"": ""can be read by any third parties"", ""value"": ""Does""}, ""User Type"": {""endIndexInSegment"": -1, ""startIndexInSegment"": -1, ""value"": ""Unspecified""}, ""Action Third Party"": {""endIndexInSegment"": 222, ""startIndexInSegment"": 190, ""selectedText"": ""can be read by any third parties"", ""value"": ""See""}}",5/3/12,http://www.fredericknewspost.com/site/privacy.html
C4698,test_category_labeling_highlight,82,3629,11,First Party Collection/Use,"{""Collection Mode"": {""endIndexInSegment"": -1, ""startIndexInSegment"": -1, ""value"": ""Unspecified""}, ""Choice Scope"": {""endIndexInSegment"": -1, ""startIndexInSegment"": -1, ""value"": ""Unspecified""}, ""Action First-Party"": {""endIndexInSegment"": 29, ""startIndexInSegment"": 0, ""selectedText"": ""The News-Post may make use of"", ""value"": ""Unspecified""}, ""Personal Information Type"": {""endIndexInSegment"": 61, ""startIndexInSegment"": 42, ""selectedText"": ""user-posted content"", ""value"": ""User profile""}, ""Choice Type"": {""endIndexInSegment"": -1, ""startIndexInSegment"": -1, ""value"": ""Unspecified""}, ""Identifiability"": {""endIndexInSegment"": -1, ""startIndexInSegment"": -1, ""value"": ""Unspecified""}, ""Does/Does Not"": {""endIndexInSegment"": 28, ""startIndexInSegment"": 1, ""selectedText"": ""he News-Post may make use o"", ""value"": ""Does""}, ""User Type"": {""endIndexInSegment"": -1, ""startIndexInSegment"": -1, ""value"": ""Unspecified""}, ""Purpose"": {""endIndexInSegment"": 147, ""startIndexInSegment"": 67, ""selectedText"": ""he purposes of promoting Randall Family, LLC publications, in print or online. T"", ""value"": ""Marketing""}}",5/3/12,http://www.fredericknewspost.com/site/privacy.html
2790,test_category_labeling_highlight,88,3629,11,First Party Collection/Use,"{""Collection Mode"": {""endIndexInSegment"": -1, ""startIndexInSegment"": -1, ""value"": ""Unspecified""}, ""Choice Scope"": {""endIndexInSegment"": -1, ""startIndexInSegment"": -1, ""value"": ""Unspecified""}, ""Action First-Party"": {""endIndexInSegment"": 61, ""startIndexInSegment"": 18, ""selectedText"": ""make use of or refer to user-posted content"", ""value"": ""Collect on website""}, ""Personal Information Type"": {""endIndexInSegment"": 61, ""startIndexInSegment"": 42, ""selectedText"": ""user-posted content"", ""value"": ""User online activities""}, ""Choice Type"": {""endIndexInSegment"": -1, ""startIndexInSegment"": -1, ""value"": ""Unspecified""}, ""Identifiability"": {""endIndexInSegment"": -1, ""startIndexInSegment"": -1, ""value"": ""Unspecified""}, ""Does/Does Not"": {""endIndexInSegment"": 145, ""startIndexInSegment"": 1, ""selectedText"": ""he News-Post may make use of or refer to user-posted content for the purposes of promoting Randall Family, LLC publications, in print or online."", ""value"": ""Does""}, ""User Type"": {""endIndexInSegment"": -1, ""startIndexInSegment"": -1, ""value"": ""Unspecified""}, ""Purpose"": {""endIndexInSegment"": 125, ""startIndexInSegment"": 63, ""selectedText"": ""or the purposes of promoting Randall Family, LLC publications,"", ""value"": ""Marketing""}}",5/3/12,http://www.fredericknewspost.com/site/privacy.html
1994,test_category_labeling_highlight,84,3629,12,Third Party Sharing/Collection,"{""Third Party Entity"": {""endIndexInSegment"": 86, ""startIndexInSegment"": 75, ""selectedText"": ""third party"", ""value"": ""Unnamed third party""}, ""Choice Scope"": {""endIndexInSegment"": -1, ""startIndexInSegment"": -1, ""value"": ""Unspecified""}, ""Purpose"": {""endIndexInSegment"": -1, ""startIndexInSegment"": -1, ""value"": ""Unspecified""}, ""Personal Information Type"": {""endIndexInSegment"": 140, ""startIndexInSegment"": 129, ""selectedText"": ""information"", ""value"": ""Unspecified""}, ""Choice Type"": {""endIndexInSegment"": -1, ""startIndexInSegment"": -1, ""value"": ""Unspecified""}, ""Identifiability"": {""endIndexInSegment"": -1, ""startIndexInSegment"": -1, ""value"": ""Unspecified""}, ""Does/Does Not"": {""endIndexInSegment"": 123, ""startIndexInSegment"": 118, ""selectedText"": ""using"", ""value"": ""Does""}, ""User Type"": {""endIndexInSegment"": -1, ""startIndexInSegment"": -1, ""value"": ""Unspecified""}, ""Action Third Party"": {""endIndexInSegment"": 142, ""startIndexInSegment"": 107, ""selectedText"": ""hird party using your information a"", ""value"": ""Receive/Shared with""}}",5/3/12,http://www.fredericknewspost.com/site/privacy.html
1995,test_category_labeling_highlight,84,3629,12,Third Party Sharing/Collection,"{""Third Party Entity"": {""endIndexInSegment"": 359, ""startIndexInSegment"": 294, ""selectedText"": ""Associated Press, Google.com, Second Street Media and Legacy.com."", ""value"": ""Named third party""}, ""Choice Scope"": {""endIndexInSegment"": -1, ""startIndexInSegment"": -1, ""value"": ""Unspecified""}, ""Purpose"": {""endIndexInSegment"": -1, ""startIndexInSegment"": -1, ""value"": ""Unspecified""}, ""Personal Information Type"": {""endIndexInSegment"": 140, ""startIndexInSegment"": 129, ""selectedText"": ""information"", ""value"": ""Unspecified""}, ""Choice Type"": {""endIndexInSegment"": -1, ""startIndexInSegment"": -1, ""value"": ""Unspecified""}, ""Identifiability"": {""endIndexInSegment"": -1, ""startIndexInSegment"": -1, ""value"": ""Unspecified""}, ""Does/Does Not"": {""endIndexInSegment"": 123, ""startIndexInSegment"": 118, ""selectedText"": ""using"", ""value"": ""Does""}, ""User Type"": {""endIndexInSegment"": -1, ""startIndexInSegment"": -1, ""value"": ""Unspecified""}, ""Action Third Party"": {""endIndexInSegment"": 142, ""startIndexInSegment"": 107, ""selectedText"": ""hird party using your information a"", ""value"": ""Receive/Shared with""}}",5/3/12,http://www.fredericknewspost.com/site/privacy.html
2233,test_category_labeling_highlight,82,3629,12,Third Party Sharing/Collection,"{""Third Party Entity"": {""endIndexInSegment"": 117, ""startIndexInSegment"": 106, ""selectedText"": ""third party"", ""value"": ""Unnamed third party""}, ""Choice Scope"": {""endIndexInSegment"": -1, ""startIndexInSegment"": -1, ""value"": ""Unspecified""}, ""Purpose"": {""endIndexInSegment"": -1, ""startIndexInSegment"": -1, ""value"": ""Unspecified""}, ""Personal Information Type"": {""endIndexInSegment"": 140, ""startIndexInSegment"": 129, ""selectedText"": ""information"", ""value"": ""Generic personal information""}, ""Choice Type"": {""endIndexInSegment"": -1, ""startIndexInSegment"": -1, ""value"": ""Unspecified""}, ""Identifiability"": {""endIndexInSegment"": -1, ""startIndexInSegment"": -1, ""value"": ""Unspecified""}, ""Does/Does Not"": {""endIndexInSegment"": 140, ""startIndexInSegment"": 87, ""selectedText"": ""may result in that third party using your information"", ""value"": ""Does""}, ""User Type"": {""endIndexInSegment"": -1, ""startIndexInSegment"": -1, ""value"": ""Unspecified""}, ""Action Third Party"": {""endIndexInSegment"": 67, ""startIndexInSegment"": 52, ""selectedText"": ""co-branded page"", ""value"": ""Other""}}",5/3/12,http://www.fredericknewspost.com/site/privacy.html
2791,test_category_labeling_highlight,88,3629,12,Other,"{""Other Type"": {""endIndexInSegment"": 224, ""startIndexInSegment"": 174, ""selectedText"": ""We do not and cannot control such third-party uses"", ""value"": ""Practice not covered""}}",5/3/12,http://www.fredericknewspost.com/site/privacy.html
2792,test_category_labeling_highlight,88,3629,12,Third Party Sharing/Collection,"{""Third Party Entity"": {""endIndexInSegment"": 173, ""startIndexInSegment"": 0, ""selectedText"": ""Please be aware that any information submitted on a co-branded page with a third party may result in that third party using your information according to its privacy policy."", ""value"": ""Other part of company/affiliate""}, ""Choice Scope"": {""endIndexInSegment"": -1, ""startIndexInSegment"": -1, ""value"": ""Unspecified""}, ""Purpose"": {""endIndexInSegment"": -1, ""startIndexInSegment"": -1, ""value"": ""Unspecified""}, ""Personal Information Type"": {""endIndexInSegment"": -1, ""startIndexInSegment"": -1, ""value"": ""Unspecified""}, ""Choice Type"": {""endIndexInSegment"": -1, ""startIndexInSegment"": -1, ""value"": ""Unspecified""}, ""Identifiability"": {""endIndexInSegment"": -1, ""startIndexInSegment"": -1, ""value"": ""Unspecified""}, ""Does/Does Not"": {""endIndexInSegment"": 140, ""startIndexInSegment"": 87, ""selectedText"": ""may result in that third party using your information"", ""value"": ""Does""}, ""User Type"": {""endIndexInSegment"": -1, ""startIndexInSegment"": -1, ""value"": ""Unspecified""}, ""Action Third Party"": {""endIndexInSegment"": 140, ""startIndexInSegment"": 87, ""selectedText"": ""may result in that third party using your information"", ""value"": ""Collect on first party website/app""}}",5/3/12,http://www.fredericknewspost.com/site/privacy.html
1998,test_category_labeling_highlight,84,3629,13,Third Party Sharing/Collection,"{""Third Party Entity"": {""endIndexInSegment"": 40, ""startIndexInSegment"": 7, ""selectedText"": ""third-party advertising companies"", ""value"": ""Named third party""}, ""Choice Scope"": {""endIndexInSegment"": -1, ""startIndexInSegment"": -1, ""value"": ""Unspecified""}, ""Purpose"": {""endIndexInSegment"": 53, ""startIndexInSegment"": 44, ""selectedText"": ""serve ads"", ""value"": ""Advertising""}, ""Personal Information Type"": {""endIndexInSegment"": 140, ""startIndexInSegment"": 129, ""selectedText"": ""information"", ""value"": ""Unspecified""}, ""Choice Type"": {""endIndexInSegment"": 516, ""startIndexInSegment"": 423, ""selectedText"": ""not having this information used by these companies, visit http://www.networkadvertising.org."", ""value"": ""Third-party privacy controls""}, ""Identifiability"": {""endIndexInSegment"": -1, ""startIndexInSegment"": -1, ""value"": ""Unspecified""}, ""Does/Does Not"": {""endIndexInSegment"": 6, ""startIndexInSegment"": 3, ""selectedText"": ""use"", ""value"": ""Does""}, ""User Type"": {""endIndexInSegment"": -1, ""startIndexInSegment"": -1, ""value"": ""Unspecified""}, ""Action Third Party"": {""endIndexInSegment"": 128, ""startIndexInSegment"": 121, ""selectedText"": ""may use"", ""value"": ""Receive/Shared with""}}",5/3/12,http://www.fredericknewspost.com/site/privacy.html
1999,test_category_labeling_highlight,84,3629,13,Third Party Sharing/Collection,"{""Third Party Entity"": {""endIndexInSegment"": 40, ""startIndexInSegment"": 7, ""selectedText"": ""third-party advertising companies"", ""value"": ""Named third party""}, ""Choice Scope"": {""endIndexInSegment"": -1, ""startIndexInSegment"": -1, ""value"": ""Unspecified""}, ""Purpose"": {""endIndexInSegment"": 53, ""startIndexInSegment"": 44, ""selectedText"": ""serve ads"", ""value"": ""Advertising""}, ""Personal Information Type"": {""endIndexInSegment"": 165, ""startIndexInSegment"": 161, ""selectedText"": ""name"", ""value"": ""Contact""}, ""Choice Type"": {""endIndexInSegment"": -1, ""startIndexInSegment"": -1, ""value"": ""Unspecified""}, ""Identifiability"": {""endIndexInSegment"": -1, ""startIndexInSegment"": -1, ""value"": ""Unspecified""}, ""Does/Does Not"": {""endIndexInSegment"": 145, ""startIndexInSegment"": 142, ""selectedText"": ""not"", ""value"": ""Does Not""}, ""User Type"": {""endIndexInSegment"": -1, ""startIndexInSegment"": -1, ""value"": ""Unspecified""}, ""Action Third Party"": {""endIndexInSegment"": 128, ""startIndexInSegment"": 121, ""selectedText"": ""may use"", ""value"": ""Receive/Shared with""}}",5/3/12,http://www.fredericknewspost.com/site/privacy.html
2001,test_category_labeling_highlight,84,3629,13,Third Party Sharing/Collection,"{""Third Party Entity"": {""endIndexInSegment"": 40, ""startIndexInSegment"": 7, ""selectedText"": ""third-party advertising companies"", ""value"": ""Named third party""}, ""Choice Scope"": {""endIndexInSegment"": -1, ""startIndexInSegment"": -1, ""value"": ""Unspecified""}, ""Purpose"": {""endIndexInSegment"": 53, ""startIndexInSegment"": 44, ""selectedText"": ""serve ads"", ""value"": ""Advertising""}, ""Personal Information Type"": {""endIndexInSegment"": 174, ""startIndexInSegment"": 167, ""selectedText"": ""address"", ""value"": ""Location""}, ""Choice Type"": {""endIndexInSegment"": -1, ""startIndexInSegment"": -1, ""value"": ""Unspecified""}, ""Identifiability"": {""endIndexInSegment"": -1, ""startIndexInSegment"": -1, ""value"": ""Unspecified""}, ""Does/Does Not"": {""endIndexInSegment"": 145, ""startIndexInSegment"": 142, ""selectedText"": ""not"", ""value"": ""Does Not""}, ""User Type"": {""endIndexInSegment"": -1, ""startIndexInSegment"": -1, ""value"": ""Unspecified""}, ""Action Third Party"": {""endIndexInSegment"": 128, ""startIndexInSegment"": 121, ""selectedText"": ""may use"", ""value"": ""Receive/Shared with""}}",5/3/12,http://www.fredericknewspost.com/site/privacy.html
2238,test_category_labeling_highlight,82,3629,13,Third Party Sharing/Collection,"{""Third Party Entity"": {""endIndexInSegment"": 40, ""startIndexInSegment"": 8, ""selectedText"": ""hird-party advertising companies"", ""value"": ""Unnamed third party""}, ""Choice Scope"": {""endIndexInSegment"": -1, ""startIndexInSegment"": -1, ""value"": ""Unspecified""}, ""Purpose"": {""endIndexInSegment"": 334, ""startIndexInSegment"": 269, ""selectedText"": ""provide advertisements about goods and services of interest to yo"", ""value"": ""Advertising""}, ""Personal Information Type"": {""endIndexInSegment"": 209, ""startIndexInSegment"": 156, ""selectedText"": ""your name, address, email address or telephone number"", ""value"": ""Contact""}, ""Choice Type"": {""endIndexInSegment"": 481, ""startIndexInSegment"": 337, ""selectedText"": ""If you would like more information about this practice and to know your choices about not having this information used by these companies, visit"", ""value"": ""Other""}, ""Identifiability"": {""endIndexInSegment"": -1, ""startIndexInSegment"": -1, ""value"": ""Unspecified""}, ""Does/Does Not"": {""endIndexInSegment"": 6, ""startIndexInSegment"": 0, ""selectedText"": ""We use"", ""value"": ""Does""}, ""User Type"": {""endIndexInSegment"": -1, ""startIndexInSegment"": -1, ""value"": ""Unspecified""}, ""Action Third Party"": {""endIndexInSegment"": 128, ""startIndexInSegment"": 121, ""selectedText"": ""may use"", ""value"": ""Receive/Shared with""}}",5/3/12,http://www.fredericknewspost.com/site/privacy.html
2793,test_category_labeling_highlight,88,3629,13,Third Party Sharing/Collection,"{""Third Party Entity"": {""endIndexInSegment"": 516, ""startIndexInSegment"": 105, ""selectedText"": ""These companies may use information (not including your name, address, email address or telephone number) about your visits to this and other Web sites in order to provide advertisements about goods and services of interest to you. If you would like more information about this practice and to know your choices about not having this information used by these companies, visit http://www.networkadvertising.org."", ""value"": ""Unnamed third party""}, ""Choice Scope"": {""endIndexInSegment"": 474, ""startIndexInSegment"": 451, ""selectedText"": ""used by these companies"", ""value"": ""Use""}, ""Purpose"": {""endIndexInSegment"": 291, ""startIndexInSegment"": 277, ""selectedText"": ""advertisements"", ""value"": ""Advertising""}, ""Personal Information Type"": {""endIndexInSegment"": 256, ""startIndexInSegment"": 211, ""selectedText"": ""about your visits to this and other Web sites"", ""value"": ""User online activities""}, ""Choice Type"": {""endIndexInSegment"": 516, ""startIndexInSegment"": 337, ""selectedText"": ""If you would like more information about this practice and to know your choices about not having this information used by these companies, visit http://www.networkadvertising.org."", ""value"": ""Third-party privacy controls""}, ""Identifiability"": {""endIndexInSegment"": -1, ""startIndexInSegment"": -1, ""value"": ""Unspecified""}, ""Does/Does Not"": {""endIndexInSegment"": 140, ""startIndexInSegment"": 105, ""selectedText"": ""These companies may use information"", ""value"": ""Does""}, ""User Type"": {""endIndexInSegment"": -1, ""startIndexInSegment"": -1, ""value"": ""Unspecified""}, ""Action Third Party"": {""endIndexInSegment"": 142, ""startIndexInSegment"": 105, ""selectedText"": ""These companies may use information ("", ""value"": ""Receive/Shared with""}}",5/3/12,http://www.fredericknewspost.com/site/privacy.html
2794,test_category_labeling_highlight,88,3629,13,Third Party Sharing/Collection,"{""Third Party Entity"": {""endIndexInSegment"": 516, ""startIndexInSegment"": 105, ""selectedText"": ""These companies may use information (not including your name, address, email address or telephone number) about your visits to this and other Web sites in order to provide advertisements about goods and services of interest to you. If you would like more information about this practice and to know your choices about not having this information used by these companies, visit http://www.networkadvertising.org."", ""value"": ""Unnamed third party""}, ""Choice Scope"": {""endIndexInSegment"": 474, ""startIndexInSegment"": 451, ""selectedText"": ""used by these companies"", ""value"": ""Use""}, ""Purpose"": {""endIndexInSegment"": 291, ""startIndexInSegment"": 277, ""selectedText"": ""advertisements"", ""value"": ""Advertising""}, ""Personal Information Type"": {""endIndexInSegment"": 256, ""startIndexInSegment"": 211, ""selectedText"": ""about your visits to this and other Web sites"", ""value"": ""User online activities""}, ""Choice Type"": {""endIndexInSegment"": 516, ""startIndexInSegment"": 337, ""selectedText"": ""If you would like more information about this practice and to know your choices about not having this information used by these companies, visit http://www.networkadvertising.org."", ""value"": ""Third-party privacy controls""}, ""Identifiability"": {""endIndexInSegment"": -1, ""startIndexInSegment"": -1, ""value"": ""Unspecified""}, ""Does/Does Not"": {""endIndexInSegment"": 140, ""startIndexInSegment"": 105, ""selectedText"": ""These companies may use information"", ""value"": ""Does""}, ""User Type"": {""endIndexInSegment"": -1, ""startIndexInSegment"": -1, ""value"": ""Unspecified""}, ""Action Third Party"": {""endIndexInSegment"": 140, ""startIndexInSegment"": 105, ""selectedText"": ""These companies may use information"", ""value"": ""Other""}}",5/3/12,http://www.fredericknewspost.com/site/privacy.html
C4699,test_category_labeling_highlight,88,3629,14,"User Access, Edit and Deletion","{""Access Type"": {""endIndexInSegment"": 510, ""startIndexInSegment"": 73, ""selectedText"": ""Most of our services include information on how to remove your information and cancel the service. You may alternatively send us an email at webmaster@newspost.com identifying the services and information you would like removed. Please provide explicit reasons why we should remove the content. We reserve the right to decline requests for removal of information based on maintaining the historical and archival nature of our website(s)."", ""value"": ""Edit information""}, ""User Type"": {""endIndexInSegment"": -1, ""startIndexInSegment"": -1, ""value"": ""Unspecified""}, ""Access Scope"": {""endIndexInSegment"": -1, ""startIndexInSegment"": -1, ""value"": ""Unspecified""}}",5/3/12,http://www.fredericknewspost.com/site/privacy.html
2005,test_category_labeling_highlight,84,3629,14,"User Access, Edit and Deletion","{""Access Type"": {""endIndexInSegment"": 510, ""startIndexInSegment"": 368, ""selectedText"": ""We reserve the right to decline requests for removal of information based on maintaining the historical and archival nature of our website(s)."", ""value"": ""Delete account (partial)""}, ""User Type"": {""endIndexInSegment"": -1, ""startIndexInSegment"": -1, ""value"": ""Unspecified""}, ""Access Scope"": {""endIndexInSegment"": -1, ""startIndexInSegment"": -1, ""value"": ""Unspecified""}}",5/3/12,http://www.fredericknewspost.com/site/privacy.html
2240,test_category_labeling_highlight,82,3629,14,"User Access, Edit and Deletion","{""Access Type"": {""endIndexInSegment"": 171, ""startIndexInSegment"": 73, ""selectedText"": ""Most of our services include information on how to remove your information and cancel the service."", ""value"": ""Delete account (full)""}, ""User Type"": {""endIndexInSegment"": -1, ""startIndexInSegment"": -1, ""value"": ""Unspecified""}, ""Access Scope"": {""endIndexInSegment"": -1, ""startIndexInSegment"": -1, ""value"": ""Unspecified""}}",5/3/12,http://www.fredericknewspost.com/site/privacy.html
2245,test_category_labeling_highlight,82,3629,14,Other,"{""Other Type"": {""endIndexInSegment"": 510, ""startIndexInSegment"": 172, ""selectedText"": ""You may alternatively send us an email at webmaster@newspost.com identifying the services and information you would like removed. Please provide explicit reasons why we should remove the content. We reserve the right to decline requests for removal of information based on maintaining the historical and archival nature of our website(s)."", ""value"": ""Privacy contact information""}}",5/3/12,http://www.fredericknewspost.com/site/privacy.html
2778,test_category_labeling_highlight,88,3629,14,Other,"{""Other Type"": {""endIndexInSegment"": 236, ""startIndexInSegment"": 172, ""selectedText"": ""You may alternatively send us an email at webmaster@newspost.com"", ""value"": ""Privacy contact information""}}",5/3/12,http://www.fredericknewspost.com/site/privacy.html
C4700,test_category_labeling_highlight,88,3629,15,International and Specific Audiences,"{""Audience Type"": {""endIndexInSegment"": 306, ""startIndexInSegment"": 9, ""selectedText"": ""Children We do not specifically collect information about children. We believe that children should get their parents' consent before giving out personal information. We further believe that parents should participate in and guide their children's experiences on The News-Post."", ""value"": ""Children""}}",5/3/12,http://www.fredericknewspost.com/site/privacy.html
C4701,test_category_labeling_highlight,84,3629,16,Policy Change,"{""Change Type"": {""endIndexInSegment"": -1, ""startIndexInSegment"": -1, ""value"": ""Unspecified""}, ""User Choice"": {""endIndexInSegment"": -1, ""startIndexInSegment"": -1, ""value"": ""Unspecified""}, ""Notification Type"": {""endIndexInSegment"": 126, ""startIndexInSegment"": 95, ""selectedText"": ""we will post these changes here"", ""value"": ""General notice in privacy policy""}}",5/3/12,http://www.fredericknewspost.com/site/privacy.html
C4702,test_category_labeling_highlight,88,3629,16,Other,"{""Other Type"": {""endIndexInSegment"": 471, ""startIndexInSegment"": 380, ""selectedText"": ""webmaster@newspost.com or call 301-662-1177 and speak to our Director of Online Operations."", ""value"": ""Privacy contact information""}}",5/3/12,http://www.fredericknewspost.com/site/privacy.html
2249,test_category_labeling_highlight,82,3629,16,Policy Change,"{""Change Type"": {""endIndexInSegment"": -1, ""startIndexInSegment"": -1, ""value"": ""Unspecified""}, ""User Choice"": {""endIndexInSegment"": -1, ""startIndexInSegment"": -1, ""value"": ""Unspecified""}, ""Notification Type"": {""endIndexInSegment"": -1, ""startIndexInSegment"": -1, ""value"": ""Unspecified""}}",5/3/12,http://www.fredericknewspost.com/site/privacy.html
C4703,test_category_labeling_highlight,88,3629,17,Policy Change,"{""Change Type"": {""endIndexInSegment"": 443, ""startIndexInSegment"": 42, ""selectedText"": ""By accessing or using a website operated by The News-Post, you agree to be bound by the site's Terms of Use and Privacy Policy (\""Agreement\""), as The News-Post may amend them at any time. All amendments automatically go into effect on the day after they are posted on the website. Use of the website subsequent to such posting shall constitute your agreement to all such amendments. (See Terms of Use.)"", ""value"": ""Unspecified""}, ""User Choice"": {""endIndexInSegment"": 423, ""startIndexInSegment"": 322, ""selectedText"": ""Use of the website subsequent to such posting shall constitute your agreement to all such amendments."", ""value"": ""User participation""}, ""Notification Type"": {""endIndexInSegment"": 320, ""startIndexInSegment"": 290, ""selectedText"": ""they are posted on the website"", ""value"": ""General notice on website""}}",5/3/12,http://www.fredericknewspost.com/site/privacy.html
2202,test_category_labeling_highlight,82,3629,17,Other,"{""Other Type"": {""endIndexInSegment"": 443, ""startIndexInSegment"": 42, ""selectedText"": ""By accessing or using a website operated by The News-Post, you agree to be bound by the site's Terms of Use and Privacy Policy (\""Agreement\""), as The News-Post may amend them at any time. All amendments automatically go into effect on the day after they are posted on the website. Use of the website subsequent to such posting shall constitute your agreement to all such amendments. (See Terms of Use.)"", ""value"": ""Practice not covered""}}",5/3/12,http://www.fredericknewspost.com/site/privacy.html
C4704,test_category_labeling_highlight,88,3629,18,Other,"{""Other Type"": {""endIndexInSegment"": 20, ""startIndexInSegment"": 0, ""selectedText"": ""Revised May 3, 2012."", ""value"": ""Introductory/Generic""}}",5/3/12,http://www.fredericknewspost.com/site/privacy.html
2203,test_category_labeling_highlight,82,3629,18,Policy Change,"{""Change Type"": {""endIndexInSegment"": 20, ""startIndexInSegment"": 0, ""selectedText"": ""Revised May 3, 2012."", ""value"": ""Unspecified""}, ""User Choice"": {""endIndexInSegment"": -1, ""startIndexInSegment"": -1, ""value"": ""Unspecified""}, ""Notification Type"": {""endIndexInSegment"": -1, ""startIndexInSegment"": -1, ""value"": ""Unspecified""}}",5/3/12,http://www.fredericknewspost.com/site/privacy.html
