20137,test_category_labeling_highlight_fordham_aaaaa,121,3905,0,Other,"{""Other Type"": {""selectedText"": ""Sci-News.com is committed to protecting and respecting your privacy. To better inform you of our policy concerning user privacy, we have adopted the following terms. Please note that these terms are subject to change, and any such changes will be included on this page."", ""startIndexInSegment"": 20, ""endIndexInSegment"": 299, ""value"": ""Introductory/Generic""}}",Not specified,http://www.sci-news.com/privacy-policy.html
20589,test_category_labeling_highlight_fordham_ccccc,117,3905,0,Other,"{""Other Type"": {""selectedText"": ""Sci-News.com is committed to protecting and respecting your privacy. To better inform you of our policy concerning user privacy, we have adopted the following terms. Please note that these terms are subject to change, and any such changes will be included on this page."", ""startIndexInSegment"": 25, ""endIndexInSegment"": 299, ""value"": ""Introductory/Generic""}}",Not specified,http://www.sci-news.com/privacy-policy.html
20233,test_category_labeling_highlight_fordham_ddddd,118,3905,0,Other,"{""Other Type"": {""selectedText"": ""Sci-News.com is committed to protecting and respecting your privacy. To better inform you of our policy concerning user privacy, we have adopted the following terms."", ""startIndexInSegment"": 25, ""endIndexInSegment"": 190, ""value"": ""Introductory/Generic""}}",Not specified,http://www.sci-news.com/privacy-policy.html
20234,test_category_labeling_highlight_fordham_ddddd,118,3905,0,Policy Change,"{""Change Type"": {""selectedText"": ""Please note that these terms are subject to change,"", ""startIndexInSegment"": 191, ""endIndexInSegment"": 242, ""value"": ""Unspecified""}, ""User Choice"": {""selectedText"": ""Not selected"", ""startIndexInSegment"": -1, ""endIndexInSegment"": -1, ""value"": ""Unspecified""}, ""Notification Type"": {""selectedText"": ""and any such changes will be included on this page."", ""startIndexInSegment"": 243, ""endIndexInSegment"": 294, ""value"": ""General notice in privacy policy""}}",Not specified,http://www.sci-news.com/privacy-policy.html
20324,test_category_labeling_highlight_fordham_aaaaa,121,3905,1,First Party Collection/Use,"{""Collection Mode"": {""selectedText"": ""nformation that you provide by filling in forms on our site"", ""startIndexInSegment"": 139, ""endIndexInSegment"": 198, ""value"": ""Explicit""}, ""Choice Scope"": {""selectedText"": ""null"", ""startIndexInSegment"": -1, ""endIndexInSegment"": -1, ""value"": ""not-selected""}, ""Action First-Party"": {""selectedText"": ""Sci-News.com may collect and process"", ""startIndexInSegment"": 59, ""endIndexInSegment"": 95, ""value"": ""Unspecified""}, ""Personal Information Type"": {""selectedText"": ""including"", ""startIndexInSegment"": 200, ""endIndexInSegment"": 209, ""value"": ""Unspecified""}, ""Choice Type"": {""selectedText"": ""Not selected"", ""startIndexInSegment"": -1, ""endIndexInSegment"": -1, ""value"": ""Unspecified""}, ""Identifiability"": {""selectedText"": ""null"", ""startIndexInSegment"": -1, ""endIndexInSegment"": -1, ""value"": ""not-selected""}, ""Does/Does Not"": {""selectedText"": ""null"", ""startIndexInSegment"": -1, ""endIndexInSegment"": -1, ""value"": ""Does""}, ""User Type"": {""selectedText"": ""Not selected"", ""startIndexInSegment"": -1, ""endIndexInSegment"": -1, ""value"": ""Unspecified""}, ""Purpose"": {""selectedText"": ""other purposes, for example when you report a problem with our site"", ""startIndexInSegment"": 287, ""endIndexInSegment"": 354, ""value"": ""Basic service/feature""}}",Not specified,http://www.sci-news.com/privacy-policy.html
20325,test_category_labeling_highlight_fordham_aaaaa,121,3905,1,First Party Collection/Use,"{""Collection Mode"": {""selectedText"": ""nformation that you provide by filling in forms on our site"", ""startIndexInSegment"": 139, ""endIndexInSegment"": 198, ""value"": ""Explicit""}, ""Choice Scope"": {""selectedText"": ""null"", ""startIndexInSegment"": -1, ""endIndexInSegment"": -1, ""value"": ""not-selected""}, ""Action First-Party"": {""selectedText"": ""Sci-News.com may collect and process"", ""startIndexInSegment"": 59, ""endIndexInSegment"": 95, ""value"": ""Unspecified""}, ""Personal Information Type"": {""selectedText"": ""names, e-mail and website addresses"", ""startIndexInSegment"": 210, ""endIndexInSegment"": 245, ""value"": ""Contact""}, ""Choice Type"": {""selectedText"": ""Not selected"", ""startIndexInSegment"": -1, ""endIndexInSegment"": -1, ""value"": ""Unspecified""}, ""Identifiability"": {""selectedText"": ""null"", ""startIndexInSegment"": -1, ""endIndexInSegment"": -1, ""value"": ""not-selected""}, ""Does/Does Not"": {""selectedText"": ""null"", ""startIndexInSegment"": -1, ""endIndexInSegment"": -1, ""value"": ""Does""}, ""User Type"": {""selectedText"": ""Not selected"", ""startIndexInSegment"": -1, ""endIndexInSegment"": -1, ""value"": ""Unspecified""}, ""Purpose"": {""selectedText"": ""other purposes, for example when you report a problem with our site"", ""startIndexInSegment"": 287, ""endIndexInSegment"": 354, ""value"": ""Basic service/feature""}}",Not specified,http://www.sci-news.com/privacy-policy.html
20590,test_category_labeling_highlight_fordham_ccccc,117,3905,1,First Party Collection/Use,"{""Collection Mode"": {""selectedText"": ""information that you provide by filling in forms"", ""startIndexInSegment"": 138, ""endIndexInSegment"": 186, ""value"": ""Explicit""}, ""Choice Scope"": {""selectedText"": ""null"", ""startIndexInSegment"": -1, ""endIndexInSegment"": -1, ""value"": ""not-selected""}, ""Action First-Party"": {""selectedText"": ""may collect"", ""startIndexInSegment"": 72, ""endIndexInSegment"": 83, ""value"": ""Collect on website""}, ""Personal Information Type"": {""selectedText"": ""names, e-mail and website addresses; we may also ask you for information for other purposes, for example when you report a problem with our site;"", ""startIndexInSegment"": 210, ""endIndexInSegment"": 355, ""value"": ""Contact""}, ""Choice Type"": {""selectedText"": ""null"", ""startIndexInSegment"": -1, ""endIndexInSegment"": -1, ""value"": ""not-selected""}, ""Identifiability"": {""selectedText"": ""null"", ""startIndexInSegment"": -1, ""endIndexInSegment"": -1, ""value"": ""not-selected""}, ""Does/Does Not"": {""selectedText"": ""null"", ""startIndexInSegment"": -1, ""endIndexInSegment"": -1, ""value"": ""Does""}, ""User Type"": {""selectedText"": ""null"", ""startIndexInSegment"": -1, ""endIndexInSegment"": -1, ""value"": ""not-selected""}, ""Purpose"": {""selectedText"": ""Not selected"", ""startIndexInSegment"": -1, ""endIndexInSegment"": -1, ""value"": ""Unspecified""}}",Not specified,http://www.sci-news.com/privacy-policy.html
20235,test_category_labeling_highlight_fordham_ddddd,118,3905,1,First Party Collection/Use,"{""Collection Mode"": {""selectedText"": ""that you provide by filling in forms on our site"", ""startIndexInSegment"": 150, ""endIndexInSegment"": 198, ""value"": ""Explicit""}, ""Choice Scope"": {""selectedText"": ""information that you provide"", ""startIndexInSegment"": 138, ""endIndexInSegment"": 166, ""value"": ""Collection""}, ""Action First-Party"": {""selectedText"": ""on our site"", ""startIndexInSegment"": 187, ""endIndexInSegment"": 198, ""value"": ""Collect on website""}, ""Personal Information Type"": {""selectedText"": ""information"", ""startIndexInSegment"": 138, ""endIndexInSegment"": 149, ""value"": ""Unspecified""}, ""Choice Type"": {""selectedText"": ""by filling in forms on our site"", ""startIndexInSegment"": 167, ""endIndexInSegment"": 198, ""value"": ""Opt-in""}, ""Identifiability"": {""selectedText"": ""Not selected"", ""startIndexInSegment"": -1, ""endIndexInSegment"": -1, ""value"": ""Unspecified""}, ""Does/Does Not"": {""selectedText"": ""null"", ""startIndexInSegment"": -1, ""endIndexInSegment"": -1, ""value"": ""Does""}, ""User Type"": {""selectedText"": ""Not selected"", ""startIndexInSegment"": -1, ""endIndexInSegment"": -1, ""value"": ""Unspecified""}, ""Purpose"": {""selectedText"": ""filling in forms"", ""startIndexInSegment"": 170, ""endIndexInSegment"": 186, ""value"": ""Basic service/feature""}}",Not specified,http://www.sci-news.com/privacy-policy.html
20236,test_category_labeling_highlight_fordham_ddddd,118,3905,1,First Party Collection/Use,"{""Collection Mode"": {""selectedText"": ""that you provide by filling in forms on our site"", ""startIndexInSegment"": 150, ""endIndexInSegment"": 198, ""value"": ""Explicit""}, ""Choice Scope"": {""selectedText"": ""information that you provide"", ""startIndexInSegment"": 138, ""endIndexInSegment"": 166, ""value"": ""Collection""}, ""Action First-Party"": {""selectedText"": ""on our site"", ""startIndexInSegment"": 187, ""endIndexInSegment"": 198, ""value"": ""Collect on website""}, ""Personal Information Type"": {""selectedText"": ""information"", ""startIndexInSegment"": 138, ""endIndexInSegment"": 149, ""value"": ""Unspecified""}, ""Choice Type"": {""selectedText"": ""by filling in forms on our site"", ""startIndexInSegment"": 167, ""endIndexInSegment"": 198, ""value"": ""Opt-in""}, ""Identifiability"": {""selectedText"": ""Not selected"", ""startIndexInSegment"": -1, ""endIndexInSegment"": -1, ""value"": ""Unspecified""}, ""Does/Does Not"": {""selectedText"": ""null"", ""startIndexInSegment"": -1, ""endIndexInSegment"": -1, ""value"": ""Does""}, ""User Type"": {""selectedText"": ""Not selected"", ""startIndexInSegment"": -1, ""endIndexInSegment"": -1, ""value"": ""Unspecified""}, ""Purpose"": {""selectedText"": ""for other purposes,"", ""startIndexInSegment"": 283, ""endIndexInSegment"": 302, ""value"": ""Unspecified""}}",Not specified,http://www.sci-news.com/privacy-policy.html
20237,test_category_labeling_highlight_fordham_ddddd,118,3905,1,First Party Collection/Use,"{""Collection Mode"": {""selectedText"": ""that you provide by filling in forms on our site"", ""startIndexInSegment"": 150, ""endIndexInSegment"": 198, ""value"": ""Explicit""}, ""Choice Scope"": {""selectedText"": ""information that you provide"", ""startIndexInSegment"": 138, ""endIndexInSegment"": 166, ""value"": ""Collection""}, ""Action First-Party"": {""selectedText"": ""on our site"", ""startIndexInSegment"": 187, ""endIndexInSegment"": 198, ""value"": ""Collect on website""}, ""Personal Information Type"": {""selectedText"": ""names, e-mail"", ""startIndexInSegment"": 210, ""endIndexInSegment"": 223, ""value"": ""Contact""}, ""Choice Type"": {""selectedText"": ""by filling in forms on our site"", ""startIndexInSegment"": 167, ""endIndexInSegment"": 198, ""value"": ""Opt-in""}, ""Identifiability"": {""selectedText"": ""Not selected"", ""startIndexInSegment"": -1, ""endIndexInSegment"": -1, ""value"": ""Unspecified""}, ""Does/Does Not"": {""selectedText"": ""null"", ""startIndexInSegment"": -1, ""endIndexInSegment"": -1, ""value"": ""Does""}, ""User Type"": {""selectedText"": ""Not selected"", ""startIndexInSegment"": -1, ""endIndexInSegment"": -1, ""value"": ""Unspecified""}, ""Purpose"": {""selectedText"": ""filling in forms"", ""startIndexInSegment"": 170, ""endIndexInSegment"": 186, ""value"": ""Basic service/feature""}}",Not specified,http://www.sci-news.com/privacy-policy.html
20238,test_category_labeling_highlight_fordham_ddddd,118,3905,1,First Party Collection/Use,"{""Collection Mode"": {""selectedText"": ""that you provide by filling in forms on our site"", ""startIndexInSegment"": 150, ""endIndexInSegment"": 198, ""value"": ""Explicit""}, ""Choice Scope"": {""selectedText"": ""information that you provide"", ""startIndexInSegment"": 138, ""endIndexInSegment"": 166, ""value"": ""Collection""}, ""Action First-Party"": {""selectedText"": ""on our site"", ""startIndexInSegment"": 187, ""endIndexInSegment"": 198, ""value"": ""Collect on website""}, ""Personal Information Type"": {""selectedText"": ""website addresses"", ""startIndexInSegment"": 228, ""endIndexInSegment"": 245, ""value"": ""User online activities""}, ""Choice Type"": {""selectedText"": ""by filling in forms on our site"", ""startIndexInSegment"": 167, ""endIndexInSegment"": 198, ""value"": ""Opt-in""}, ""Identifiability"": {""selectedText"": ""Not selected"", ""startIndexInSegment"": -1, ""endIndexInSegment"": -1, ""value"": ""Unspecified""}, ""Does/Does Not"": {""selectedText"": ""null"", ""startIndexInSegment"": -1, ""endIndexInSegment"": -1, ""value"": ""Does""}, ""User Type"": {""selectedText"": ""Not selected"", ""startIndexInSegment"": -1, ""endIndexInSegment"": -1, ""value"": ""Unspecified""}, ""Purpose"": {""selectedText"": ""filling in forms"", ""startIndexInSegment"": 170, ""endIndexInSegment"": 186, ""value"": ""Basic service/feature""}}",Not specified,http://www.sci-news.com/privacy-policy.html
20326,test_category_labeling_highlight_fordham_aaaaa,121,3905,2,Data Retention,"{""Personal Information Type"": {""selectedText"": ""that correspondence"", ""startIndexInSegment"": 45, ""endIndexInSegment"": 64, ""value"": ""Other""}, ""Retention Period"": {""selectedText"": ""Not selected"", ""startIndexInSegment"": -1, ""endIndexInSegment"": -1, ""value"": ""Unspecified""}, ""Retention Purpose"": {""selectedText"": ""we may keep a record"", ""startIndexInSegment"": 21, ""endIndexInSegment"": 41, ""value"": ""Unspecified""}}",Not specified,http://www.sci-news.com/privacy-policy.html
20591,test_category_labeling_highlight_fordham_ccccc,117,3905,2,Data Retention,"{""Personal Information Type"": {""selectedText"": ""record of that correspondence"", ""startIndexInSegment"": 35, ""endIndexInSegment"": 64, ""value"": ""Other""}, ""Retention Period"": {""selectedText"": ""Not selected"", ""startIndexInSegment"": -1, ""endIndexInSegment"": -1, ""value"": ""Unspecified""}, ""Retention Purpose"": {""selectedText"": ""Not selected"", ""startIndexInSegment"": -1, ""endIndexInSegment"": -1, ""value"": ""Unspecified""}}",Not specified,http://www.sci-news.com/privacy-policy.html
20239,test_category_labeling_highlight_fordham_ddddd,118,3905,2,First Party Collection/Use,"{""Collection Mode"": {""selectedText"": ""if you contact us"", ""startIndexInSegment"": 2, ""endIndexInSegment"": 19, ""value"": ""Explicit""}, ""Choice Scope"": {""selectedText"": ""we may keep a record of that correspondence"", ""startIndexInSegment"": 21, ""endIndexInSegment"": 64, ""value"": ""Collection""}, ""Action First-Party"": {""selectedText"": ""Not selected"", ""startIndexInSegment"": -1, ""endIndexInSegment"": -1, ""value"": ""Unspecified""}, ""Personal Information Type"": {""selectedText"": ""correspondence"", ""startIndexInSegment"": 50, ""endIndexInSegment"": 64, ""value"": ""Other""}, ""Choice Type"": {""selectedText"": ""contact us"", ""startIndexInSegment"": 9, ""endIndexInSegment"": 19, ""value"": ""Opt-in""}, ""Identifiability"": {""selectedText"": ""Not selected"", ""startIndexInSegment"": -1, ""endIndexInSegment"": -1, ""value"": ""Unspecified""}, ""Does/Does Not"": {""selectedText"": ""null"", ""startIndexInSegment"": -1, ""endIndexInSegment"": -1, ""value"": ""Does""}, ""User Type"": {""selectedText"": ""Not selected"", ""startIndexInSegment"": -1, ""endIndexInSegment"": -1, ""value"": ""Unspecified""}, ""Purpose"": {""selectedText"": ""Not selected"", ""startIndexInSegment"": -1, ""endIndexInSegment"": -1, ""value"": ""Unspecified""}}",Not specified,http://www.sci-news.com/privacy-policy.html
C1337,test_category_labeling_highlight_fordham_aaaaa,121,3905,3,First Party Collection/Use,"{""Collection Mode"": {""selectedText"": ""Not selected"", ""startIndexInSegment"": -1, ""endIndexInSegment"": -1, ""value"": ""Unspecified""}, ""Choice Scope"": {""selectedText"": ""Not selected"", ""startIndexInSegment"": -1, ""endIndexInSegment"": -1, ""value"": ""Unspecified""}, ""Action First-Party"": {""selectedText"": ""Not selected"", ""startIndexInSegment"": -1, ""endIndexInSegment"": -1, ""value"": ""Unspecified""}, ""Personal Information Type"": {""selectedText"": ""location data"", ""startIndexInSegment"": 82, ""endIndexInSegment"": 95, ""value"": ""Location""}, ""Choice Type"": {""selectedText"": ""Not selected"", ""startIndexInSegment"": -1, ""endIndexInSegment"": -1, ""value"": ""Unspecified""}, ""Identifiability"": {""selectedText"": ""Not selected"", ""startIndexInSegment"": -1, ""endIndexInSegment"": -1, ""value"": ""Unspecified""}, ""Does/Does Not"": {""selectedText"": ""null"", ""startIndexInSegment"": -1, ""endIndexInSegment"": -1, ""value"": ""Does""}, ""User Type"": {""selectedText"": ""Not selected"", ""startIndexInSegment"": -1, ""endIndexInSegment"": -1, ""value"": ""Unspecified""}, ""Purpose"": {""selectedText"": ""Not selected"", ""startIndexInSegment"": -1, ""endIndexInSegment"": -1, ""value"": ""Unspecified""}}",Not specified,http://www.sci-news.com/privacy-policy.html
C1338,test_category_labeling_highlight_fordham_aaaaa,121,3905,3,First Party Collection/Use,"{""Collection Mode"": {""selectedText"": ""Not selected"", ""startIndexInSegment"": -1, ""endIndexInSegment"": -1, ""value"": ""Unspecified""}, ""Choice Scope"": {""selectedText"": ""Not selected"", ""startIndexInSegment"": -1, ""endIndexInSegment"": -1, ""value"": ""Unspecified""}, ""Action First-Party"": {""selectedText"": ""Not selected"", ""startIndexInSegment"": -1, ""endIndexInSegment"": -1, ""value"": ""Unspecified""}, ""Personal Information Type"": {""selectedText"": ""traffic data"", ""startIndexInSegment"": 68, ""endIndexInSegment"": 80, ""value"": ""Other""}, ""Choice Type"": {""selectedText"": ""Not selected"", ""startIndexInSegment"": -1, ""endIndexInSegment"": -1, ""value"": ""Unspecified""}, ""Identifiability"": {""selectedText"": ""Not selected"", ""startIndexInSegment"": -1, ""endIndexInSegment"": -1, ""value"": ""Unspecified""}, ""Does/Does Not"": {""selectedText"": ""null"", ""startIndexInSegment"": -1, ""endIndexInSegment"": -1, ""value"": ""Does""}, ""User Type"": {""selectedText"": ""Not selected"", ""startIndexInSegment"": -1, ""endIndexInSegment"": -1, ""value"": ""Unspecified""}, ""Purpose"": {""selectedText"": ""Not selected"", ""startIndexInSegment"": -1, ""endIndexInSegment"": -1, ""value"": ""Unspecified""}}",Not specified,http://www.sci-news.com/privacy-policy.html
20327,test_category_labeling_highlight_fordham_aaaaa,121,3905,3,First Party Collection/Use,"{""Collection Mode"": {""selectedText"": ""Not selected"", ""startIndexInSegment"": -1, ""endIndexInSegment"": -1, ""value"": ""Unspecified""}, ""Choice Scope"": {""selectedText"": ""Not selected"", ""startIndexInSegment"": -1, ""endIndexInSegment"": -1, ""value"": ""Unspecified""}, ""Action First-Party"": {""selectedText"": ""Not selected"", ""startIndexInSegment"": -1, ""endIndexInSegment"": -1, ""value"": ""Unspecified""}, ""Personal Information Type"": {""selectedText"": ""including, but not limited"", ""startIndexInSegment"": 37, ""endIndexInSegment"": 63, ""value"": ""Unspecified""}, ""Choice Type"": {""selectedText"": ""Not selected"", ""startIndexInSegment"": -1, ""endIndexInSegment"": -1, ""value"": ""Unspecified""}, ""Identifiability"": {""selectedText"": ""Not selected"", ""startIndexInSegment"": -1, ""endIndexInSegment"": -1, ""value"": ""Unspecified""}, ""Does/Does Not"": {""selectedText"": ""null"", ""startIndexInSegment"": -1, ""endIndexInSegment"": -1, ""value"": ""Does""}, ""User Type"": {""selectedText"": ""Not selected"", ""startIndexInSegment"": -1, ""endIndexInSegment"": -1, ""value"": ""Unspecified""}, ""Purpose"": {""selectedText"": ""Not selected"", ""startIndexInSegment"": -1, ""endIndexInSegment"": -1, ""value"": ""Unspecified""}}",Not specified,http://www.sci-news.com/privacy-policy.html
20328,test_category_labeling_highlight_fordham_aaaaa,121,3905,3,First Party Collection/Use,"{""Collection Mode"": {""selectedText"": ""Not selected"", ""startIndexInSegment"": -1, ""endIndexInSegment"": -1, ""value"": ""Unspecified""}, ""Choice Scope"": {""selectedText"": ""Not selected"", ""startIndexInSegment"": -1, ""endIndexInSegment"": -1, ""value"": ""Unspecified""}, ""Action First-Party"": {""selectedText"": ""Not selected"", ""startIndexInSegment"": -1, ""endIndexInSegment"": -1, ""value"": ""Unspecified""}, ""Personal Information Type"": {""selectedText"": ""weblogs and other communication data"", ""startIndexInSegment"": 97, ""endIndexInSegment"": 133, ""value"": ""User online activities""}, ""Choice Type"": {""selectedText"": ""Not selected"", ""startIndexInSegment"": -1, ""endIndexInSegment"": -1, ""value"": ""Unspecified""}, ""Identifiability"": {""selectedText"": ""Not selected"", ""startIndexInSegment"": -1, ""endIndexInSegment"": -1, ""value"": ""Unspecified""}, ""Does/Does Not"": {""selectedText"": ""null"", ""startIndexInSegment"": -1, ""endIndexInSegment"": -1, ""value"": ""Does""}, ""User Type"": {""selectedText"": ""Not selected"", ""startIndexInSegment"": -1, ""endIndexInSegment"": -1, ""value"": ""Unspecified""}, ""Purpose"": {""selectedText"": ""Not selected"", ""startIndexInSegment"": -1, ""endIndexInSegment"": -1, ""value"": ""Unspecified""}}",Not specified,http://www.sci-news.com/privacy-policy.html
20240,test_category_labeling_highlight_fordham_ddddd,118,3905,3,First Party Collection/Use,"{""Collection Mode"": {""selectedText"": ""details of your visits to our site"", ""startIndexInSegment"": 2, ""endIndexInSegment"": 36, ""value"": ""Implicit""}, ""Choice Scope"": {""selectedText"": ""Not selected"", ""startIndexInSegment"": -1, ""endIndexInSegment"": -1, ""value"": ""Unspecified""}, ""Action First-Party"": {""selectedText"": ""our site"", ""startIndexInSegment"": 28, ""endIndexInSegment"": 36, ""value"": ""Collect on website""}, ""Personal Information Type"": {""selectedText"": ""details of your visits to our site"", ""startIndexInSegment"": 2, ""endIndexInSegment"": 36, ""value"": ""User online activities""}, ""Choice Type"": {""selectedText"": ""Not selected"", ""startIndexInSegment"": -1, ""endIndexInSegment"": -1, ""value"": ""Unspecified""}, ""Identifiability"": {""selectedText"": ""Not selected"", ""startIndexInSegment"": -1, ""endIndexInSegment"": -1, ""value"": ""Unspecified""}, ""Does/Does Not"": {""selectedText"": ""null"", ""startIndexInSegment"": -1, ""endIndexInSegment"": -1, ""value"": ""Does""}, ""User Type"": {""selectedText"": ""Not selected"", ""startIndexInSegment"": -1, ""endIndexInSegment"": -1, ""value"": ""Unspecified""}, ""Purpose"": {""selectedText"": ""Not selected"", ""startIndexInSegment"": -1, ""endIndexInSegment"": -1, ""value"": ""Unspecified""}}",Not specified,http://www.sci-news.com/privacy-policy.html
20241,test_category_labeling_highlight_fordham_ddddd,118,3905,3,First Party Collection/Use,"{""Collection Mode"": {""selectedText"": ""details of your visits to our site"", ""startIndexInSegment"": 2, ""endIndexInSegment"": 36, ""value"": ""Implicit""}, ""Choice Scope"": {""selectedText"": ""Not selected"", ""startIndexInSegment"": -1, ""endIndexInSegment"": -1, ""value"": ""Unspecified""}, ""Action First-Party"": {""selectedText"": ""our site"", ""startIndexInSegment"": 28, ""endIndexInSegment"": 36, ""value"": ""Collect on website""}, ""Personal Information Type"": {""selectedText"": ""location data"", ""startIndexInSegment"": 82, ""endIndexInSegment"": 95, ""value"": ""Location""}, ""Choice Type"": {""selectedText"": ""Not selected"", ""startIndexInSegment"": -1, ""endIndexInSegment"": -1, ""value"": ""Unspecified""}, ""Identifiability"": {""selectedText"": ""Not selected"", ""startIndexInSegment"": -1, ""endIndexInSegment"": -1, ""value"": ""Unspecified""}, ""Does/Does Not"": {""selectedText"": ""null"", ""startIndexInSegment"": -1, ""endIndexInSegment"": -1, ""value"": ""Does""}, ""User Type"": {""selectedText"": ""Not selected"", ""startIndexInSegment"": -1, ""endIndexInSegment"": -1, ""value"": ""Unspecified""}, ""Purpose"": {""selectedText"": ""Not selected"", ""startIndexInSegment"": -1, ""endIndexInSegment"": -1, ""value"": ""Unspecified""}}",Not specified,http://www.sci-news.com/privacy-policy.html
20242,test_category_labeling_highlight_fordham_ddddd,118,3905,3,First Party Collection/Use,"{""Collection Mode"": {""selectedText"": ""details of your visits to our site"", ""startIndexInSegment"": 2, ""endIndexInSegment"": 36, ""value"": ""Implicit""}, ""Choice Scope"": {""selectedText"": ""Not selected"", ""startIndexInSegment"": -1, ""endIndexInSegment"": -1, ""value"": ""Unspecified""}, ""Action First-Party"": {""selectedText"": ""our site"", ""startIndexInSegment"": 28, ""endIndexInSegment"": 36, ""value"": ""Collect on website""}, ""Personal Information Type"": {""selectedText"": ""communication data"", ""startIndexInSegment"": 115, ""endIndexInSegment"": 133, ""value"": ""Contact""}, ""Choice Type"": {""selectedText"": ""Not selected"", ""startIndexInSegment"": -1, ""endIndexInSegment"": -1, ""value"": ""Unspecified""}, ""Identifiability"": {""selectedText"": ""Not selected"", ""startIndexInSegment"": -1, ""endIndexInSegment"": -1, ""value"": ""Unspecified""}, ""Does/Does Not"": {""selectedText"": ""null"", ""startIndexInSegment"": -1, ""endIndexInSegment"": -1, ""value"": ""Does""}, ""User Type"": {""selectedText"": ""Not selected"", ""startIndexInSegment"": -1, ""endIndexInSegment"": -1, ""value"": ""Unspecified""}, ""Purpose"": {""selectedText"": ""Not selected"", ""startIndexInSegment"": -1, ""endIndexInSegment"": -1, ""value"": ""Unspecified""}}",Not specified,http://www.sci-news.com/privacy-policy.html
20331,test_category_labeling_highlight_fordham_aaaaa,121,3905,4,International and Specific Audiences,"{""Audience Type"": {""selectedText"": ""Sci-News.com does not knowingly collect or solicit personal information from anyone under the age of 13. We assume that minors 13 years of age or older have received permission from their parents or guardians before using this website. Parents or guardians may contact us at privacy@sci-news.com with questions or concerns about our privacy policy."", ""startIndexInSegment"": 0, ""endIndexInSegment"": 353, ""value"": ""Children""}}",Not specified,http://www.sci-news.com/privacy-policy.html
20332,test_category_labeling_highlight_fordham_aaaaa,121,3905,4,Other,"{""Other Type"": {""selectedText"": ""Parents or guardians may contact us at privacy@sci-news.com with questions or concerns about our privacy policy."", ""startIndexInSegment"": 236, ""endIndexInSegment"": 353, ""value"": ""Privacy contact information""}}",Not specified,http://www.sci-news.com/privacy-policy.html
20594,test_category_labeling_highlight_fordham_ccccc,117,3905,4,International and Specific Audiences,"{""Audience Type"": {""selectedText"": ""Sci-News.com does not knowingly collect or solicit personal information from anyone under the age of 13. We assume that minors 13 years of age or older have received permission from their parents or guardians before using this website. Parents or guardians may contact us at privacy@sci-news.com with questions or concerns about our privacy policy"", ""startIndexInSegment"": 0, ""endIndexInSegment"": 347, ""value"": ""Children""}}",Not specified,http://www.sci-news.com/privacy-policy.html
20243,test_category_labeling_highlight_fordham_ddddd,118,3905,4,International and Specific Audiences,"{""Audience Type"": {""selectedText"": ""anyone under the age of 13. We assume that minors 13 years of age or older"", ""startIndexInSegment"": 77, ""endIndexInSegment"": 151, ""value"": ""Children""}}",Not specified,http://www.sci-news.com/privacy-policy.html
20244,test_category_labeling_highlight_fordham_ddddd,118,3905,4,Other,"{""Other Type"": {""selectedText"": ""Parents or guardians may contact us at privacy@sci-news.com with questions or concerns about our privacy policy."", ""startIndexInSegment"": 236, ""endIndexInSegment"": 348, ""value"": ""Privacy contact information""}}",Not specified,http://www.sci-news.com/privacy-policy.html
20333,test_category_labeling_highlight_fordham_aaaaa,121,3905,5,First Party Collection/Use,"{""Collection Mode"": {""selectedText"": ""null"", ""startIndexInSegment"": -1, ""endIndexInSegment"": -1, ""value"": ""not-selected""}, ""Choice Scope"": {""selectedText"": ""null"", ""startIndexInSegment"": -1, ""endIndexInSegment"": -1, ""value"": ""not-selected""}, ""Action First-Party"": {""selectedText"": ""Not selected"", ""startIndexInSegment"": -1, ""endIndexInSegment"": -1, ""value"": ""Unspecified""}, ""Personal Information Type"": {""selectedText"": ""Sci-News.com uses cookie technology"", ""startIndexInSegment"": 25, ""endIndexInSegment"": 60, ""value"": ""Cookies and tracking elements""}, ""Choice Type"": {""selectedText"": ""if your browsers preferences allow it"", ""startIndexInSegment"": 310, ""endIndexInSegment"": 347, ""value"": ""Browser/device privacy controls""}, ""Identifiability"": {""selectedText"": ""null"", ""startIndexInSegment"": -1, ""endIndexInSegment"": -1, ""value"": ""not-selected""}, ""Does/Does Not"": {""selectedText"": ""null"", ""startIndexInSegment"": -1, ""endIndexInSegment"": -1, ""value"": ""Does""}, ""User Type"": {""selectedText"": ""null"", ""startIndexInSegment"": -1, ""endIndexInSegment"": -1, ""value"": ""not-selected""}, ""Purpose"": {""selectedText"": ""in order to track online traffic flows"", ""startIndexInSegment"": 545, ""endIndexInSegment"": 583, ""value"": ""Analytics/Research""}}",Not specified,http://www.sci-news.com/privacy-policy.html
20595,test_category_labeling_highlight_fordham_ccccc,117,3905,5,First Party Collection/Use,"{""Collection Mode"": {""selectedText"": ""null"", ""startIndexInSegment"": -1, ""endIndexInSegment"": -1, ""value"": ""not-selected""}, ""Choice Scope"": {""selectedText"": ""null"", ""startIndexInSegment"": -1, ""endIndexInSegment"": -1, ""value"": ""not-selected""}, ""Action First-Party"": {""selectedText"": ""Sci-News.com uses"", ""startIndexInSegment"": 25, ""endIndexInSegment"": 42, ""value"": ""Collect on website""}, ""Personal Information Type"": {""selectedText"": ""uses cookie technology"", ""startIndexInSegment"": 38, ""endIndexInSegment"": 60, ""value"": ""Cookies and tracking elements""}, ""Choice Type"": {""selectedText"": ""your browsers preferences"", ""startIndexInSegment"": 313, ""endIndexInSegment"": 338, ""value"": ""Browser/device privacy controls""}, ""Identifiability"": {""selectedText"": ""null"", ""startIndexInSegment"": -1, ""endIndexInSegment"": -1, ""value"": ""not-selected""}, ""Does/Does Not"": {""selectedText"": ""null"", ""startIndexInSegment"": -1, ""endIndexInSegment"": -1, ""value"": ""Does""}, ""User Type"": {""selectedText"": ""null"", ""startIndexInSegment"": -1, ""endIndexInSegment"": -1, ""value"": ""not-selected""}, ""Purpose"": {""selectedText"": ""Not selected"", ""startIndexInSegment"": -1, ""endIndexInSegment"": -1, ""value"": ""Unspecified""}}",Not specified,http://www.sci-news.com/privacy-policy.html
20245,test_category_labeling_highlight_fordham_ddddd,118,3905,5,First Party Collection/Use,"{""Collection Mode"": {""selectedText"": ""A cookie is a small amount of data, which often includes a unique identifier that is sent to your computer or mobile phone browser from a websites computer and is stored on your devices hard drive. A website can send its own cookie to your browser if your browsers preferences allow it, but your browser only permits a website to access the cookies it has already sent to you, not the cookies sent to you by other websites. Many websites do this whenever a user visits their website in order to track online traffic flows."", ""startIndexInSegment"": 62, ""endIndexInSegment"": 584, ""value"": ""Implicit""}, ""Choice Scope"": {""selectedText"": ""Not selected"", ""startIndexInSegment"": -1, ""endIndexInSegment"": -1, ""value"": ""Unspecified""}, ""Action First-Party"": {""selectedText"": ""Sci-News.com"", ""startIndexInSegment"": 25, ""endIndexInSegment"": 37, ""value"": ""Collect on website""}, ""Personal Information Type"": {""selectedText"": ""cookie technology."", ""startIndexInSegment"": 43, ""endIndexInSegment"": 61, ""value"": ""Cookies and tracking elements""}, ""Choice Type"": {""selectedText"": ""Not selected"", ""startIndexInSegment"": -1, ""endIndexInSegment"": -1, ""value"": ""Unspecified""}, ""Identifiability"": {""selectedText"": ""Not selected"", ""startIndexInSegment"": -1, ""endIndexInSegment"": -1, ""value"": ""Unspecified""}, ""Does/Does Not"": {""selectedText"": ""Sci-News.com uses"", ""startIndexInSegment"": 25, ""endIndexInSegment"": 42, ""value"": ""Does""}, ""User Type"": {""selectedText"": ""Not selected"", ""startIndexInSegment"": -1, ""endIndexInSegment"": -1, ""value"": ""Unspecified""}, ""Purpose"": {""selectedText"": ""Not selected"", ""startIndexInSegment"": -1, ""endIndexInSegment"": -1, ""value"": ""Unspecified""}}",Not specified,http://www.sci-news.com/privacy-policy.html
20334,test_category_labeling_highlight_fordham_aaaaa,121,3905,6,Other,"{""Other Type"": {""selectedText"": ""During the course of any visit to the Sci-News.com website, the pages you see, along with a cookie, are downloaded to your device. A website does this because cookies enable a publisher to find out whether the device has visited the website before. This is done on a repeat visit by checking to see, and finding, the cookie left there on the last visit."", ""startIndexInSegment"": 0, ""endIndexInSegment"": 358, ""value"": ""Practice not covered""}}",Not specified,http://www.sci-news.com/privacy-policy.html
20596,test_category_labeling_highlight_fordham_ccccc,117,3905,6,First Party Collection/Use,"{""Collection Mode"": {""selectedText"": ""null"", ""startIndexInSegment"": -1, ""endIndexInSegment"": -1, ""value"": ""not-selected""}, ""Choice Scope"": {""selectedText"": ""null"", ""startIndexInSegment"": -1, ""endIndexInSegment"": -1, ""value"": ""not-selected""}, ""Action First-Party"": {""selectedText"": ""During the course of any visit to the Sci-News.com website"", ""startIndexInSegment"": 0, ""endIndexInSegment"": 58, ""value"": ""Collect on website""}, ""Personal Information Type"": {""selectedText"": ""cookie"", ""startIndexInSegment"": 92, ""endIndexInSegment"": 98, ""value"": ""Cookies and tracking elements""}, ""Choice Type"": {""selectedText"": ""null"", ""startIndexInSegment"": -1, ""endIndexInSegment"": -1, ""value"": ""not-selected""}, ""Identifiability"": {""selectedText"": ""null"", ""startIndexInSegment"": -1, ""endIndexInSegment"": -1, ""value"": ""not-selected""}, ""Does/Does Not"": {""selectedText"": ""null"", ""startIndexInSegment"": -1, ""endIndexInSegment"": -1, ""value"": ""Does""}, ""User Type"": {""selectedText"": ""null"", ""startIndexInSegment"": -1, ""endIndexInSegment"": -1, ""value"": ""not-selected""}, ""Purpose"": {""selectedText"": ""publisher to find out whether the device has visited the website before."", ""startIndexInSegment"": 176, ""endIndexInSegment"": 248, ""value"": ""Analytics/Research""}}",Not specified,http://www.sci-news.com/privacy-policy.html
20246,test_category_labeling_highlight_fordham_ddddd,118,3905,6,First Party Collection/Use,"{""Collection Mode"": {""selectedText"": ""During the course of any visit to the Sci-News.com website, the pages you see, along with a cookie, are downloaded to your device."", ""startIndexInSegment"": 0, ""endIndexInSegment"": 130, ""value"": ""Implicit""}, ""Choice Scope"": {""selectedText"": ""Not selected"", ""startIndexInSegment"": -1, ""endIndexInSegment"": -1, ""value"": ""Unspecified""}, ""Action First-Party"": {""selectedText"": ""Sci-News.com website"", ""startIndexInSegment"": 38, ""endIndexInSegment"": 58, ""value"": ""Collect on website""}, ""Personal Information Type"": {""selectedText"": ""the pages you see"", ""startIndexInSegment"": 60, ""endIndexInSegment"": 77, ""value"": ""User online activities""}, ""Choice Type"": {""selectedText"": ""Not selected"", ""startIndexInSegment"": -1, ""endIndexInSegment"": -1, ""value"": ""Unspecified""}, ""Identifiability"": {""selectedText"": ""Not selected"", ""startIndexInSegment"": -1, ""endIndexInSegment"": -1, ""value"": ""Unspecified""}, ""Does/Does Not"": {""selectedText"": ""are downloaded to your device."", ""startIndexInSegment"": 100, ""endIndexInSegment"": 130, ""value"": ""Does""}, ""User Type"": {""selectedText"": ""Not selected"", ""startIndexInSegment"": -1, ""endIndexInSegment"": -1, ""value"": ""Unspecified""}, ""Purpose"": {""selectedText"": ""A website does this because cookies enable a publisher to find out whether the device has visited the website before. This is done on a repeat visit by checking to see, and finding, the cookie left there on the last visit."", ""startIndexInSegment"": 131, ""endIndexInSegment"": 353, ""value"": ""Analytics/Research""}}",Not specified,http://www.sci-news.com/privacy-policy.html
20247,test_category_labeling_highlight_fordham_ddddd,118,3905,6,First Party Collection/Use,"{""Collection Mode"": {""selectedText"": ""During the course of any visit to the Sci-News.com website, the pages you see, along with a cookie, are downloaded to your device."", ""startIndexInSegment"": 0, ""endIndexInSegment"": 130, ""value"": ""Implicit""}, ""Choice Scope"": {""selectedText"": ""Not selected"", ""startIndexInSegment"": -1, ""endIndexInSegment"": -1, ""value"": ""Unspecified""}, ""Action First-Party"": {""selectedText"": ""Sci-News.com website"", ""startIndexInSegment"": 38, ""endIndexInSegment"": 58, ""value"": ""Collect on website""}, ""Personal Information Type"": {""selectedText"": ""cookie"", ""startIndexInSegment"": 92, ""endIndexInSegment"": 98, ""value"": ""Cookies and tracking elements""}, ""Choice Type"": {""selectedText"": ""Not selected"", ""startIndexInSegment"": -1, ""endIndexInSegment"": -1, ""value"": ""Unspecified""}, ""Identifiability"": {""selectedText"": ""Not selected"", ""startIndexInSegment"": -1, ""endIndexInSegment"": -1, ""value"": ""Unspecified""}, ""Does/Does Not"": {""selectedText"": ""are downloaded to your device."", ""startIndexInSegment"": 100, ""endIndexInSegment"": 130, ""value"": ""Does""}, ""User Type"": {""selectedText"": ""Not selected"", ""startIndexInSegment"": -1, ""endIndexInSegment"": -1, ""value"": ""Unspecified""}, ""Purpose"": {""selectedText"": ""A website does this because cookies enable a publisher to find out whether the device has visited the website before. This is done on a repeat visit by checking to see, and finding, the cookie left there on the last visit."", ""startIndexInSegment"": 131, ""endIndexInSegment"": 353, ""value"": ""Analytics/Research""}}",Not specified,http://www.sci-news.com/privacy-policy.html
20335,test_category_labeling_highlight_fordham_aaaaa,121,3905,7,Other,"{""Other Type"": {""selectedText"": ""Please note that during or after your visits to the Sci-News.com website you may notice some cookies that are not related to it. Sci-News.com does not control the dissemination of these cookies. You must check the third party websites for more information about these."", ""startIndexInSegment"": 0, ""endIndexInSegment"": 268, ""value"": ""Practice not covered""}}",Not specified,http://www.sci-news.com/privacy-policy.html
20597,test_category_labeling_highlight_fordham_ccccc,117,3905,7,Third Party Sharing/Collection,"{""Third Party Entity"": {""selectedText"": ""third party websites"", ""startIndexInSegment"": 214, ""endIndexInSegment"": 234, ""value"": ""Unnamed third party""}, ""Choice Scope"": {""selectedText"": ""null"", ""startIndexInSegment"": -1, ""endIndexInSegment"": -1, ""value"": ""not-selected""}, ""Purpose"": {""selectedText"": ""Not selected"", ""startIndexInSegment"": -1, ""endIndexInSegment"": -1, ""value"": ""Unspecified""}, ""Personal Information Type"": {""selectedText"": ""cookies"", ""startIndexInSegment"": 186, ""endIndexInSegment"": 193, ""value"": ""Cookies and tracking elements""}, ""Choice Type"": {""selectedText"": ""null"", ""startIndexInSegment"": -1, ""endIndexInSegment"": -1, ""value"": ""not-selected""}, ""Identifiability"": {""selectedText"": ""null"", ""startIndexInSegment"": -1, ""endIndexInSegment"": -1, ""value"": ""not-selected""}, ""Does/Does Not"": {""selectedText"": ""null"", ""startIndexInSegment"": -1, ""endIndexInSegment"": -1, ""value"": ""Does""}, ""User Type"": {""selectedText"": ""null"", ""startIndexInSegment"": -1, ""endIndexInSegment"": -1, ""value"": ""not-selected""}, ""Action Third Party"": {""selectedText"": ""your visits to the Sci-News.com"", ""startIndexInSegment"": 33, ""endIndexInSegment"": 64, ""value"": ""Track on first party website/app""}}",Not specified,http://www.sci-news.com/privacy-policy.html
20248,test_category_labeling_highlight_fordham_ddddd,118,3905,7,Third Party Sharing/Collection,"{""Third Party Entity"": {""selectedText"": ""third party"", ""startIndexInSegment"": 214, ""endIndexInSegment"": 225, ""value"": ""Unnamed third party""}, ""Choice Scope"": {""selectedText"": ""Not selected"", ""startIndexInSegment"": -1, ""endIndexInSegment"": -1, ""value"": ""Unspecified""}, ""Purpose"": {""selectedText"": ""Sci-News.com does not control the dissemination of these cookies. You must check the third party websites for more information about these."", ""startIndexInSegment"": 129, ""endIndexInSegment"": 268, ""value"": ""Unspecified""}, ""Personal Information Type"": {""selectedText"": ""cookies"", ""startIndexInSegment"": 93, ""endIndexInSegment"": 100, ""value"": ""Cookies and tracking elements""}, ""Choice Type"": {""selectedText"": ""Not selected"", ""startIndexInSegment"": -1, ""endIndexInSegment"": -1, ""value"": ""Unspecified""}, ""Identifiability"": {""selectedText"": ""Not selected"", ""startIndexInSegment"": -1, ""endIndexInSegment"": -1, ""value"": ""Unspecified""}, ""Does/Does Not"": {""selectedText"": ""null"", ""startIndexInSegment"": -1, ""endIndexInSegment"": -1, ""value"": ""Does""}, ""User Type"": {""selectedText"": ""Not selected"", ""startIndexInSegment"": -1, ""endIndexInSegment"": -1, ""value"": ""Unspecified""}, ""Action Third Party"": {""selectedText"": ""Please note that during or after your visits to the Sci-News.com website you may notice some cookies that are not related to it."", ""startIndexInSegment"": 0, ""endIndexInSegment"": 128, ""value"": ""Track on first party website/app""}}",Not specified,http://www.sci-news.com/privacy-policy.html
20336,test_category_labeling_highlight_fordham_aaaaa,121,3905,8,User Choice/Control,"{""Choice Type"": {""selectedText"": ""by activating the setting on your browser which allows you to refuse the setting of cookies"", ""startIndexInSegment"": 33, ""endIndexInSegment"": 124, ""value"": ""Browser/device privacy controls""}, ""Choice Scope"": {""selectedText"": ""Not selected"", ""startIndexInSegment"": -1, ""endIndexInSegment"": -1, ""value"": ""Unspecified""}, ""User Type"": {""selectedText"": ""Not selected"", ""startIndexInSegment"": -1, ""endIndexInSegment"": -1, ""value"": ""Unspecified""}, ""Purpose"": {""selectedText"": ""Not selected"", ""startIndexInSegment"": -1, ""endIndexInSegment"": -1, ""value"": ""Unspecified""}, ""Personal Information Type"": {""selectedText"": ""cookies"", ""startIndexInSegment"": 25, ""endIndexInSegment"": 32, ""value"": ""Cookies and tracking elements""}}",Not specified,http://www.sci-news.com/privacy-policy.html
20598,test_category_labeling_highlight_fordham_ccccc,117,3905,8,User Choice/Control,"{""Choice Type"": {""selectedText"": ""setting on your browser which allows you to refuse the setting of cookies"", ""startIndexInSegment"": 51, ""endIndexInSegment"": 124, ""value"": ""Browser/device privacy controls""}, ""Choice Scope"": {""selectedText"": ""Not selected"", ""startIndexInSegment"": -1, ""endIndexInSegment"": -1, ""value"": ""Unspecified""}, ""User Type"": {""selectedText"": ""null"", ""startIndexInSegment"": -1, ""endIndexInSegment"": -1, ""value"": ""not-selected""}, ""Purpose"": {""selectedText"": ""Not selected"", ""startIndexInSegment"": -1, ""endIndexInSegment"": -1, ""value"": ""Unspecified""}, ""Personal Information Type"": {""selectedText"": ""refuse to accept cookies"", ""startIndexInSegment"": 8, ""endIndexInSegment"": 32, ""value"": ""Cookies and tracking elements""}}",Not specified,http://www.sci-news.com/privacy-policy.html
20249,test_category_labeling_highlight_fordham_ddddd,118,3905,8,User Choice/Control,"{""Choice Type"": {""selectedText"": ""by activating the setting on your browser which allows you to refuse the setting of cookies."", ""startIndexInSegment"": 33, ""endIndexInSegment"": 125, ""value"": ""Browser/device privacy controls""}, ""Choice Scope"": {""selectedText"": ""You may refuse to accept cookies"", ""startIndexInSegment"": 0, ""endIndexInSegment"": 32, ""value"": ""First party collection""}, ""User Type"": {""selectedText"": ""Not selected"", ""startIndexInSegment"": -1, ""endIndexInSegment"": -1, ""value"": ""Unspecified""}, ""Purpose"": {""selectedText"": ""However, if you select this setting you may be unable to access certain parts of the site."", ""startIndexInSegment"": 126, ""endIndexInSegment"": 216, ""value"": ""Basic service/feature""}, ""Personal Information Type"": {""selectedText"": ""cookies"", ""startIndexInSegment"": 25, ""endIndexInSegment"": 32, ""value"": ""Cookies and tracking elements""}}",Not specified,http://www.sci-news.com/privacy-policy.html
20250,test_category_labeling_highlight_fordham_ddddd,118,3905,8,User Choice/Control,"{""Choice Type"": {""selectedText"": ""by activating the setting on your browser which allows you to refuse the setting of cookies."", ""startIndexInSegment"": 33, ""endIndexInSegment"": 125, ""value"": ""Browser/device privacy controls""}, ""Choice Scope"": {""selectedText"": ""You may refuse to accept cookies"", ""startIndexInSegment"": 0, ""endIndexInSegment"": 32, ""value"": ""Third party sharing/collection""}, ""User Type"": {""selectedText"": ""Not selected"", ""startIndexInSegment"": -1, ""endIndexInSegment"": -1, ""value"": ""Unspecified""}, ""Purpose"": {""selectedText"": ""However, if you select this setting you may be unable to access certain parts of the site."", ""startIndexInSegment"": 126, ""endIndexInSegment"": 216, ""value"": ""Basic service/feature""}, ""Personal Information Type"": {""selectedText"": ""cookies"", ""startIndexInSegment"": 25, ""endIndexInSegment"": 32, ""value"": ""Cookies and tracking elements""}}",Not specified,http://www.sci-news.com/privacy-policy.html
20337,test_category_labeling_highlight_fordham_aaaaa,121,3905,9,Third Party Sharing/Collection,"{""Third Party Entity"": {""selectedText"": ""to third parties"", ""startIndexInSegment"": 109, ""endIndexInSegment"": 125, ""value"": ""Unnamed third party""}, ""Choice Scope"": {""selectedText"": ""If we choose to do so in the future,"", ""startIndexInSegment"": 127, ""endIndexInSegment"": 163, ""value"": ""Both""}, ""Purpose"": {""selectedText"": ""Not selected"", ""startIndexInSegment"": -1, ""endIndexInSegment"": -1, ""value"": ""Unspecified""}, ""Personal Information Type"": {""selectedText"": ""personal information"", ""startIndexInSegment"": 88, ""endIndexInSegment"": 108, ""value"": ""Generic personal information""}, ""Choice Type"": {""selectedText"": ""If we choose to do so in the future, you will be notified by email of our intentions, and have the right to be removed prior to the disclosure."", ""startIndexInSegment"": 127, ""endIndexInSegment"": 270, ""value"": ""Other""}, ""Identifiability"": {""selectedText"": ""Not selected"", ""startIndexInSegment"": -1, ""endIndexInSegment"": -1, ""value"": ""Unspecified""}, ""Does/Does Not"": {""selectedText"": ""does not"", ""startIndexInSegment"": 54, ""endIndexInSegment"": 62, ""value"": ""Does Not""}, ""User Type"": {""selectedText"": ""null"", ""startIndexInSegment"": -1, ""endIndexInSegment"": -1, ""value"": ""not-selected""}, ""Action Third Party"": {""selectedText"": ""sell, trade or rent"", ""startIndexInSegment"": 63, ""endIndexInSegment"": 82, ""value"": ""Receive/Shared with""}}",Not specified,http://www.sci-news.com/privacy-policy.html
20599,test_category_labeling_highlight_fordham_ccccc,117,3905,9,Third Party Sharing/Collection,"{""Third Party Entity"": {""selectedText"": ""third parties"", ""startIndexInSegment"": 112, ""endIndexInSegment"": 125, ""value"": ""Unnamed third party""}, ""Choice Scope"": {""selectedText"": ""null"", ""startIndexInSegment"": -1, ""endIndexInSegment"": -1, ""value"": ""not-selected""}, ""Purpose"": {""selectedText"": ""Not selected"", ""startIndexInSegment"": -1, ""endIndexInSegment"": -1, ""value"": ""Unspecified""}, ""Personal Information Type"": {""selectedText"": ""your personal information"", ""startIndexInSegment"": 83, ""endIndexInSegment"": 108, ""value"": ""Generic personal information""}, ""Choice Type"": {""selectedText"": ""null"", ""startIndexInSegment"": -1, ""endIndexInSegment"": -1, ""value"": ""not-selected""}, ""Identifiability"": {""selectedText"": ""null"", ""startIndexInSegment"": -1, ""endIndexInSegment"": -1, ""value"": ""not-selected""}, ""Does/Does Not"": {""selectedText"": ""does not"", ""startIndexInSegment"": 54, ""endIndexInSegment"": 62, ""value"": ""Does Not""}, ""User Type"": {""selectedText"": ""null"", ""startIndexInSegment"": -1, ""endIndexInSegment"": -1, ""value"": ""not-selected""}, ""Action Third Party"": {""selectedText"": ""sell, trade or rent"", ""startIndexInSegment"": 63, ""endIndexInSegment"": 82, ""value"": ""Receive/Shared with""}}",Not specified,http://www.sci-news.com/privacy-policy.html
20251,test_category_labeling_highlight_fordham_ddddd,118,3905,9,Third Party Sharing/Collection,"{""Third Party Entity"": {""selectedText"": ""to third parties."", ""startIndexInSegment"": 109, ""endIndexInSegment"": 126, ""value"": ""Unnamed third party""}, ""Choice Scope"": {""selectedText"": ""Not selected"", ""startIndexInSegment"": -1, ""endIndexInSegment"": -1, ""value"": ""Unspecified""}, ""Purpose"": {""selectedText"": ""Not selected"", ""startIndexInSegment"": -1, ""endIndexInSegment"": -1, ""value"": ""Unspecified""}, ""Personal Information Type"": {""selectedText"": ""your personal information"", ""startIndexInSegment"": 83, ""endIndexInSegment"": 108, ""value"": ""Generic personal information""}, ""Choice Type"": {""selectedText"": ""Not selected"", ""startIndexInSegment"": -1, ""endIndexInSegment"": -1, ""value"": ""Unspecified""}, ""Identifiability"": {""selectedText"": ""Not selected"", ""startIndexInSegment"": -1, ""endIndexInSegment"": -1, ""value"": ""Unspecified""}, ""Does/Does Not"": {""selectedText"": ""Sci-News.com does not"", ""startIndexInSegment"": 41, ""endIndexInSegment"": 62, ""value"": ""Does Not""}, ""User Type"": {""selectedText"": ""Not selected"", ""startIndexInSegment"": -1, ""endIndexInSegment"": -1, ""value"": ""Unspecified""}, ""Action Third Party"": {""selectedText"": ""sell, trade or rent"", ""startIndexInSegment"": 63, ""endIndexInSegment"": 82, ""value"": ""Receive/Shared with""}}",Not specified,http://www.sci-news.com/privacy-policy.html
20252,test_category_labeling_highlight_fordham_ddddd,118,3905,9,Policy Change,"{""Change Type"": {""selectedText"": ""Sci-News.com does not sell, trade or rent your personal information to third parties. If we choose to do so in the future,"", ""startIndexInSegment"": 41, ""endIndexInSegment"": 163, ""value"": ""Privacy relevant change""}, ""User Choice"": {""selectedText"": ""and have the right to be removed prior to the disclosure."", ""startIndexInSegment"": 213, ""endIndexInSegment"": 270, ""value"": ""Opt-out""}, ""Notification Type"": {""selectedText"": ""you will be notified by email of our intentions,"", ""startIndexInSegment"": 164, ""endIndexInSegment"": 212, ""value"": ""Personal notice""}}",Not specified,http://www.sci-news.com/privacy-policy.html
C1339,test_category_labeling_highlight_fordham_ccccc,117,3905,10,Other,"{""Other Type"": {""selectedText"": ""By using Sci-News.com, you consent to the collection and use, in accordance with this policy, of the information you provide to us."", ""startIndexInSegment"": 34, ""endIndexInSegment"": 165, ""value"": ""Introductory/Generic""}}",Not specified,http://www.sci-news.com/privacy-policy.html
20338,test_category_labeling_highlight_fordham_aaaaa,121,3905,10,User Choice/Control,"{""Choice Type"": {""selectedText"": ""By using Sci-News.com"", ""startIndexInSegment"": 34, ""endIndexInSegment"": 55, ""value"": ""Dont use service/feature""}, ""Choice Scope"": {""selectedText"": ""the collection"", ""startIndexInSegment"": 72, ""endIndexInSegment"": 86, ""value"": ""First party collection""}, ""User Type"": {""selectedText"": ""Not selected"", ""startIndexInSegment"": -1, ""endIndexInSegment"": -1, ""value"": ""Unspecified""}, ""Purpose"": {""selectedText"": ""Not selected"", ""startIndexInSegment"": -1, ""endIndexInSegment"": -1, ""value"": ""Unspecified""}, ""Personal Information Type"": {""selectedText"": ""the information you provide to us"", ""startIndexInSegment"": 131, ""endIndexInSegment"": 164, ""value"": ""Generic personal information""}}",Not specified,http://www.sci-news.com/privacy-policy.html
20339,test_category_labeling_highlight_fordham_aaaaa,121,3905,10,User Choice/Control,"{""Choice Type"": {""selectedText"": ""By using Sci-News.com"", ""startIndexInSegment"": 34, ""endIndexInSegment"": 55, ""value"": ""Dont use service/feature""}, ""Choice Scope"": {""selectedText"": ""use"", ""startIndexInSegment"": 91, ""endIndexInSegment"": 94, ""value"": ""First party use""}, ""User Type"": {""selectedText"": ""Not selected"", ""startIndexInSegment"": -1, ""endIndexInSegment"": -1, ""value"": ""Unspecified""}, ""Purpose"": {""selectedText"": ""Not selected"", ""startIndexInSegment"": -1, ""endIndexInSegment"": -1, ""value"": ""Unspecified""}, ""Personal Information Type"": {""selectedText"": ""the information you provide to us"", ""startIndexInSegment"": 131, ""endIndexInSegment"": 164, ""value"": ""Generic personal information""}}",Not specified,http://www.sci-news.com/privacy-policy.html
20340,test_category_labeling_highlight_fordham_aaaaa,121,3905,11,"User Access, Edit and Deletion","{""Access Type"": {""selectedText"": ""We will remove you and your personally identifiable information from our records"", ""startIndexInSegment"": 0, ""endIndexInSegment"": 80, ""value"": ""Other""}, ""User Type"": {""selectedText"": ""null"", ""startIndexInSegment"": -1, ""endIndexInSegment"": -1, ""value"": ""not-selected""}, ""Access Scope"": {""selectedText"": ""personally identifiable information"", ""startIndexInSegment"": 28, ""endIndexInSegment"": 63, ""value"": ""Profile data""}}",Not specified,http://www.sci-news.com/privacy-policy.html
20341,test_category_labeling_highlight_fordham_aaaaa,121,3905,11,Other,"{""Other Type"": {""selectedText"": ""contact us with your request at privacy@sci-news.com."", ""startIndexInSegment"": 99, ""endIndexInSegment"": 152, ""value"": ""Privacy contact information""}}",Not specified,http://www.sci-news.com/privacy-policy.html
20601,test_category_labeling_highlight_fordham_ccccc,117,3905,11,"User Access, Edit and Deletion","{""Access Type"": {""selectedText"": ""We will remove you and your personally identifiable information"", ""startIndexInSegment"": 0, ""endIndexInSegment"": 63, ""value"": ""Delete account (full)""}, ""User Type"": {""selectedText"": ""null"", ""startIndexInSegment"": -1, ""endIndexInSegment"": -1, ""value"": ""not-selected""}, ""Access Scope"": {""selectedText"": ""Not selected"", ""startIndexInSegment"": -1, ""endIndexInSegment"": -1, ""value"": ""Unspecified""}}",Not specified,http://www.sci-news.com/privacy-policy.html
20254,test_category_labeling_highlight_fordham_ddddd,118,3905,11,Other,"{""Other Type"": {""selectedText"": ""privacy@sci-news.com."", ""startIndexInSegment"": 131, ""endIndexInSegment"": 152, ""value"": ""Privacy contact information""}}",Not specified,http://www.sci-news.com/privacy-policy.html
20255,test_category_labeling_highlight_fordham_ddddd,118,3905,11,User Choice/Control,"{""Choice Type"": {""selectedText"": ""on request if you contact us with your request at privacy@sci-news.com."", ""startIndexInSegment"": 81, ""endIndexInSegment"": 152, ""value"": ""Opt-out via contacting company""}, ""Choice Scope"": {""selectedText"": ""you and your personally identifiable information from our records"", ""startIndexInSegment"": 15, ""endIndexInSegment"": 80, ""value"": ""First party collection""}, ""User Type"": {""selectedText"": ""We will remove you and your personally identifiable information from our records"", ""startIndexInSegment"": 0, ""endIndexInSegment"": 80, ""value"": ""User with account""}, ""Purpose"": {""selectedText"": ""Not selected"", ""startIndexInSegment"": -1, ""endIndexInSegment"": -1, ""value"": ""Unspecified""}, ""Personal Information Type"": {""selectedText"": ""personally identifiable information"", ""startIndexInSegment"": 28, ""endIndexInSegment"": 63, ""value"": ""Generic personal information""}}",Not specified,http://www.sci-news.com/privacy-policy.html
20342,test_category_labeling_highlight_fordham_aaaaa,121,3905,12,Other,"{""Other Type"": {""selectedText"": ""Contact Us If you have any inquiries about this Privacy Policy or its implementation, you may contact us at privacy@sci-news.com."", ""startIndexInSegment"": 0, ""endIndexInSegment"": 139, ""value"": ""Privacy contact information""}}",Not specified,http://www.sci-news.com/privacy-policy.html
20602,test_category_labeling_highlight_fordham_ccccc,117,3905,12,Other,"{""Other Type"": {""selectedText"": ""If you have any inquiries about this Privacy Policy or its implementation, you may contact us at privacy@sci-news.com."", ""startIndexInSegment"": 21, ""endIndexInSegment"": 139, ""value"": ""Privacy contact information""}}",Not specified,http://www.sci-news.com/privacy-policy.html
20256,test_category_labeling_highlight_fordham_ddddd,118,3905,12,Other,"{""Other Type"": {""selectedText"": ""privacy@sci-news.com."", ""startIndexInSegment"": 118, ""endIndexInSegment"": 139, ""value"": ""Privacy contact information""}}",Not specified,http://www.sci-news.com/privacy-policy.html
