C1263,test_category_labeling_highlight_fordham_ddddd,118,3738,0,Other,"{""Other Type"": {""selectedText"": ""Privacy"", ""startIndexInSegment"": 0, ""endIndexInSegment"": 7, ""value"": ""Introductory/Generic""}}",7/31/10,http://www.restaurantnews.com/privacy-policy/
C1264,test_category_labeling_highlight_fordham_ddddd,118,3738,1,Other,"{""Other Type"": {""selectedText"": ""Your privacy is important to us. To better protect your privacy we provide this notice explaining our online information practices and the choices you can make about the way your information is collected and used. To make this notice easy to find, we make it available on our homepage and at every point where personally identifiable information may be requested."", ""startIndexInSegment"": 23, ""endIndexInSegment"": 386, ""value"": ""Introductory/Generic""}}",7/31/10,http://www.restaurantnews.com/privacy-policy/
14957,test_category_labeling_highlight_upitt,95,3738,1,Other,"{""Other Type"": {""endIndexInSegment"": 386, ""startIndexInSegment"": 0, ""selectedText"": ""Your Privacy Your privacy is important to us. To better protect your privacy we provide this notice explaining our online information practices and the choices you can make about the way your information is collected and used. To make this notice easy to find, we make it available on our homepage and at every point where personally identifiable information may be requested."", ""value"": ""Introductory/Generic""}}",7/31/10,http://www.restaurantnews.com/privacy-policy/
13744,test_category_labeling_highlight_upitt,103,3738,2,Third Party Sharing/Collection,"{""Third Party Entity"": {""endIndexInSegment"": 102, ""startIndexInSegment"": 57, ""selectedText"": ""Google, as a third party advertisement vendor"", ""value"": ""Named third party""}, ""Choice Scope"": {""endIndexInSegment"": -1, ""startIndexInSegment"": -1, ""value"": ""not-selected""}, ""Purpose"": {""endIndexInSegment"": 306, ""startIndexInSegment"": 117, ""selectedText"": ""to serve ads on this site. The use of DART cookies by Google enables them to serve adverts to visitors that are based on their visits to this website as well as other sites on the internet."", ""value"": ""Advertising""}, ""Personal Information Type"": {""endIndexInSegment"": 167, ""startIndexInSegment"": 104, ""selectedText"": ""uses cookies to serve ads on this site. The use of DART cookies"", ""value"": ""Cookies and tracking elements""}, ""Choice Type"": {""endIndexInSegment"": -1, ""startIndexInSegment"": -1, ""value"": ""not-selected""}, ""Identifiability"": {""endIndexInSegment"": -1, ""startIndexInSegment"": -1, ""value"": ""not-selected""}, ""Does/Does Not"": {""endIndexInSegment"": -1, ""startIndexInSegment"": -1, ""value"": ""Does""}, ""User Type"": {""endIndexInSegment"": 219, ""startIndexInSegment"": 211, ""selectedText"": ""visitors"", ""value"": ""Other""}, ""Action Third Party"": {""endIndexInSegment"": 306, ""startIndexInSegment"": 57, ""selectedText"": ""Google, as a third party advertisement vendor, uses cookies to serve ads on this site. The use of DART cookies by Google enables them to serve adverts to visitors that are based on their visits to this website as well as other sites on the internet."", ""value"": ""Track on first party website/app""}}",7/31/10,http://www.restaurantnews.com/privacy-policy/
14958,test_category_labeling_highlight_upitt,95,3738,2,Third Party Sharing/Collection,"{""Third Party Entity"": {""endIndexInSegment"": 14, ""startIndexInSegment"": 0, ""selectedText"": ""Google Adsense"", ""value"": ""Named third party""}, ""Choice Scope"": {""endIndexInSegment"": -1, ""startIndexInSegment"": -1, ""value"": ""Unspecified""}, ""Purpose"": {""endIndexInSegment"": 129, ""startIndexInSegment"": 126, ""selectedText"": ""ads"", ""value"": ""Advertising""}, ""Personal Information Type"": {""endIndexInSegment"": 306, ""startIndexInSegment"": 244, ""selectedText"": ""visits to this website as well as other sites on the internet."", ""value"": ""User online activities""}, ""Choice Type"": {""endIndexInSegment"": -1, ""startIndexInSegment"": -1, ""value"": ""Unspecified""}, ""Identifiability"": {""endIndexInSegment"": -1, ""startIndexInSegment"": -1, ""value"": ""Unspecified""}, ""Does/Does Not"": {""endIndexInSegment"": 116, ""startIndexInSegment"": 104, ""selectedText"": ""uses cookies"", ""value"": ""Does""}, ""User Type"": {""endIndexInSegment"": -1, ""startIndexInSegment"": -1, ""value"": ""Unspecified""}, ""Action Third Party"": {""endIndexInSegment"": 142, ""startIndexInSegment"": 104, ""selectedText"": ""uses cookies to serve ads on this site"", ""value"": ""Collect on first party website/app""}}",7/31/10,http://www.restaurantnews.com/privacy-policy/
24594,test_category_labeling_highlight_fordham_ddddd,118,3738,2,Third Party Sharing/Collection,"{""Third Party Entity"": {""selectedText"": ""Google, as a third party advertisement vendor,"", ""startIndexInSegment"": 57, ""endIndexInSegment"": 103, ""value"": ""Named third party""}, ""Choice Scope"": {""selectedText"": ""Not selected"", ""startIndexInSegment"": -1, ""endIndexInSegment"": -1, ""value"": ""Unspecified""}, ""Purpose"": {""selectedText"": ""to serve ads on this site. The use of DART cookies by Google enables them to serve adverts"", ""startIndexInSegment"": 117, ""endIndexInSegment"": 207, ""value"": ""Advertising""}, ""Personal Information Type"": {""selectedText"": ""cookies"", ""startIndexInSegment"": 109, ""endIndexInSegment"": 116, ""value"": ""Cookies and tracking elements""}, ""Choice Type"": {""selectedText"": ""Not selected"", ""startIndexInSegment"": -1, ""endIndexInSegment"": -1, ""value"": ""Unspecified""}, ""Identifiability"": {""selectedText"": ""Not selected"", ""startIndexInSegment"": -1, ""endIndexInSegment"": -1, ""value"": ""Unspecified""}, ""Does/Does Not"": {""selectedText"": ""uses"", ""startIndexInSegment"": 104, ""endIndexInSegment"": 108, ""value"": ""Does""}, ""User Type"": {""selectedText"": ""to visitors"", ""startIndexInSegment"": 208, ""endIndexInSegment"": 219, ""value"": ""User without account""}, ""Action Third Party"": {""selectedText"": ""that are based on their visits to this website"", ""startIndexInSegment"": 220, ""endIndexInSegment"": 266, ""value"": ""Track on first party website/app""}}",7/31/10,http://www.restaurantnews.com/privacy-policy/
24595,test_category_labeling_highlight_fordham_ddddd,118,3738,2,Third Party Sharing/Collection,"{""Third Party Entity"": {""selectedText"": ""Google, as a third party advertisement vendor,"", ""startIndexInSegment"": 57, ""endIndexInSegment"": 103, ""value"": ""Named third party""}, ""Choice Scope"": {""selectedText"": ""Not selected"", ""startIndexInSegment"": -1, ""endIndexInSegment"": -1, ""value"": ""Unspecified""}, ""Purpose"": {""selectedText"": ""to serve ads on this site. The use of DART cookies by Google enables them to serve adverts"", ""startIndexInSegment"": 117, ""endIndexInSegment"": 207, ""value"": ""Advertising""}, ""Personal Information Type"": {""selectedText"": ""cookies"", ""startIndexInSegment"": 109, ""endIndexInSegment"": 116, ""value"": ""Cookies and tracking elements""}, ""Choice Type"": {""selectedText"": ""Not selected"", ""startIndexInSegment"": -1, ""endIndexInSegment"": -1, ""value"": ""Unspecified""}, ""Identifiability"": {""selectedText"": ""Not selected"", ""startIndexInSegment"": -1, ""endIndexInSegment"": -1, ""value"": ""Unspecified""}, ""Does/Does Not"": {""selectedText"": ""uses"", ""startIndexInSegment"": 104, ""endIndexInSegment"": 108, ""value"": ""Does""}, ""User Type"": {""selectedText"": ""to visitors"", ""startIndexInSegment"": 208, ""endIndexInSegment"": 219, ""value"": ""User without account""}, ""Action Third Party"": {""selectedText"": ""other sites on the internet."", ""startIndexInSegment"": 278, ""endIndexInSegment"": 306, ""value"": ""Other""}}",7/31/10,http://www.restaurantnews.com/privacy-policy/
24596,test_category_labeling_highlight_fordham_ddddd,118,3738,2,Third Party Sharing/Collection,"{""Third Party Entity"": {""selectedText"": ""Google, as a third party advertisement vendor,"", ""startIndexInSegment"": 57, ""endIndexInSegment"": 103, ""value"": ""Named third party""}, ""Choice Scope"": {""selectedText"": ""Not selected"", ""startIndexInSegment"": -1, ""endIndexInSegment"": -1, ""value"": ""Unspecified""}, ""Purpose"": {""selectedText"": ""to serve ads on this site. The use of DART cookies by Google enables them to serve adverts"", ""startIndexInSegment"": 117, ""endIndexInSegment"": 207, ""value"": ""Advertising""}, ""Personal Information Type"": {""selectedText"": ""their visits to this website as well as other sites"", ""startIndexInSegment"": 238, ""endIndexInSegment"": 289, ""value"": ""User online activities""}, ""Choice Type"": {""selectedText"": ""Not selected"", ""startIndexInSegment"": -1, ""endIndexInSegment"": -1, ""value"": ""Unspecified""}, ""Identifiability"": {""selectedText"": ""Not selected"", ""startIndexInSegment"": -1, ""endIndexInSegment"": -1, ""value"": ""Unspecified""}, ""Does/Does Not"": {""selectedText"": ""uses"", ""startIndexInSegment"": 104, ""endIndexInSegment"": 108, ""value"": ""Does""}, ""User Type"": {""selectedText"": ""to visitors"", ""startIndexInSegment"": 208, ""endIndexInSegment"": 219, ""value"": ""User without account""}, ""Action Third Party"": {""selectedText"": ""that are based on their visits to this website"", ""startIndexInSegment"": 220, ""endIndexInSegment"": 266, ""value"": ""Track on first party website/app""}}",7/31/10,http://www.restaurantnews.com/privacy-policy/
24597,test_category_labeling_highlight_fordham_ddddd,118,3738,2,Third Party Sharing/Collection,"{""Third Party Entity"": {""selectedText"": ""Google, as a third party advertisement vendor,"", ""startIndexInSegment"": 57, ""endIndexInSegment"": 103, ""value"": ""Named third party""}, ""Choice Scope"": {""selectedText"": ""Not selected"", ""startIndexInSegment"": -1, ""endIndexInSegment"": -1, ""value"": ""Unspecified""}, ""Purpose"": {""selectedText"": ""to serve ads on this site. The use of DART cookies by Google enables them to serve adverts"", ""startIndexInSegment"": 117, ""endIndexInSegment"": 207, ""value"": ""Advertising""}, ""Personal Information Type"": {""selectedText"": ""their visits to this website as well as other sites"", ""startIndexInSegment"": 238, ""endIndexInSegment"": 289, ""value"": ""User online activities""}, ""Choice Type"": {""selectedText"": ""Not selected"", ""startIndexInSegment"": -1, ""endIndexInSegment"": -1, ""value"": ""Unspecified""}, ""Identifiability"": {""selectedText"": ""Not selected"", ""startIndexInSegment"": -1, ""endIndexInSegment"": -1, ""value"": ""Unspecified""}, ""Does/Does Not"": {""selectedText"": ""uses"", ""startIndexInSegment"": 104, ""endIndexInSegment"": 108, ""value"": ""Does""}, ""User Type"": {""selectedText"": ""to visitors"", ""startIndexInSegment"": 208, ""endIndexInSegment"": 219, ""value"": ""User without account""}, ""Action Third Party"": {""selectedText"": ""other sites on the internet."", ""startIndexInSegment"": 278, ""endIndexInSegment"": 306, ""value"": ""Other""}}",7/31/10,http://www.restaurantnews.com/privacy-policy/
13745,test_category_labeling_highlight_upitt,103,3738,3,User Choice/Control,"{""Choice Type"": {""endIndexInSegment"": 252, ""startIndexInSegment"": 0, ""selectedText"": ""To opt out of the DART cookies you may visit the Google ad and content network privacy policy at the following url http://www.google.com/privacy_ads.html Tracking of users through the DART cookie mechanisms are subject to Google's own privacy policies."", ""value"": ""Third-party privacy controls""}, ""Choice Scope"": {""endIndexInSegment"": 30, ""startIndexInSegment"": 0, ""selectedText"": ""To opt out of the DART cookies"", ""value"": ""Third party sharing/collection""}, ""User Type"": {""endIndexInSegment"": -1, ""startIndexInSegment"": -1, ""value"": ""not-selected""}, ""Purpose"": {""endIndexInSegment"": 58, ""startIndexInSegment"": 49, ""selectedText"": ""Google ad"", ""value"": ""Advertising""}, ""Personal Information Type"": {""endIndexInSegment"": 30, ""startIndexInSegment"": 18, ""selectedText"": ""DART cookies"", ""value"": ""Cookies and tracking elements""}}",7/31/10,http://www.restaurantnews.com/privacy-policy/
14959,test_category_labeling_highlight_upitt,95,3738,3,User Choice/Control,"{""Choice Type"": {""endIndexInSegment"": 153, ""startIndexInSegment"": 0, ""selectedText"": ""To opt out of the DART cookies you may visit the Google ad and content network privacy policy at the following url http://www.google.com/privacy_ads.html"", ""value"": ""Opt-out link""}, ""Choice Scope"": {""endIndexInSegment"": 30, ""startIndexInSegment"": 3, ""selectedText"": ""opt out of the DART cookies"", ""value"": ""Third party sharing/collection""}, ""User Type"": {""endIndexInSegment"": -1, ""startIndexInSegment"": -1, ""value"": ""Unspecified""}, ""Purpose"": {""endIndexInSegment"": 58, ""startIndexInSegment"": 56, ""selectedText"": ""ad"", ""value"": ""Advertising""}, ""Personal Information Type"": {""endIndexInSegment"": -1, ""startIndexInSegment"": -1, ""value"": ""Unspecified""}}",7/31/10,http://www.restaurantnews.com/privacy-policy/
24598,test_category_labeling_highlight_fordham_ddddd,118,3738,3,User Choice/Control,"{""Choice Type"": {""selectedText"": ""To opt out of the DART cookies you may visit the Google ad and content network privacy policy at the following url http://www.google.com/privacy_ads.html"", ""startIndexInSegment"": 0, ""endIndexInSegment"": 153, ""value"": ""Opt-out link""}, ""Choice Scope"": {""selectedText"": ""To opt out of the DART cookies you may visit the Google ad and content network"", ""startIndexInSegment"": 0, ""endIndexInSegment"": 78, ""value"": ""Third party sharing/collection""}, ""User Type"": {""selectedText"": ""Not selected"", ""startIndexInSegment"": -1, ""endIndexInSegment"": -1, ""value"": ""Unspecified""}, ""Purpose"": {""selectedText"": ""ad"", ""startIndexInSegment"": 56, ""endIndexInSegment"": 58, ""value"": ""Advertising""}, ""Personal Information Type"": {""selectedText"": ""DART cookies"", ""startIndexInSegment"": 18, ""endIndexInSegment"": 30, ""value"": ""Cookies and tracking elements""}}",7/31/10,http://www.restaurantnews.com/privacy-policy/
24599,test_category_labeling_highlight_fordham_ddddd,118,3738,3,Other,"{""Other Type"": {""selectedText"": ""Tracking of users through the DART cookie mechanisms are subject to Google's own privacy policies."", ""startIndexInSegment"": 154, ""endIndexInSegment"": 252, ""value"": ""Practice not covered""}}",7/31/10,http://www.restaurantnews.com/privacy-policy/
13746,test_category_labeling_highlight_upitt,103,3738,4,Third Party Sharing/Collection,"{""Third Party Entity"": {""endIndexInSegment"": 43, ""startIndexInSegment"": 0, ""selectedText"": ""Other Third Party ad servers or ad networks"", ""value"": ""Named third party""}, ""Choice Scope"": {""endIndexInSegment"": -1, ""startIndexInSegment"": -1, ""value"": ""Unspecified""}, ""Purpose"": {""endIndexInSegment"": 215, ""startIndexInSegment"": 107, ""selectedText"": ""to measure advertisement effectiveness and other reasons that will be provided in their own privacy policies"", ""value"": ""Analytics/Research""}, ""Personal Information Type"": {""endIndexInSegment"": 64, ""startIndexInSegment"": 57, ""selectedText"": ""cookies"", ""value"": ""Cookies and tracking elements""}, ""Choice Type"": {""endIndexInSegment"": 324, ""startIndexInSegment"": 186, ""selectedText"": ""in their own privacy policies, RestaurantNews.com has no access or control over these cookies that may be used by third party advertisers."", ""value"": ""Unspecified""}, ""Identifiability"": {""endIndexInSegment"": -1, ""startIndexInSegment"": -1, ""value"": ""not-selected""}, ""Does/Does Not"": {""endIndexInSegment"": -1, ""startIndexInSegment"": -1, ""value"": ""Does""}, ""User Type"": {""endIndexInSegment"": -1, ""startIndexInSegment"": -1, ""value"": ""not-selected""}, ""Action Third Party"": {""endIndexInSegment"": 106, ""startIndexInSegment"": 44, ""selectedText"": ""may also use cookies to track users activities on this website"", ""value"": ""Track on first party website/app""}}",7/31/10,http://www.restaurantnews.com/privacy-policy/
13747,test_category_labeling_highlight_upitt,103,3738,4,Third Party Sharing/Collection,"{""Third Party Entity"": {""endIndexInSegment"": 43, ""startIndexInSegment"": 0, ""selectedText"": ""Other Third Party ad servers or ad networks"", ""value"": ""Named third party""}, ""Choice Scope"": {""endIndexInSegment"": -1, ""startIndexInSegment"": -1, ""value"": ""Unspecified""}, ""Purpose"": {""endIndexInSegment"": 216, ""startIndexInSegment"": 107, ""selectedText"": ""to measure advertisement effectiveness and other reasons that will be provided in their own privacy policies,"", ""value"": ""Advertising""}, ""Personal Information Type"": {""endIndexInSegment"": 64, ""startIndexInSegment"": 57, ""selectedText"": ""cookies"", ""value"": ""Cookies and tracking elements""}, ""Choice Type"": {""endIndexInSegment"": 324, ""startIndexInSegment"": 186, ""selectedText"": ""in their own privacy policies, RestaurantNews.com has no access or control over these cookies that may be used by third party advertisers."", ""value"": ""Unspecified""}, ""Identifiability"": {""endIndexInSegment"": -1, ""startIndexInSegment"": -1, ""value"": ""not-selected""}, ""Does/Does Not"": {""endIndexInSegment"": -1, ""startIndexInSegment"": -1, ""value"": ""Does""}, ""User Type"": {""endIndexInSegment"": -1, ""startIndexInSegment"": -1, ""value"": ""not-selected""}, ""Action Third Party"": {""endIndexInSegment"": 106, ""startIndexInSegment"": 44, ""selectedText"": ""may also use cookies to track users activities on this website"", ""value"": ""Track on first party website/app""}}",7/31/10,http://www.restaurantnews.com/privacy-policy/
14960,test_category_labeling_highlight_upitt,95,3738,4,Third Party Sharing/Collection,"{""Third Party Entity"": {""endIndexInSegment"": 43, ""startIndexInSegment"": 0, ""selectedText"": ""Other Third Party ad servers or ad networks"", ""value"": ""Unnamed third party""}, ""Choice Scope"": {""endIndexInSegment"": -1, ""startIndexInSegment"": -1, ""value"": ""Unspecified""}, ""Purpose"": {""endIndexInSegment"": 145, ""startIndexInSegment"": 110, ""selectedText"": ""measure advertisement effectiveness"", ""value"": ""Advertising""}, ""Personal Information Type"": {""endIndexInSegment"": 106, ""startIndexInSegment"": 74, ""selectedText"": ""users activities on this website"", ""value"": ""User online activities""}, ""Choice Type"": {""endIndexInSegment"": -1, ""startIndexInSegment"": -1, ""value"": ""Unspecified""}, ""Identifiability"": {""endIndexInSegment"": -1, ""startIndexInSegment"": -1, ""value"": ""Unspecified""}, ""Does/Does Not"": {""endIndexInSegment"": 64, ""startIndexInSegment"": 44, ""selectedText"": ""may also use cookies"", ""value"": ""Does""}, ""User Type"": {""endIndexInSegment"": -1, ""startIndexInSegment"": -1, ""value"": ""Unspecified""}, ""Action Third Party"": {""endIndexInSegment"": 106, ""startIndexInSegment"": 53, ""selectedText"": ""use cookies to track users activities on this website"", ""value"": ""Track on first party website/app""}}",7/31/10,http://www.restaurantnews.com/privacy-policy/
14961,test_category_labeling_highlight_upitt,95,3738,4,Third Party Sharing/Collection,"{""Third Party Entity"": {""endIndexInSegment"": 43, ""startIndexInSegment"": 0, ""selectedText"": ""Other Third Party ad servers or ad networks"", ""value"": ""Unnamed third party""}, ""Choice Scope"": {""endIndexInSegment"": -1, ""startIndexInSegment"": -1, ""value"": ""Unspecified""}, ""Purpose"": {""endIndexInSegment"": 163, ""startIndexInSegment"": 150, ""selectedText"": ""other reasons"", ""value"": ""Unspecified""}, ""Personal Information Type"": {""endIndexInSegment"": 106, ""startIndexInSegment"": 74, ""selectedText"": ""users activities on this website"", ""value"": ""User online activities""}, ""Choice Type"": {""endIndexInSegment"": -1, ""startIndexInSegment"": -1, ""value"": ""Unspecified""}, ""Identifiability"": {""endIndexInSegment"": -1, ""startIndexInSegment"": -1, ""value"": ""Unspecified""}, ""Does/Does Not"": {""endIndexInSegment"": 64, ""startIndexInSegment"": 44, ""selectedText"": ""may also use cookies"", ""value"": ""Does""}, ""User Type"": {""endIndexInSegment"": -1, ""startIndexInSegment"": -1, ""value"": ""Unspecified""}, ""Action Third Party"": {""endIndexInSegment"": 106, ""startIndexInSegment"": 53, ""selectedText"": ""use cookies to track users activities on this website"", ""value"": ""Track on first party website/app""}}",7/31/10,http://www.restaurantnews.com/privacy-policy/
24600,test_category_labeling_highlight_fordham_ddddd,118,3738,4,Third Party Sharing/Collection,"{""Third Party Entity"": {""selectedText"": ""Other Third Party ad servers or ad networks"", ""startIndexInSegment"": 0, ""endIndexInSegment"": 43, ""value"": ""Named third party""}, ""Choice Scope"": {""selectedText"": ""Not selected"", ""startIndexInSegment"": -1, ""endIndexInSegment"": -1, ""value"": ""Unspecified""}, ""Purpose"": {""selectedText"": ""to measure advertisement effectiveness"", ""startIndexInSegment"": 107, ""endIndexInSegment"": 145, ""value"": ""Analytics/Research""}, ""Personal Information Type"": {""selectedText"": ""cookies"", ""startIndexInSegment"": 57, ""endIndexInSegment"": 64, ""value"": ""Cookies and tracking elements""}, ""Choice Type"": {""selectedText"": ""Not selected"", ""startIndexInSegment"": -1, ""endIndexInSegment"": -1, ""value"": ""Unspecified""}, ""Identifiability"": {""selectedText"": ""Not selected"", ""startIndexInSegment"": -1, ""endIndexInSegment"": -1, ""value"": ""Unspecified""}, ""Does/Does Not"": {""selectedText"": ""null"", ""startIndexInSegment"": -1, ""endIndexInSegment"": -1, ""value"": ""Does""}, ""User Type"": {""selectedText"": ""users"", ""startIndexInSegment"": 74, ""endIndexInSegment"": 79, ""value"": ""Unspecified""}, ""Action Third Party"": {""selectedText"": ""may also use cookies to track users activities on this website"", ""startIndexInSegment"": 44, ""endIndexInSegment"": 106, ""value"": ""Track on first party website/app""}}",7/31/10,http://www.restaurantnews.com/privacy-policy/
24601,test_category_labeling_highlight_fordham_ddddd,118,3738,4,Third Party Sharing/Collection,"{""Third Party Entity"": {""selectedText"": ""Other Third Party ad servers or ad networks"", ""startIndexInSegment"": 0, ""endIndexInSegment"": 43, ""value"": ""Named third party""}, ""Choice Scope"": {""selectedText"": ""Not selected"", ""startIndexInSegment"": -1, ""endIndexInSegment"": -1, ""value"": ""Unspecified""}, ""Purpose"": {""selectedText"": ""other reasons that will be provided in their own privacy policies,"", ""startIndexInSegment"": 150, ""endIndexInSegment"": 216, ""value"": ""Unspecified""}, ""Personal Information Type"": {""selectedText"": ""cookies"", ""startIndexInSegment"": 57, ""endIndexInSegment"": 64, ""value"": ""Cookies and tracking elements""}, ""Choice Type"": {""selectedText"": ""Not selected"", ""startIndexInSegment"": -1, ""endIndexInSegment"": -1, ""value"": ""Unspecified""}, ""Identifiability"": {""selectedText"": ""Not selected"", ""startIndexInSegment"": -1, ""endIndexInSegment"": -1, ""value"": ""Unspecified""}, ""Does/Does Not"": {""selectedText"": ""null"", ""startIndexInSegment"": -1, ""endIndexInSegment"": -1, ""value"": ""Does""}, ""User Type"": {""selectedText"": ""users"", ""startIndexInSegment"": 74, ""endIndexInSegment"": 79, ""value"": ""Unspecified""}, ""Action Third Party"": {""selectedText"": ""may also use cookies to track users activities on this website"", ""startIndexInSegment"": 44, ""endIndexInSegment"": 106, ""value"": ""Track on first party website/app""}}",7/31/10,http://www.restaurantnews.com/privacy-policy/
24602,test_category_labeling_highlight_fordham_ddddd,118,3738,4,Third Party Sharing/Collection,"{""Third Party Entity"": {""selectedText"": ""Other Third Party ad servers or ad networks"", ""startIndexInSegment"": 0, ""endIndexInSegment"": 43, ""value"": ""Named third party""}, ""Choice Scope"": {""selectedText"": ""Not selected"", ""startIndexInSegment"": -1, ""endIndexInSegment"": -1, ""value"": ""Unspecified""}, ""Purpose"": {""selectedText"": ""to measure advertisement effectiveness"", ""startIndexInSegment"": 107, ""endIndexInSegment"": 145, ""value"": ""Analytics/Research""}, ""Personal Information Type"": {""selectedText"": ""users activities"", ""startIndexInSegment"": 74, ""endIndexInSegment"": 90, ""value"": ""User online activities""}, ""Choice Type"": {""selectedText"": ""Not selected"", ""startIndexInSegment"": -1, ""endIndexInSegment"": -1, ""value"": ""Unspecified""}, ""Identifiability"": {""selectedText"": ""Not selected"", ""startIndexInSegment"": -1, ""endIndexInSegment"": -1, ""value"": ""Unspecified""}, ""Does/Does Not"": {""selectedText"": ""null"", ""startIndexInSegment"": -1, ""endIndexInSegment"": -1, ""value"": ""Does""}, ""User Type"": {""selectedText"": ""users"", ""startIndexInSegment"": 74, ""endIndexInSegment"": 79, ""value"": ""Unspecified""}, ""Action Third Party"": {""selectedText"": ""may also use cookies to track users activities on this website"", ""startIndexInSegment"": 44, ""endIndexInSegment"": 106, ""value"": ""Track on first party website/app""}}",7/31/10,http://www.restaurantnews.com/privacy-policy/
24603,test_category_labeling_highlight_fordham_ddddd,118,3738,4,Third Party Sharing/Collection,"{""Third Party Entity"": {""selectedText"": ""Other Third Party ad servers or ad networks"", ""startIndexInSegment"": 0, ""endIndexInSegment"": 43, ""value"": ""Named third party""}, ""Choice Scope"": {""selectedText"": ""Not selected"", ""startIndexInSegment"": -1, ""endIndexInSegment"": -1, ""value"": ""Unspecified""}, ""Purpose"": {""selectedText"": ""other reasons that will be provided in their own privacy policies,"", ""startIndexInSegment"": 150, ""endIndexInSegment"": 216, ""value"": ""Unspecified""}, ""Personal Information Type"": {""selectedText"": ""users activities"", ""startIndexInSegment"": 74, ""endIndexInSegment"": 90, ""value"": ""User online activities""}, ""Choice Type"": {""selectedText"": ""Not selected"", ""startIndexInSegment"": -1, ""endIndexInSegment"": -1, ""value"": ""Unspecified""}, ""Identifiability"": {""selectedText"": ""Not selected"", ""startIndexInSegment"": -1, ""endIndexInSegment"": -1, ""value"": ""Unspecified""}, ""Does/Does Not"": {""selectedText"": ""null"", ""startIndexInSegment"": -1, ""endIndexInSegment"": -1, ""value"": ""Does""}, ""User Type"": {""selectedText"": ""users"", ""startIndexInSegment"": 74, ""endIndexInSegment"": 79, ""value"": ""Unspecified""}, ""Action Third Party"": {""selectedText"": ""may also use cookies to track users activities on this website"", ""startIndexInSegment"": 44, ""endIndexInSegment"": 106, ""value"": ""Track on first party website/app""}}",7/31/10,http://www.restaurantnews.com/privacy-policy/
24604,test_category_labeling_highlight_fordham_ddddd,118,3738,4,Third Party Sharing/Collection,"{""Third Party Entity"": {""selectedText"": ""Other Third Party ad servers or ad networks"", ""startIndexInSegment"": 0, ""endIndexInSegment"": 43, ""value"": ""Named third party""}, ""Choice Scope"": {""selectedText"": ""Not selected"", ""startIndexInSegment"": -1, ""endIndexInSegment"": -1, ""value"": ""Unspecified""}, ""Purpose"": {""selectedText"": ""advertisement"", ""startIndexInSegment"": 118, ""endIndexInSegment"": 131, ""value"": ""Advertising""}, ""Personal Information Type"": {""selectedText"": ""cookies"", ""startIndexInSegment"": 57, ""endIndexInSegment"": 64, ""value"": ""Cookies and tracking elements""}, ""Choice Type"": {""selectedText"": ""Not selected"", ""startIndexInSegment"": -1, ""endIndexInSegment"": -1, ""value"": ""Unspecified""}, ""Identifiability"": {""selectedText"": ""Not selected"", ""startIndexInSegment"": -1, ""endIndexInSegment"": -1, ""value"": ""Unspecified""}, ""Does/Does Not"": {""selectedText"": ""null"", ""startIndexInSegment"": -1, ""endIndexInSegment"": -1, ""value"": ""Does""}, ""User Type"": {""selectedText"": ""users"", ""startIndexInSegment"": 74, ""endIndexInSegment"": 79, ""value"": ""Unspecified""}, ""Action Third Party"": {""selectedText"": ""may also use cookies to track users activities on this website"", ""startIndexInSegment"": 44, ""endIndexInSegment"": 106, ""value"": ""Track on first party website/app""}}",7/31/10,http://www.restaurantnews.com/privacy-policy/
24605,test_category_labeling_highlight_fordham_ddddd,118,3738,4,Third Party Sharing/Collection,"{""Third Party Entity"": {""selectedText"": ""Other Third Party ad servers or ad networks"", ""startIndexInSegment"": 0, ""endIndexInSegment"": 43, ""value"": ""Named third party""}, ""Choice Scope"": {""selectedText"": ""Not selected"", ""startIndexInSegment"": -1, ""endIndexInSegment"": -1, ""value"": ""Unspecified""}, ""Purpose"": {""selectedText"": ""advertisement"", ""startIndexInSegment"": 118, ""endIndexInSegment"": 131, ""value"": ""Advertising""}, ""Personal Information Type"": {""selectedText"": ""users activities"", ""startIndexInSegment"": 74, ""endIndexInSegment"": 90, ""value"": ""User online activities""}, ""Choice Type"": {""selectedText"": ""Not selected"", ""startIndexInSegment"": -1, ""endIndexInSegment"": -1, ""value"": ""Unspecified""}, ""Identifiability"": {""selectedText"": ""Not selected"", ""startIndexInSegment"": -1, ""endIndexInSegment"": -1, ""value"": ""Unspecified""}, ""Does/Does Not"": {""selectedText"": ""null"", ""startIndexInSegment"": -1, ""endIndexInSegment"": -1, ""value"": ""Does""}, ""User Type"": {""selectedText"": ""users"", ""startIndexInSegment"": 74, ""endIndexInSegment"": 79, ""value"": ""Unspecified""}, ""Action Third Party"": {""selectedText"": ""may also use cookies to track users activities on this website"", ""startIndexInSegment"": 44, ""endIndexInSegment"": 106, ""value"": ""Track on first party website/app""}}",7/31/10,http://www.restaurantnews.com/privacy-policy/
24606,test_category_labeling_highlight_fordham_ddddd,118,3738,4,Other,"{""Other Type"": {""selectedText"": ""RestaurantNews.com has no access or control over these cookies that may be used by third party advertisers."", ""startIndexInSegment"": 217, ""endIndexInSegment"": 324, ""value"": ""Practice not covered""}}",7/31/10,http://www.restaurantnews.com/privacy-policy/
13748,test_category_labeling_highlight_upitt,103,3738,5,First Party Collection/Use,"{""Collection Mode"": {""endIndexInSegment"": -1, ""startIndexInSegment"": -1, ""value"": ""not-selected""}, ""Choice Scope"": {""endIndexInSegment"": -1, ""startIndexInSegment"": -1, ""value"": ""not-selected""}, ""Action First-Party"": {""endIndexInSegment"": 77, ""startIndexInSegment"": 45, ""selectedText"": ""When visiting RestaurantNews.com"", ""value"": ""Collect on website""}, ""Personal Information Type"": {""endIndexInSegment"": 174, ""startIndexInSegment"": 79, ""selectedText"": ""the IP address used to access the site will be logged along with the dates and times of access."", ""value"": ""IP address and device IDs""}, ""Choice Type"": {""endIndexInSegment"": -1, ""startIndexInSegment"": -1, ""value"": ""not-selected""}, ""Identifiability"": {""endIndexInSegment"": 425, ""startIndexInSegment"": 327, ""selectedText"": ""Most importantly, any recorded IP addresses are not linked to personally identifiable information."", ""value"": ""Other""}, ""Does/Does Not"": {""endIndexInSegment"": -1, ""startIndexInSegment"": -1, ""value"": ""Does""}, ""User Type"": {""endIndexInSegment"": -1, ""startIndexInSegment"": -1, ""value"": ""not-selected""}, ""Purpose"": {""endIndexInSegment"": 326, ""startIndexInSegment"": 176, ""selectedText"": ""his information is purely used to analyze trends, administer the site, track users movement and gather broad demographic information for internal use."", ""value"": ""Analytics/Research""}}",7/31/10,http://www.restaurantnews.com/privacy-policy/
14962,test_category_labeling_highlight_upitt,95,3738,5,First Party Collection/Use,"{""Collection Mode"": {""endIndexInSegment"": 78, ""startIndexInSegment"": 45, ""selectedText"": ""When visiting RestaurantNews.com,"", ""value"": ""Implicit""}, ""Choice Scope"": {""endIndexInSegment"": -1, ""startIndexInSegment"": -1, ""value"": ""Unspecified""}, ""Action First-Party"": {""endIndexInSegment"": 132, ""startIndexInSegment"": 45, ""selectedText"": ""When visiting RestaurantNews.com, the IP address used to access the site will be logged"", ""value"": ""Collect on website""}, ""Personal Information Type"": {""endIndexInSegment"": 93, ""startIndexInSegment"": 83, ""selectedText"": ""IP address"", ""value"": ""IP address and device IDs""}, ""Choice Type"": {""endIndexInSegment"": -1, ""startIndexInSegment"": -1, ""value"": ""Unspecified""}, ""Identifiability"": {""endIndexInSegment"": 425, ""startIndexInSegment"": 375, ""selectedText"": ""not linked to personally identifiable information."", ""value"": ""Other""}, ""Does/Does Not"": {""endIndexInSegment"": 132, ""startIndexInSegment"": 126, ""selectedText"": ""logged"", ""value"": ""Does""}, ""User Type"": {""endIndexInSegment"": -1, ""startIndexInSegment"": -1, ""value"": ""Unspecified""}, ""Purpose"": {""endIndexInSegment"": 225, ""startIndexInSegment"": 210, ""selectedText"": ""analyze trends,"", ""value"": ""Analytics/Research""}}",7/31/10,http://www.restaurantnews.com/privacy-policy/
14963,test_category_labeling_highlight_upitt,95,3738,5,First Party Collection/Use,"{""Collection Mode"": {""endIndexInSegment"": 78, ""startIndexInSegment"": 45, ""selectedText"": ""When visiting RestaurantNews.com,"", ""value"": ""Implicit""}, ""Choice Scope"": {""endIndexInSegment"": -1, ""startIndexInSegment"": -1, ""value"": ""Unspecified""}, ""Action First-Party"": {""endIndexInSegment"": 132, ""startIndexInSegment"": 45, ""selectedText"": ""When visiting RestaurantNews.com, the IP address used to access the site will be logged"", ""value"": ""Collect on website""}, ""Personal Information Type"": {""endIndexInSegment"": 93, ""startIndexInSegment"": 83, ""selectedText"": ""IP address"", ""value"": ""IP address and device IDs""}, ""Choice Type"": {""endIndexInSegment"": -1, ""startIndexInSegment"": -1, ""value"": ""Unspecified""}, ""Identifiability"": {""endIndexInSegment"": 425, ""startIndexInSegment"": 375, ""selectedText"": ""not linked to personally identifiable information."", ""value"": ""Other""}, ""Does/Does Not"": {""endIndexInSegment"": 132, ""startIndexInSegment"": 126, ""selectedText"": ""logged"", ""value"": ""Does""}, ""User Type"": {""endIndexInSegment"": -1, ""startIndexInSegment"": -1, ""value"": ""Unspecified""}, ""Purpose"": {""endIndexInSegment"": 245, ""startIndexInSegment"": 226, ""selectedText"": ""administer the site"", ""value"": ""Service Operation and Security""}}",7/31/10,http://www.restaurantnews.com/privacy-policy/
14964,test_category_labeling_highlight_upitt,95,3738,5,First Party Collection/Use,"{""Collection Mode"": {""endIndexInSegment"": 78, ""startIndexInSegment"": 45, ""selectedText"": ""When visiting RestaurantNews.com,"", ""value"": ""Implicit""}, ""Choice Scope"": {""endIndexInSegment"": -1, ""startIndexInSegment"": -1, ""value"": ""Unspecified""}, ""Action First-Party"": {""endIndexInSegment"": 132, ""startIndexInSegment"": 45, ""selectedText"": ""When visiting RestaurantNews.com, the IP address used to access the site will be logged"", ""value"": ""Collect on website""}, ""Personal Information Type"": {""endIndexInSegment"": 173, ""startIndexInSegment"": 148, ""selectedText"": ""dates and times of access"", ""value"": ""Computer information""}, ""Choice Type"": {""endIndexInSegment"": -1, ""startIndexInSegment"": -1, ""value"": ""Unspecified""}, ""Identifiability"": {""endIndexInSegment"": 425, ""startIndexInSegment"": 375, ""selectedText"": ""not linked to personally identifiable information."", ""value"": ""Other""}, ""Does/Does Not"": {""endIndexInSegment"": 132, ""startIndexInSegment"": 126, ""selectedText"": ""logged"", ""value"": ""Does""}, ""User Type"": {""endIndexInSegment"": -1, ""startIndexInSegment"": -1, ""value"": ""Unspecified""}, ""Purpose"": {""endIndexInSegment"": 225, ""startIndexInSegment"": 210, ""selectedText"": ""analyze trends,"", ""value"": ""Analytics/Research""}}",7/31/10,http://www.restaurantnews.com/privacy-policy/
14965,test_category_labeling_highlight_upitt,95,3738,5,First Party Collection/Use,"{""Collection Mode"": {""endIndexInSegment"": 78, ""startIndexInSegment"": 45, ""selectedText"": ""When visiting RestaurantNews.com,"", ""value"": ""Implicit""}, ""Choice Scope"": {""endIndexInSegment"": -1, ""startIndexInSegment"": -1, ""value"": ""Unspecified""}, ""Action First-Party"": {""endIndexInSegment"": 132, ""startIndexInSegment"": 45, ""selectedText"": ""When visiting RestaurantNews.com, the IP address used to access the site will be logged"", ""value"": ""Collect on website""}, ""Personal Information Type"": {""endIndexInSegment"": 173, ""startIndexInSegment"": 148, ""selectedText"": ""dates and times of access"", ""value"": ""Computer information""}, ""Choice Type"": {""endIndexInSegment"": -1, ""startIndexInSegment"": -1, ""value"": ""Unspecified""}, ""Identifiability"": {""endIndexInSegment"": 425, ""startIndexInSegment"": 375, ""selectedText"": ""not linked to personally identifiable information."", ""value"": ""Other""}, ""Does/Does Not"": {""endIndexInSegment"": 132, ""startIndexInSegment"": 126, ""selectedText"": ""logged"", ""value"": ""Does""}, ""User Type"": {""endIndexInSegment"": -1, ""startIndexInSegment"": -1, ""value"": ""Unspecified""}, ""Purpose"": {""endIndexInSegment"": 245, ""startIndexInSegment"": 226, ""selectedText"": ""administer the site"", ""value"": ""Service Operation and Security""}}",7/31/10,http://www.restaurantnews.com/privacy-policy/
24607,test_category_labeling_highlight_fordham_ddddd,118,3738,5,First Party Collection/Use,"{""Collection Mode"": {""selectedText"": ""When visiting RestaurantNews.com, the IP address used to access the site will be logged along with the dates and times of access."", ""startIndexInSegment"": 45, ""endIndexInSegment"": 174, ""value"": ""Implicit""}, ""Choice Scope"": {""selectedText"": ""Not selected"", ""startIndexInSegment"": -1, ""endIndexInSegment"": -1, ""value"": ""Unspecified""}, ""Action First-Party"": {""selectedText"": ""RestaurantNews.com,"", ""startIndexInSegment"": 59, ""endIndexInSegment"": 78, ""value"": ""Collect on website""}, ""Personal Information Type"": {""selectedText"": ""the IP address used to access the site"", ""startIndexInSegment"": 79, ""endIndexInSegment"": 117, ""value"": ""IP address and device IDs""}, ""Choice Type"": {""selectedText"": ""Not selected"", ""startIndexInSegment"": -1, ""endIndexInSegment"": -1, ""value"": ""Unspecified""}, ""Identifiability"": {""selectedText"": ""Most importantly, any recorded IP addresses are not linked to personally identifiable information."", ""startIndexInSegment"": 327, ""endIndexInSegment"": 425, ""value"": ""Aggregated or anonymized""}, ""Does/Does Not"": {""selectedText"": ""will be logged"", ""startIndexInSegment"": 118, ""endIndexInSegment"": 132, ""value"": ""Does""}, ""User Type"": {""selectedText"": ""Not selected"", ""startIndexInSegment"": -1, ""endIndexInSegment"": -1, ""value"": ""Unspecified""}, ""Purpose"": {""selectedText"": ""This information is purely used to analyze trends,"", ""startIndexInSegment"": 175, ""endIndexInSegment"": 225, ""value"": ""Analytics/Research""}}",7/31/10,http://www.restaurantnews.com/privacy-policy/
24608,test_category_labeling_highlight_fordham_ddddd,118,3738,5,First Party Collection/Use,"{""Collection Mode"": {""selectedText"": ""When visiting RestaurantNews.com, the IP address used to access the site will be logged along with the dates and times of access."", ""startIndexInSegment"": 45, ""endIndexInSegment"": 174, ""value"": ""Implicit""}, ""Choice Scope"": {""selectedText"": ""Not selected"", ""startIndexInSegment"": -1, ""endIndexInSegment"": -1, ""value"": ""Unspecified""}, ""Action First-Party"": {""selectedText"": ""RestaurantNews.com,"", ""startIndexInSegment"": 59, ""endIndexInSegment"": 78, ""value"": ""Collect on website""}, ""Personal Information Type"": {""selectedText"": ""the dates and times of access."", ""startIndexInSegment"": 144, ""endIndexInSegment"": 174, ""value"": ""User online activities""}, ""Choice Type"": {""selectedText"": ""Not selected"", ""startIndexInSegment"": -1, ""endIndexInSegment"": -1, ""value"": ""Unspecified""}, ""Identifiability"": {""selectedText"": ""Most importantly, any recorded IP addresses are not linked to personally identifiable information."", ""startIndexInSegment"": 327, ""endIndexInSegment"": 425, ""value"": ""Aggregated or anonymized""}, ""Does/Does Not"": {""selectedText"": ""will be logged"", ""startIndexInSegment"": 118, ""endIndexInSegment"": 132, ""value"": ""Does""}, ""User Type"": {""selectedText"": ""Not selected"", ""startIndexInSegment"": -1, ""endIndexInSegment"": -1, ""value"": ""Unspecified""}, ""Purpose"": {""selectedText"": ""This information is purely used to analyze trends,"", ""startIndexInSegment"": 175, ""endIndexInSegment"": 225, ""value"": ""Analytics/Research""}}",7/31/10,http://www.restaurantnews.com/privacy-policy/
24609,test_category_labeling_highlight_fordham_ddddd,118,3738,5,First Party Collection/Use,"{""Collection Mode"": {""selectedText"": ""When visiting RestaurantNews.com, the IP address used to access the site will be logged along with the dates and times of access."", ""startIndexInSegment"": 45, ""endIndexInSegment"": 174, ""value"": ""Implicit""}, ""Choice Scope"": {""selectedText"": ""Not selected"", ""startIndexInSegment"": -1, ""endIndexInSegment"": -1, ""value"": ""Unspecified""}, ""Action First-Party"": {""selectedText"": ""RestaurantNews.com,"", ""startIndexInSegment"": 59, ""endIndexInSegment"": 78, ""value"": ""Collect on website""}, ""Personal Information Type"": {""selectedText"": ""the IP address used to access the site"", ""startIndexInSegment"": 79, ""endIndexInSegment"": 117, ""value"": ""IP address and device IDs""}, ""Choice Type"": {""selectedText"": ""Not selected"", ""startIndexInSegment"": -1, ""endIndexInSegment"": -1, ""value"": ""Unspecified""}, ""Identifiability"": {""selectedText"": ""Most importantly, any recorded IP addresses are not linked to personally identifiable information."", ""startIndexInSegment"": 327, ""endIndexInSegment"": 425, ""value"": ""Aggregated or anonymized""}, ""Does/Does Not"": {""selectedText"": ""will be logged"", ""startIndexInSegment"": 118, ""endIndexInSegment"": 132, ""value"": ""Does""}, ""User Type"": {""selectedText"": ""Not selected"", ""startIndexInSegment"": -1, ""endIndexInSegment"": -1, ""value"": ""Unspecified""}, ""Purpose"": {""selectedText"": ""administer the site,"", ""startIndexInSegment"": 226, ""endIndexInSegment"": 246, ""value"": ""Service Operation and Security""}}",7/31/10,http://www.restaurantnews.com/privacy-policy/
24610,test_category_labeling_highlight_fordham_ddddd,118,3738,5,First Party Collection/Use,"{""Collection Mode"": {""selectedText"": ""When visiting RestaurantNews.com, the IP address used to access the site will be logged along with the dates and times of access."", ""startIndexInSegment"": 45, ""endIndexInSegment"": 174, ""value"": ""Implicit""}, ""Choice Scope"": {""selectedText"": ""Not selected"", ""startIndexInSegment"": -1, ""endIndexInSegment"": -1, ""value"": ""Unspecified""}, ""Action First-Party"": {""selectedText"": ""RestaurantNews.com,"", ""startIndexInSegment"": 59, ""endIndexInSegment"": 78, ""value"": ""Collect on website""}, ""Personal Information Type"": {""selectedText"": ""the dates and times of access."", ""startIndexInSegment"": 144, ""endIndexInSegment"": 174, ""value"": ""User online activities""}, ""Choice Type"": {""selectedText"": ""Not selected"", ""startIndexInSegment"": -1, ""endIndexInSegment"": -1, ""value"": ""Unspecified""}, ""Identifiability"": {""selectedText"": ""Most importantly, any recorded IP addresses are not linked to personally identifiable information."", ""startIndexInSegment"": 327, ""endIndexInSegment"": 425, ""value"": ""Aggregated or anonymized""}, ""Does/Does Not"": {""selectedText"": ""will be logged"", ""startIndexInSegment"": 118, ""endIndexInSegment"": 132, ""value"": ""Does""}, ""User Type"": {""selectedText"": ""Not selected"", ""startIndexInSegment"": -1, ""endIndexInSegment"": -1, ""value"": ""Unspecified""}, ""Purpose"": {""selectedText"": ""administer the site,"", ""startIndexInSegment"": 226, ""endIndexInSegment"": 246, ""value"": ""Service Operation and Security""}}",7/31/10,http://www.restaurantnews.com/privacy-policy/
24611,test_category_labeling_highlight_fordham_ddddd,118,3738,5,First Party Collection/Use,"{""Collection Mode"": {""selectedText"": ""When visiting RestaurantNews.com, the IP address used to access the site will be logged along with the dates and times of access."", ""startIndexInSegment"": 45, ""endIndexInSegment"": 174, ""value"": ""Implicit""}, ""Choice Scope"": {""selectedText"": ""Not selected"", ""startIndexInSegment"": -1, ""endIndexInSegment"": -1, ""value"": ""Unspecified""}, ""Action First-Party"": {""selectedText"": ""RestaurantNews.com,"", ""startIndexInSegment"": 59, ""endIndexInSegment"": 78, ""value"": ""Collect on website""}, ""Personal Information Type"": {""selectedText"": ""gather broad demographic information"", ""startIndexInSegment"": 272, ""endIndexInSegment"": 308, ""value"": ""Demographic""}, ""Choice Type"": {""selectedText"": ""Not selected"", ""startIndexInSegment"": -1, ""endIndexInSegment"": -1, ""value"": ""Unspecified""}, ""Identifiability"": {""selectedText"": ""Most importantly, any recorded IP addresses are not linked to personally identifiable information."", ""startIndexInSegment"": 327, ""endIndexInSegment"": 425, ""value"": ""Aggregated or anonymized""}, ""Does/Does Not"": {""selectedText"": ""will be logged"", ""startIndexInSegment"": 118, ""endIndexInSegment"": 132, ""value"": ""Does""}, ""User Type"": {""selectedText"": ""Not selected"", ""startIndexInSegment"": -1, ""endIndexInSegment"": -1, ""value"": ""Unspecified""}, ""Purpose"": {""selectedText"": ""for internal use."", ""startIndexInSegment"": 309, ""endIndexInSegment"": 326, ""value"": ""Unspecified""}}",7/31/10,http://www.restaurantnews.com/privacy-policy/
C1265,test_category_labeling_highlight_upitt,103,3738,6,Other,"{""Other Type"": {""endIndexInSegment"": 256, ""startIndexInSegment"": 0, ""selectedText"": ""Links to third party Websites We have included links on this site for your use and reference. We are not responsible for the privacy policies on these websites. You should be aware that the privacy policies of these sites may differ from our own."", ""value"": ""Introductory/Generic""}}",7/31/10,http://www.restaurantnews.com/privacy-policy/
24612,test_category_labeling_highlight_fordham_ddddd,118,3738,6,Other,"{""Other Type"": {""selectedText"": ""We have included links on this site for your use and reference. We are not responsible for the privacy policies on these websites. You should be aware that the privacy policies of these sites may differ from our own."", ""startIndexInSegment"": 40, ""endIndexInSegment"": 256, ""value"": ""Practice not covered""}}",7/31/10,http://www.restaurantnews.com/privacy-policy/
13750,test_category_labeling_highlight_upitt,103,3738,7,Policy Change,"{""Change Type"": {""endIndexInSegment"": 121, ""startIndexInSegment"": 0, ""selectedText"": ""Changes to this Privacy Statement The contents of this statement may be altered at any time, at our discretion."", ""value"": ""Unspecified""}, ""User Choice"": {""endIndexInSegment"": -1, ""startIndexInSegment"": -1, ""value"": ""Unspecified""}, ""Notification Type"": {""endIndexInSegment"": -1, ""startIndexInSegment"": -1, ""value"": ""Unspecified""}}",7/31/10,http://www.restaurantnews.com/privacy-policy/
14967,test_category_labeling_highlight_upitt,95,3738,7,Policy Change,"{""Change Type"": {""endIndexInSegment"": 33, ""startIndexInSegment"": 0, ""selectedText"": ""Changes to this Privacy Statement"", ""value"": ""Privacy relevant change""}, ""User Choice"": {""endIndexInSegment"": -1, ""startIndexInSegment"": -1, ""value"": ""Unspecified""}, ""Notification Type"": {""endIndexInSegment"": 121, ""startIndexInSegment"": 44, ""selectedText"": ""The contents of this statement may be altered at any time, at our discretion."", ""value"": ""Unspecified""}}",7/31/10,http://www.restaurantnews.com/privacy-policy/
24613,test_category_labeling_highlight_fordham_ddddd,118,3738,7,Policy Change,"{""Change Type"": {""selectedText"": ""The contents of this statement may be altered at any time, at our discretion."", ""startIndexInSegment"": 44, ""endIndexInSegment"": 121, ""value"": ""Unspecified""}, ""User Choice"": {""selectedText"": ""Not selected"", ""startIndexInSegment"": -1, ""endIndexInSegment"": -1, ""value"": ""Unspecified""}, ""Notification Type"": {""selectedText"": ""Not selected"", ""startIndexInSegment"": -1, ""endIndexInSegment"": -1, ""value"": ""Unspecified""}}",7/31/10,http://www.restaurantnews.com/privacy-policy/
C1266,test_category_labeling_highlight_upitt,95,3738,8,Other,"{""Other Type"": {""endIndexInSegment"": 127, ""startIndexInSegment"": 0, ""selectedText"": ""If you have any questions regarding the privacy policy of RestaurantNews.com then you may contact us at troy@restaurantnews.com"", ""value"": ""Privacy contact information""}}",7/31/10,http://www.restaurantnews.com/privacy-policy/
C1267,test_category_labeling_highlight_upitt,95,3738,9,Other,"{""Other Type"": {""endIndexInSegment"": 35, ""startIndexInSegment"": 0, ""selectedText"": ""Last updated Sat, 31 Jul 2010 06:31"", ""value"": ""Introductory/Generic""}}",7/31/10,http://www.restaurantnews.com/privacy-policy/
